Timestamp_ISO,Tiempo_Relativo_s,Placa_ID,Ronda,Etapa_Num,Etapa_Nombre,Etapa_Tiempo_s,Etapa_Duracion_s,Corriente_Target_A,Modo_Corriente,Temp_SP_Target_C,T1_Limpieza_Temp_C,T1_Limpieza_SP_C,T1_Limpieza_Activo,T1_TRIAC_Potencia_Pct,T1_TRIAC_Alpha_Deg,T1_TRIAC_Delay_us,T1_TRIAC_Watts_W,T2_Decapado_Temp_C,T2_Decapado_SP_C,T2_Decapado_Activo,T2_TRIAC_Potencia_Pct,T2_TRIAC_Alpha_Deg,T2_TRIAC_Delay_us,T2_TRIAC_Watts_W,T3_CeldaHull_Temp_C,T3_CeldaHull_SP_C,T3_CeldaHull_Activo,T3_TRIAC_Potencia_Pct,T3_TRIAC_Alpha_Deg,T3_TRIAC_Delay_us,T3_TRIAC_Watts_W,T4_Niquelado_Temp_C,T4_Niquelado_SP_C,T4_Niquelado_Activo,T4_TRIAC_Potencia_Pct,T4_TRIAC_Alpha_Deg,T4_TRIAC_Delay_us,T4_TRIAC_Watts_W,pH_Tina1,pH_Tina2,pH_Modulo_Activo,pH_Modo_Cal_T1,pH_Modo_Cal_T2,pH_Slope_Pct_T1,pH_Slope_Pct_T2,pH_Interlock_Activo,Fuente_Activa,Fuente_Modo_Pulsado,Fuente_Corriente_Consigna_A,Fuente_Corriente_Real_A,Fuente_Corriente_Shunt1_A,Fuente_Corriente_Shunt2_A,Fuente_Voltaje_Shunt1_V,Fuente_Voltaje_Shunt2_V,Fuente_Factor_Gm,Fuente_Compensacion_Activa,Fuente_Rele_VDD,Fuente_Amplitud_DAC,Fuente_Frecuencia_Hz,Fuente_DutyCycle_Pct,Fuente_PI_Estado,Fuente_Salud_Celda,Carga_Acumulada_Coulombs,Masa_Teorica_Faraday_mg,Energia_Termica_Wh,Ambiente_Temp_C,Ambiente_Humedad_Pct,Ambiente_Presion_hPa
2026-09-16T15:44:16,1.0,1,Ronda 1,1,Limpieza Química,0,120,0.0,DC,85.0,85.1,85.0,1,55.0,95.0,4400,247.5,24.0,0.0,0,0.0,105.0,4800,0.0,24.0,0.0,0,0.0,130.0,6000,0.0,24.0,0.0,0,0.0,120.0,5500,0.0,2.05,4.15,0,2,2,98.5,97.9,0,0,0,0.0,0.0,0.0,0.0,0.0,0.0,1.0025,1,0,0,0,0,0,0,0.0,0.0,0.069,24.3,52.0,1013.1
2026-09-16T15:44:16,2.0,1,Ronda 1,1,Limpieza Química,1,120,0.0,DC,85.0,85.1,85.0,1,55.0,95.0,4400,247.5,24.0,0.0,0,0.0,105.0,4800,0.0,24.0,0.0,0,0.0,130.0,6000,0.0,24.0,0.0,0,0.0,120.0,5500,0.0,2.05,4.15,0,2,2,98.5,97.9,0,0,0,0.0,0.0,0.0,0.0,0.0,0.0,1.0025,1,0,0,0,0,0,0,0.0,0.0,0.138,24.3,52.0,1013.1
2026-09-16T15:44:16,3.0,1,Ronda 1,1,Limpieza Química,2,120,0.0,DC,85.0,84.9,85.0,1,55.0,95.0,4400,247.5,24.0,0.0,0,0.0,105.0,4800,0.0,24.0,0.0,0,0.0,130.0,6000,0.0,24.0,0.0,0,0.0,120.0,5500,0.0,2.05,4.15,0,2,2,98.5,97.9,0,0,0,0.0,0.0,0.0,0.0,0.0,0.0,1.0025,1,0,0,0,0,0,0,0.0,0.0,0.206,24.3,52.0,1013.1
2026-09-16T15:44:16,4.0,1,Ronda 1,1,Limpieza Química,3,120,0.0,DC,85.0,84.9,85.0,1,55.0,95.0,4400,247.5,24.0,0.0,0,0.0,105.0,4800,0.0,24.0,0.0,0,0.0,130.0,6000,0.0,24.0,0.0,0,0.0,120.0,5500,0.0,2.05,4.15,0,2,2,98.5,97.9,0,0,0,0.0,0.0,0.0,0.0,0.0,0.0,1.0025,1,0,0,0,0,0,0,0.0,0.0,0.275,24.3,52.0,1013.1
2026-09-16T15:44:16,5.0,1,Ronda 1,1,Limpieza Química,4,120,0.0,DC,85.0,85.3,85.0,1,55.0,95.0,4400,247.5,24.0,0.0,0,0.0,105.0,4800,0.0,24.0,0.0,0,0.0,130.0,6000,0.0,24.0,0.0,0,0.0,120.0,5500,0.0,2.05,4.15,0,2,2,98.5,97.9,0,0,0,0.0,0.0,0.0,0.0,0.0,0.0,1.0025,1,0,0,0,0,0,0,0.0,0.0,0.344,24.3,52.0,1013.1
2026-09-16T15:44:16,6.0,1,Ronda 1,1,Limpieza Química,5,120,0.0,DC,85.0,84.4,85.0,1,55.0,95.0,4400,247.5,24.0,0.0,0,0.0,105.0,4800,0.0,24.0,0.0,0,0.0,130.0,6000,0.0,24.0,0.0,0,0.0,120.0,5500,0.0,2.05,4.15,0,2,2,98.5,97.9,0,0,0,0.0,0.0,0.0,0.0,0.0,0.0,1.0025,1,0,0,0,0,0,0,0.0,0.0,0.412,24.3,52.0,1013.1
2026-09-16T15:44:16,7.0,1,Ronda 1,1,Limpieza Química,6,120,0.0,DC,85.0,85.0,85.0,1,55.0,95.0,4400,247.5,24.0,0.0,0,0.0,105.0,4800,0.0,24.0,0.0,0,0.0,130.0,6000,0.0,24.0,0.0,0,0.0,120.0,5500,0.0,2.05,4.15,0,2,2,98.5,97.9,0,0,0,0.0,0.0,0.0,0.0,0.0,0.0,1.0025,1,0,0,0,0,0,0,0.0,0.0,0.481,24.3,52.0,1013.1
2026-09-16T15:44:16,8.0,1,Ronda 1,1,Limpieza Química,7,120,0.0,DC,85.0,84.7,85.0,1,55.0,95.0,4400,247.5,24.0,0.0,0,0.0,105.0,4800,0.0,24.0,0.0,0,0.0,130.0,6000,0.0,24.0,0.0,0,0.0,120.0,5500,0.0,2.05,4.15,0,2,2,98.5,97.9,0,0,0,0.0,0.0,0.0,0.0,0.0,0.0,1.0025,1,0,0,0,0,0,0,0.0,0.0,0.55,24.3,52.0,1013.1
2026-09-16T15:44:16,9.0,1,Ronda 1,1,Limpieza Química,8,120,0.0,DC,85.0,85.1,85.0,1,55.0,95.0,4400,247.5,24.0,0.0,0,0.0,105.0,4800,0.0,24.0,0.0,0,0.0,130.0,6000,0.0,24.0,0.0,0,0.0,120.0,5500,0.0,2.05,4.15,0,2,2,98.5,97.9,0,0,0,0.0,0.0,0.0,0.0,0.0,0.0,1.0025,1,0,0,0,0,0,0,0.0,0.0,0.619,24.3,52.0,1013.1
2026-09-16T15:44:16,10.0,1,Ronda 1,1,Limpieza Química,9,120,0.0,DC,85.0,84.9,85.0,1,55.0,95.0,4400,247.5,24.0,0.0,0,0.0,105.0,4800,0.0,24.0,0.0,0,0.0,130.0,6000,0.0,24.0,0.0,0,0.0,120.0,5500,0.0,2.05,4.15,0,2,2,98.5,97.9,0,0,0,0.0,0.0,0.0,0.0,0.0,0.0,1.0025,1,0,0,0,0,0,0,0.0,0.0,0.687,24.3,52.0,1013.1
2026-09-16T15:44:16,11.0,1,Ronda 1,1,Limpieza Química,10,120,0.0,DC,85.0,85.0,85.0,1,55.0,95.0,4400,247.5,24.0,0.0,0,0.0,105.0,4800,0.0,24.0,0.0,0,0.0,130.0,6000,0.0,24.0,0.0,0,0.0,120.0,5500,0.0,2.05,4.15,0,2,2,98.5,97.9,0,0,0,0.0,0.0,0.0,0.0,0.0,0.0,1.0025,1,0,0,0,0,0,0,0.0,0.0,0.756,24.4,52.0,1013.1
2026-09-16T15:44:16,12.0,1,Ronda 1,1,Limpieza Química,11,120,0.0,DC,85.0,85.3,85.0,1,55.0,95.0,4400,247.5,24.0,0.0,0,0.0,105.0,4800,0.0,24.0,0.0,0,0.0,130.0,6000,0.0,24.0,0.0,0,0.0,120.0,5500,0.0,2.05,4.15,0,2,2,98.5,97.9,0,0,0,0.0,0.0,0.0,0.0,0.0,0.0,1.0025,1,0,0,0,0,0,0,0.0,0.0,0.825,24.4,52.0,1013.1
2026-09-16T15:44:16,13.0,1,Ronda 1,1,Limpieza Química,12,120,0.0,DC,85.0,85.1,85.0,1,55.0,95.0,4400,247.5,24.0,0.0,0,0.0,105.0,4800,0.0,24.0,0.0,0,0.0,130.0,6000,0.0,24.0,0.0,0,0.0,120.0,5500,0.0,2.05,4.15,0,2,2,98.5,97.9,0,0,0,0.0,0.0,0.0,0.0,0.0,0.0,1.0025,1,0,0,0,0,0,0,0.0,0.0,0.894,24.4,51.9,1013.1
2026-09-16T15:44:16,14.0,1,Ronda 1,1,Limpieza Química,13,120,0.0,DC,85.0,85.0,85.0,1,55.0,95.0,4400,247.5,24.0,0.0,0,0.0,105.0,4800,0.0,24.0,0.0,0,0.0,130.0,6000,0.0,24.0,0.0,0,0.0,120.0,5500,0.0,2.05,4.15,0,2,2,98.5,97.9,0,0,0,0.0,0.0,0.0,0.0,0.0,0.0,1.0025,1,0,0,0,0,0,0,0.0,0.0,0.962,24.4,51.9,1013.1
2026-09-16T15:44:16,15.0,1,Ronda 1,1,Limpieza Química,14,120,0.0,DC,85.0,84.8,85.0,1,55.0,95.0,4400,247.5,24.0,0.0,0,0.0,105.0,4800,0.0,24.0,0.0,0,0.0,130.0,6000,0.0,24.0,0.0,0,0.0,120.0,5500,0.0,2.05,4.15,0,2,2,98.5,97.9,0,0,0,0.0,0.0,0.0,0.0,0.0,0.0,1.0025,1,0,0,0,0,0,0,0.0,0.0,1.031,24.4,51.9,1013.1
2026-09-16T15:44:16,16.0,1,Ronda 1,1,Limpieza Química,15,120,0.0,DC,85.0,85.0,85.0,1,55.0,95.0,4400,247.5,24.0,0.0,0,0.0,105.0,4800,0.0,24.0,0.0,0,0.0,130.0,6000,0.0,24.0,0.0,0,0.0,120.0,5500,0.0,2.05,4.15,0,2,2,98.5,97.9,0,0,0,0.0,0.0,0.0,0.0,0.0,0.0,1.0025,1,0,0,0,0,0,0,0.0,0.0,1.1,24.4,51.9,1013.1
2026-09-16T15:44:16,17.0,1,Ronda 1,1,Limpieza Química,16,120,0.0,DC,85.0,85.1,85.0,1,55.0,95.0,4400,247.5,24.0,0.0,0,0.0,105.0,4800,0.0,24.0,0.0,0,0.0,130.0,6000,0.0,24.0,0.0,0,0.0,120.0,5500,0.0,2.05,4.15,0,2,2,98.5,97.9,0,0,0,0.0,0.0,0.0,0.0,0.0,0.0,1.0025,1,0,0,0,0,0,0,0.0,0.0,1.169,24.4,51.9,1013.1
2026-09-16T15:44:16,18.0,1,Ronda 1,1,Limpieza Química,17,120,0.0,DC,85.0,84.8,85.0,1,55.0,95.0,4400,247.5,24.0,0.0,0,0.0,105.0,4800,0.0,24.0,0.0,0,0.0,130.0,6000,0.0,24.0,0.0,0,0.0,120.0,5500,0.0,2.05,4.15,0,2,2,98.5,97.9,0,0,0,0.0,0.0,0.0,0.0,0.0,0.0,1.0025,1,0,0,0,0,0,0,0.0,0.0,1.238,24.4,51.9,1013.1
2026-09-16T15:44:16,19.0,1,Ronda 1,1,Limpieza Química,18,120,0.0,DC,85.0,84.7,85.0,1,55.0,95.0,4400,247.5,24.0,0.0,0,0.0,105.0,4800,0.0,24.0,0.0,0,0.0,130.0,6000,0.0,24.0,0.0,0,0.0,120.0,5500,0.0,2.05,4.15,0,2,2,98.5,97.9,0,0,0,0.0,0.0,0.0,0.0,0.0,0.0,1.0025,1,0,0,0,0,0,0,0.0,0.0,1.306,24.4,51.9,1013.1
2026-09-16T15:44:16,20.0,1,Ronda 1,1,Limpieza Química,19,120,0.0,DC,85.0,85.3,85.0,1,55.0,95.0,4400,247.5,24.0,0.0,0,0.0,105.0,4800,0.0,24.0,0.0,0,0.0,130.0,6000,0.0,24.0,0.0,0,0.0,120.0,5500,0.0,2.05,4.15,0,2,2,98.5,97.9,0,0,0,0.0,0.0,0.0,0.0,0.0,0.0,1.0025,1,0,0,0,0,0,0,0.0,0.0,1.375,24.4,51.9,1013.1
2026-09-16T15:44:16,21.0,1,Ronda 1,1,Limpieza Química,20,120,0.0,DC,85.0,84.8,85.0,1,55.0,95.0,4400,247.5,24.0,0.0,0,0.0,105.0,4800,0.0,24.0,0.0,0,0.0,130.0,6000,0.0,24.0,0.0,0,0.0,120.0,5500,0.0,2.05,4.15,0,2,2,98.5,97.9,0,0,0,0.0,0.0,0.0,0.0,0.0,0.0,1.0025,1,0,0,0,0,0,0,0.0,0.0,1.444,24.4,51.9,1013.1
2026-09-16T15:44:16,22.0,1,Ronda 1,1,Limpieza Química,21,120,0.0,DC,85.0,85.0,85.0,1,55.0,95.0,4400,247.5,24.0,0.0,0,0.0,105.0,4800,0.0,24.0,0.0,0,0.0,130.0,6000,0.0,24.0,0.0,0,0.0,120.0,5500,0.0,2.05,4.15,0,2,2,98.5,97.9,0,0,0,0.0,0.0,0.0,0.0,0.0,0.0,1.0025,1,0,0,0,0,0,0,0.0,0.0,1.513,24.4,51.9,1013.1
2026-09-16T15:44:16,23.0,1,Ronda 1,1,Limpieza Química,22,120,0.0,DC,85.0,85.2,85.0,1,55.0,95.0,4400,247.5,24.0,0.0,0,0.0,105.0,4800,0.0,24.0,0.0,0,0.0,130.0,6000,0.0,24.0,0.0,0,0.0,120.0,5500,0.0,2.05,4.15,0,2,2,98.5,97.9,0,0,0,0.0,0.0,0.0,0.0,0.0,0.0,1.0025,1,0,0,0,0,0,0,0.0,0.0,1.581,24.4,51.9,1013.1
2026-09-16T15:44:16,24.0,1,Ronda 1,1,Limpieza Química,23,120,0.0,DC,85.0,84.9,85.0,1,55.0,95.0,4400,247.5,24.0,0.0,0,0.0,105.0,4800,0.0,24.0,0.0,0,0.0,130.0,6000,0.0,24.0,0.0,0,0.0,120.0,5500,0.0,2.05,4.15,0,2,2,98.5,97.9,0,0,0,0.0,0.0,0.0,0.0,0.0,0.0,1.0025,1,0,0,0,0,0,0,0.0,0.0,1.65,24.4,51.9,1013.1
2026-09-16T15:44:16,25.0,1,Ronda 1,1,Limpieza Química,24,120,0.0,DC,85.0,84.9,85.0,1,55.0,95.0,4400,247.5,24.0,0.0,0,0.0,105.0,4800,0.0,24.0,0.0,0,0.0,130.0,6000,0.0,24.0,0.0,0,0.0,120.0,5500,0.0,2.05,4.15,0,2,2,98.5,97.9,0,0,0,0.0,0.0,0.0,0.0,0.0,0.0,1.0025,1,0,0,0,0,0,0,0.0,0.0,1.719,24.4,51.9,1013.1
2026-09-16T15:44:16,26.0,1,Ronda 1,1,Limpieza Química,25,120,0.0,DC,85.0,84.9,85.0,1,55.0,95.0,4400,247.5,24.0,0.0,0,0.0,105.0,4800,0.0,24.0,0.0,0,0.0,130.0,6000,0.0,24.0,0.0,0,0.0,120.0,5500,0.0,2.05,4.15,0,2,2,98.5,97.9,0,0,0,0.0,0.0,0.0,0.0,0.0,0.0,1.0025,1,0,0,0,0,0,0,0.0,0.0,1.788,24.4,51.9,1013.1
2026-09-16T15:44:16,27.0,1,Ronda 1,1,Limpieza Química,26,120,0.0,DC,85.0,84.9,85.0,1,55.0,95.0,4400,247.5,24.0,0.0,0,0.0,105.0,4800,0.0,24.0,0.0,0,0.0,130.0,6000,0.0,24.0,0.0,0,0.0,120.0,5500,0.0,2.05,4.15,0,2,2,98.5,97.9,0,0,0,0.0,0.0,0.0,0.0,0.0,0.0,1.0025,1,0,0,0,0,0,0,0.0,0.0,1.856,24.4,51.9,1013.1
2026-09-16T15:44:16,28.0,1,Ronda 1,1,Limpieza Química,27,120,0.0,DC,85.0,84.8,85.0,1,55.0,95.0,4400,247.5,24.0,0.0,0,0.0,105.0,4800,0.0,24.0,0.0,0,0.0,130.0,6000,0.0,24.0,0.0,0,0.0,120.0,5500,0.0,2.05,4.15,0,2,2,98.5,97.9,0,0,0,0.0,0.0,0.0,0.0,0.0,0.0,1.0025,1,0,0,0,0,0,0,0.0,0.0,1.925,24.4,51.9,1013.1
2026-09-16T15:44:16,29.0,1,Ronda 1,1,Limpieza Química,28,120,0.0,DC,85.0,84.7,85.0,1,55.0,95.0,4400,247.5,24.0,0.0,0,0.0,105.0,4800,0.0,24.0,0.0,0,0.0,130.0,6000,0.0,24.0,0.0,0,0.0,120.0,5500,0.0,2.05,4.15,0,2,2,98.5,97.9,0,0,0,0.0,0.0,0.0,0.0,0.0,0.0,1.0025,1,0,0,0,0,0,0,0.0,0.0,1.994,24.4,51.9,1013.1
2026-09-16T15:44:16,30.0,1,Ronda 1,1,Limpieza Química,29,120,0.0,DC,85.0,85.3,85.0,1,55.0,95.0,4400,247.5,24.0,0.0,0,0.0,105.0,4800,0.0,24.0,0.0,0,0.0,130.0,6000,0.0,24.0,0.0,0,0.0,120.0,5500,0.0,2.05,4.15,0,2,2,98.5,97.9,0,0,0,0.0,0.0,0.0,0.0,0.0,0.0,1.0025,1,0,0,0,0,0,0,0.0,0.0,2.063,24.4,51.9,1013.1
2026-09-16T15:44:16,31.0,1,Ronda 1,1,Limpieza Química,30,120,0.0,DC,85.0,85.2,85.0,1,55.0,95.0,4400,247.5,24.0,0.0,0,0.0,105.0,4800,0.0,24.0,0.0,0,0.0,130.0,6000,0.0,24.0,0.0,0,0.0,120.0,5500,0.0,2.05,4.15,0,2,2,98.5,97.9,0,0,0,0.0,0.0,0.0,0.0,0.0,0.0,1.0025,1,0,0,0,0,0,0,0.0,0.0,2.131,24.5,51.9,1013.1
2026-09-16T15:44:16,32.0,1,Ronda 1,1,Limpieza Química,31,120,0.0,DC,85.0,84.9,85.0,1,55.0,95.0,4400,247.5,24.0,0.0,0,0.0,105.0,4800,0.0,24.0,0.0,0,0.0,130.0,6000,0.0,24.0,0.0,0,0.0,120.0,5500,0.0,2.05,4.15,0,2,2,98.5,97.9,0,0,0,0.0,0.0,0.0,0.0,0.0,0.0,1.0025,1,0,0,0,0,0,0,0.0,0.0,2.2,24.5,51.9,1013.1
2026-09-16T15:44:16,33.0,1,Ronda 1,1,Limpieza Química,32,120,0.0,DC,85.0,85.1,85.0,1,55.0,95.0,4400,247.5,24.0,0.0,0,0.0,105.0,4800,0.0,24.0,0.0,0,0.0,130.0,6000,0.0,24.0,0.0,0,0.0,120.0,5500,0.0,2.05,4.15,0,2,2,98.5,97.9,0,0,0,0.0,0.0,0.0,0.0,0.0,0.0,1.0025,1,0,0,0,0,0,0,0.0,0.0,2.269,24.5,51.9,1013.1
2026-09-16T15:44:16,34.0,1,Ronda 1,1,Limpieza Química,33,120,0.0,DC,85.0,85.0,85.0,1,55.0,95.0,4400,247.5,24.0,0.0,0,0.0,105.0,4800,0.0,24.0,0.0,0,0.0,130.0,6000,0.0,24.0,0.0,0,0.0,120.0,5500,0.0,2.05,4.15,0,2,2,98.5,97.9,0,0,0,0.0,0.0,0.0,0.0,0.0,0.0,1.0025,1,0,0,0,0,0,0,0.0,0.0,2.338,24.5,51.9,1013.1
2026-09-16T15:44:16,35.0,1,Ronda 1,1,Limpieza Química,34,120,0.0,DC,85.0,85.1,85.0,1,55.0,95.0,4400,247.5,24.0,0.0,0,0.0,105.0,4800,0.0,24.0,0.0,0,0.0,130.0,6000,0.0,24.0,0.0,0,0.0,120.0,5500,0.0,2.05,4.15,0,2,2,98.5,97.9,0,0,0,0.0,0.0,0.0,0.0,0.0,0.0,1.0025,1,0,0,0,0,0,0,0.0,0.0,2.406,24.5,51.9,1013.1
2026-09-16T15:44:16,36.0,1,Ronda 1,1,Limpieza Química,35,120,0.0,DC,85.0,84.9,85.0,1,55.0,95.0,4400,247.5,24.0,0.0,0,0.0,105.0,4800,0.0,24.0,0.0,0,0.0,130.0,6000,0.0,24.0,0.0,0,0.0,120.0,5500,0.0,2.05,4.15,0,2,2,98.5,97.9,0,0,0,0.0,0.0,0.0,0.0,0.0,0.0,1.0025,1,0,0,0,0,0,0,0.0,0.0,2.475,24.5,51.9,1013.1
2026-09-16T15:44:16,37.0,1,Ronda 1,1,Limpieza Química,36,120,0.0,DC,85.0,84.7,85.0,1,55.0,95.0,4400,247.5,24.0,0.0,0,0.0,105.0,4800,0.0,24.0,0.0,0,0.0,130.0,6000,0.0,24.0,0.0,0,0.0,120.0,5500,0.0,2.05,4.15,0,2,2,98.5,97.9,0,0,0,0.0,0.0,0.0,0.0,0.0,0.0,1.0025,1,0,0,0,0,0,0,0.0,0.0,2.544,24.5,51.8,1013.1
2026-09-16T15:44:16,38.0,1,Ronda 1,1,Limpieza Química,37,120,0.0,DC,85.0,85.4,85.0,1,55.0,95.0,4400,247.5,24.0,0.0,0,0.0,105.0,4800,0.0,24.0,0.0,0,0.0,130.0,6000,0.0,24.0,0.0,0,0.0,120.0,5500,0.0,2.05,4.15,0,2,2,98.5,97.9,0,0,0,0.0,0.0,0.0,0.0,0.0,0.0,1.0025,1,0,0,0,0,0,0,0.0,0.0,2.613,24.5,51.8,1013.1
2026-09-16T15:44:16,39.0,1,Ronda 1,1,Limpieza Química,38,120,0.0,DC,85.0,85.2,85.0,1,55.0,95.0,4400,247.5,24.0,0.0,0,0.0,105.0,4800,0.0,24.0,0.0,0,0.0,130.0,6000,0.0,24.0,0.0,0,0.0,120.0,5500,0.0,2.05,4.15,0,2,2,98.5,97.9,0,0,0,0.0,0.0,0.0,0.0,0.0,0.0,1.0025,1,0,0,0,0,0,0,0.0,0.0,2.681,24.5,51.8,1013.1
2026-09-16T15:44:16,40.0,1,Ronda 1,1,Limpieza Química,39,120,0.0,DC,85.0,84.8,85.0,1,55.0,95.0,4400,247.5,24.0,0.0,0,0.0,105.0,4800,0.0,24.0,0.0,0,0.0,130.0,6000,0.0,24.0,0.0,0,0.0,120.0,5500,0.0,2.05,4.15,0,2,2,98.5,97.9,0,0,0,0.0,0.0,0.0,0.0,0.0,0.0,1.0025,1,0,0,0,0,0,0,0.0,0.0,2.75,24.5,51.8,1013.1
2026-09-16T15:44:16,41.0,1,Ronda 1,1,Limpieza Química,40,120,0.0,DC,85.0,85.4,85.0,1,55.0,95.0,4400,247.5,24.0,0.0,0,0.0,105.0,4800,0.0,24.0,0.0,0,0.0,130.0,6000,0.0,24.0,0.0,0,0.0,120.0,5500,0.0,2.05,4.15,0,2,2,98.5,97.9,0,0,0,0.0,0.0,0.0,0.0,0.0,0.0,1.0025,1,0,0,0,0,0,0,0.0,0.0,2.819,24.5,51.8,1013.1
2026-09-16T15:44:16,42.0,1,Ronda 1,1,Limpieza Química,41,120,0.0,DC,85.0,84.9,85.0,1,55.0,95.0,4400,247.5,24.0,0.0,0,0.0,105.0,4800,0.0,24.0,0.0,0,0.0,130.0,6000,0.0,24.0,0.0,0,0.0,120.0,5500,0.0,2.05,4.15,0,2,2,98.5,97.9,0,0,0,0.0,0.0,0.0,0.0,0.0,0.0,1.0025,1,0,0,0,0,0,0,0.0,0.0,2.888,24.5,51.8,1013.1
2026-09-16T15:44:16,43.0,1,Ronda 1,1,Limpieza Química,42,120,0.0,DC,85.0,85.0,85.0,1,55.0,95.0,4400,247.5,24.0,0.0,0,0.0,105.0,4800,0.0,24.0,0.0,0,0.0,130.0,6000,0.0,24.0,0.0,0,0.0,120.0,5500,0.0,2.05,4.15,0,2,2,98.5,97.9,0,0,0,0.0,0.0,0.0,0.0,0.0,0.0,1.0025,1,0,0,0,0,0,0,0.0,0.0,2.956,24.5,51.8,1013.1
2026-09-16T15:44:16,44.0,1,Ronda 1,1,Limpieza Química,43,120,0.0,DC,85.0,85.1,85.0,1,55.0,95.0,4400,247.5,24.0,0.0,0,0.0,105.0,4800,0.0,24.0,0.0,0,0.0,130.0,6000,0.0,24.0,0.0,0,0.0,120.0,5500,0.0,2.05,4.15,0,2,2,98.5,97.9,0,0,0,0.0,0.0,0.0,0.0,0.0,0.0,1.0025,1,0,0,0,0,0,0,0.0,0.0,3.025,24.5,51.8,1013.1
2026-09-16T15:44:16,45.0,1,Ronda 1,1,Limpieza Química,44,120,0.0,DC,85.0,84.8,85.0,1,55.0,95.0,4400,247.5,24.0,0.0,0,0.0,105.0,4800,0.0,24.0,0.0,0,0.0,130.0,6000,0.0,24.0,0.0,0,0.0,120.0,5500,0.0,2.05,4.15,0,2,2,98.5,97.9,0,0,0,0.0,0.0,0.0,0.0,0.0,0.0,1.0025,1,0,0,0,0,0,0,0.0,0.0,3.094,24.5,51.8,1013.1
2026-09-16T15:44:16,46.0,1,Ronda 1,1,Limpieza Química,45,120,0.0,DC,85.0,85.2,85.0,1,55.0,95.0,4400,247.5,24.0,0.0,0,0.0,105.0,4800,0.0,24.0,0.0,0,0.0,130.0,6000,0.0,24.0,0.0,0,0.0,120.0,5500,0.0,2.05,4.15,0,2,2,98.5,97.9,0,0,0,0.0,0.0,0.0,0.0,0.0,0.0,1.0025,1,0,0,0,0,0,0,0.0,0.0,3.163,24.5,51.8,1013.1
2026-09-16T15:44:16,47.0,1,Ronda 1,1,Limpieza Química,46,120,0.0,DC,85.0,84.9,85.0,1,55.0,95.0,4400,247.5,24.0,0.0,0,0.0,105.0,4800,0.0,24.0,0.0,0,0.0,130.0,6000,0.0,24.0,0.0,0,0.0,120.0,5500,0.0,2.05,4.15,0,2,2,98.5,97.9,0,0,0,0.0,0.0,0.0,0.0,0.0,0.0,1.0025,1,0,0,0,0,0,0,0.0,0.0,3.231,24.5,51.8,1013.1
2026-09-16T15:44:16,48.0,1,Ronda 1,1,Limpieza Química,47,120,0.0,DC,85.0,85.0,85.0,1,55.0,95.0,4400,247.5,24.0,0.0,0,0.0,105.0,4800,0.0,24.0,0.0,0,0.0,130.0,6000,0.0,24.0,0.0,0,0.0,120.0,5500,0.0,2.05,4.15,0,2,2,98.5,97.9,0,0,0,0.0,0.0,0.0,0.0,0.0,0.0,1.0025,1,0,0,0,0,0,0,0.0,0.0,3.3,24.5,51.8,1013.1
2026-09-16T15:44:16,49.0,1,Ronda 1,1,Limpieza Química,48,120,0.0,DC,85.0,85.2,85.0,1,55.0,95.0,4400,247.5,24.0,0.0,0,0.0,105.0,4800,0.0,24.0,0.0,0,0.0,130.0,6000,0.0,24.0,0.0,0,0.0,120.0,5500,0.0,2.05,4.15,0,2,2,98.5,97.9,0,0,0,0.0,0.0,0.0,0.0,0.0,0.0,1.0025,1,0,0,0,0,0,0,0.0,0.0,3.369,24.5,51.8,1013.1
2026-09-16T15:44:16,50.0,1,Ronda 1,1,Limpieza Química,49,120,0.0,DC,85.0,84.8,85.0,1,55.0,95.0,4400,247.5,24.0,0.0,0,0.0,105.0,4800,0.0,24.0,0.0,0,0.0,130.0,6000,0.0,24.0,0.0,0,0.0,120.0,5500,0.0,2.05,4.15,0,2,2,98.5,97.9,0,0,0,0.0,0.0,0.0,0.0,0.0,0.0,1.0025,1,0,0,0,0,0,0,0.0,0.0,3.438,24.5,51.8,1013.1
2026-09-16T15:44:16,51.0,1,Ronda 1,1,Limpieza Química,50,120,0.0,DC,85.0,85.1,85.0,1,55.0,95.0,4400,247.5,24.0,0.0,0,0.0,105.0,4800,0.0,24.0,0.0,0,0.0,130.0,6000,0.0,24.0,0.0,0,0.0,120.0,5500,0.0,2.05,4.15,0,2,2,98.5,97.9,0,0,0,0.0,0.0,0.0,0.0,0.0,0.0,1.0025,1,0,0,0,0,0,0,0.0,0.0,3.506,24.5,51.8,1013.1
2026-09-16T15:44:16,52.0,1,Ronda 1,1,Limpieza Química,51,120,0.0,DC,85.0,85.0,85.0,1,55.0,95.0,4400,247.5,24.0,0.0,0,0.0,105.0,4800,0.0,24.0,0.0,0,0.0,130.0,6000,0.0,24.0,0.0,0,0.0,120.0,5500,0.0,2.05,4.15,0,2,2,98.5,97.9,0,0,0,0.0,0.0,0.0,0.0,0.0,0.0,1.0025,1,0,0,0,0,0,0,0.0,0.0,3.575,24.5,51.8,1013.1
2026-09-16T15:44:16,53.0,1,Ronda 1,1,Limpieza Química,52,120,0.0,DC,85.0,84.9,85.0,1,55.0,95.0,4400,247.5,24.0,0.0,0,0.0,105.0,4800,0.0,24.0,0.0,0,0.0,130.0,6000,0.0,24.0,0.0,0,0.0,120.0,5500,0.0,2.05,4.15,0,2,2,98.5,97.9,0,0,0,0.0,0.0,0.0,0.0,0.0,0.0,1.0025,1,0,0,0,0,0,0,0.0,0.0,3.644,24.6,51.8,1013.1
2026-09-16T15:44:16,54.0,1,Ronda 1,1,Limpieza Química,53,120,0.0,DC,85.0,85.0,85.0,1,55.0,95.0,4400,247.5,24.0,0.0,0,0.0,105.0,4800,0.0,24.0,0.0,0,0.0,130.0,6000,0.0,24.0,0.0,0,0.0,120.0,5500,0.0,2.05,4.15,0,2,2,98.5,97.9,0,0,0,0.0,0.0,0.0,0.0,0.0,0.0,1.0025,1,0,0,0,0,0,0,0.0,0.0,3.713,24.6,51.8,1013.1
2026-09-16T15:44:16,55.0,1,Ronda 1,1,Limpieza Química,54,120,0.0,DC,85.0,85.1,85.0,1,55.0,95.0,4400,247.5,24.0,0.0,0,0.0,105.0,4800,0.0,24.0,0.0,0,0.0,130.0,6000,0.0,24.0,0.0,0,0.0,120.0,5500,0.0,2.05,4.15,0,2,2,98.5,97.9,0,0,0,0.0,0.0,0.0,0.0,0.0,0.0,1.0025,1,0,0,0,0,0,0,0.0,0.0,3.781,24.6,51.8,1013.1
2026-09-16T15:44:16,56.0,1,Ronda 1,1,Limpieza Química,55,120,0.0,DC,85.0,85.0,85.0,1,55.0,95.0,4400,247.5,24.0,0.0,0,0.0,105.0,4800,0.0,24.0,0.0,0,0.0,130.0,6000,0.0,24.0,0.0,0,0.0,120.0,5500,0.0,2.05,4.15,0,2,2,98.5,97.9,0,0,0,0.0,0.0,0.0,0.0,0.0,0.0,1.0025,1,0,0,0,0,0,0,0.0,0.0,3.85,24.6,51.8,1013.1
2026-09-16T15:44:16,57.0,1,Ronda 1,1,Limpieza Química,56,120,0.0,DC,85.0,85.0,85.0,1,55.0,95.0,4400,247.5,24.0,0.0,0,0.0,105.0,4800,0.0,24.0,0.0,0,0.0,130.0,6000,0.0,24.0,0.0,0,0.0,120.0,5500,0.0,2.05,4.15,0,2,2,98.5,97.9,0,0,0,0.0,0.0,0.0,0.0,0.0,0.0,1.0025,1,0,0,0,0,0,0,0.0,0.0,3.919,24.6,51.8,1013.1
2026-09-16T15:44:16,58.0,1,Ronda 1,1,Limpieza Química,57,120,0.0,DC,85.0,85.0,85.0,1,55.0,95.0,4400,247.5,24.0,0.0,0,0.0,105.0,4800,0.0,24.0,0.0,0,0.0,130.0,6000,0.0,24.0,0.0,0,0.0,120.0,5500,0.0,2.05,4.15,0,2,2,98.5,97.9,0,0,0,0.0,0.0,0.0,0.0,0.0,0.0,1.0025,1,0,0,0,0,0,0,0.0,0.0,3.988,24.6,51.8,1013.1
2026-09-16T15:44:16,59.0,1,Ronda 1,1,Limpieza Química,58,120,0.0,DC,85.0,84.9,85.0,1,55.0,95.0,4400,247.5,24.0,0.0,0,0.0,105.0,4800,0.0,24.0,0.0,0,0.0,130.0,6000,0.0,24.0,0.0,0,0.0,120.0,5500,0.0,2.05,4.15,0,2,2,98.5,97.9,0,0,0,0.0,0.0,0.0,0.0,0.0,0.0,1.0025,1,0,0,0,0,0,0,0.0,0.0,4.056,24.6,51.8,1013.1
2026-09-16T15:44:16,60.0,1,Ronda 1,1,Limpieza Química,59,120,0.0,DC,85.0,85.1,85.0,1,55.0,95.0,4400,247.5,24.0,0.0,0,0.0,105.0,4800,0.0,24.0,0.0,0,0.0,130.0,6000,0.0,24.0,0.0,0,0.0,120.0,5500,0.0,2.05,4.15,0,2,2,98.5,97.9,0,0,0,0.0,0.0,0.0,0.0,0.0,0.0,1.0025,1,0,0,0,0,0,0,0.0,0.0,4.125,24.6,51.8,1013.1
2026-09-16T15:44:16,61.0,1,Ronda 1,1,Limpieza Química,60,120,0.0,DC,85.0,85.1,85.0,1,55.0,95.0,4400,247.5,24.0,0.0,0,0.0,105.0,4800,0.0,24.0,0.0,0,0.0,130.0,6000,0.0,24.0,0.0,0,0.0,120.0,5500,0.0,2.05,4.15,0,2,2,98.5,97.9,0,0,0,0.0,0.0,0.0,0.0,0.0,0.0,1.0025,1,0,0,0,0,0,0,0.0,0.0,4.194,24.6,51.7,1013.1
2026-09-16T15:44:16,62.0,1,Ronda 1,1,Limpieza Química,61,120,0.0,DC,85.0,84.9,85.0,1,55.0,95.0,4400,247.5,24.0,0.0,0,0.0,105.0,4800,0.0,24.0,0.0,0,0.0,130.0,6000,0.0,24.0,0.0,0,0.0,120.0,5500,0.0,2.05,4.15,0,2,2,98.5,97.9,0,0,0,0.0,0.0,0.0,0.0,0.0,0.0,1.0025,1,0,0,0,0,0,0,0.0,0.0,4.263,24.6,51.7,1013.1
2026-09-16T15:44:16,63.0,1,Ronda 1,1,Limpieza Química,62,120,0.0,DC,85.0,85.3,85.0,1,55.0,95.0,4400,247.5,24.0,0.0,0,0.0,105.0,4800,0.0,24.0,0.0,0,0.0,130.0,6000,0.0,24.0,0.0,0,0.0,120.0,5500,0.0,2.05,4.15,0,2,2,98.5,97.9,0,0,0,0.0,0.0,0.0,0.0,0.0,0.0,1.0025,1,0,0,0,0,0,0,0.0,0.0,4.331,24.6,51.7,1013.1
2026-09-16T15:44:16,64.0,1,Ronda 1,1,Limpieza Química,63,120,0.0,DC,85.0,84.8,85.0,1,55.0,95.0,4400,247.5,24.0,0.0,0,0.0,105.0,4800,0.0,24.0,0.0,0,0.0,130.0,6000,0.0,24.0,0.0,0,0.0,120.0,5500,0.0,2.05,4.15,0,2,2,98.5,97.9,0,0,0,0.0,0.0,0.0,0.0,0.0,0.0,1.0025,1,0,0,0,0,0,0,0.0,0.0,4.4,24.6,51.7,1013.1
2026-09-16T15:44:16,65.0,1,Ronda 1,1,Limpieza Química,64,120,0.0,DC,85.0,84.8,85.0,1,55.0,95.0,4400,247.5,24.0,0.0,0,0.0,105.0,4800,0.0,24.0,0.0,0,0.0,130.0,6000,0.0,24.0,0.0,0,0.0,120.0,5500,0.0,2.05,4.15,0,2,2,98.5,97.9,0,0,0,0.0,0.0,0.0,0.0,0.0,0.0,1.0025,1,0,0,0,0,0,0,0.0,0.0,4.469,24.6,51.7,1013.1
2026-09-16T15:44:16,66.0,1,Ronda 1,1,Limpieza Química,65,120,0.0,DC,85.0,85.2,85.0,1,55.0,95.0,4400,247.5,24.0,0.0,0,0.0,105.0,4800,0.0,24.0,0.0,0,0.0,130.0,6000,0.0,24.0,0.0,0,0.0,120.0,5500,0.0,2.05,4.15,0,2,2,98.5,97.9,0,0,0,0.0,0.0,0.0,0.0,0.0,0.0,1.0025,1,0,0,0,0,0,0,0.0,0.0,4.538,24.6,51.7,1013.1
2026-09-16T15:44:16,67.0,1,Ronda 1,1,Limpieza Química,66,120,0.0,DC,85.0,84.7,85.0,1,55.0,95.0,4400,247.5,24.0,0.0,0,0.0,105.0,4800,0.0,24.0,0.0,0,0.0,130.0,6000,0.0,24.0,0.0,0,0.0,120.0,5500,0.0,2.05,4.15,0,2,2,98.5,97.9,0,0,0,0.0,0.0,0.0,0.0,0.0,0.0,1.0025,1,0,0,0,0,0,0,0.0,0.0,4.606,24.6,51.7,1013.1
2026-09-16T15:44:16,68.0,1,Ronda 1,1,Limpieza Química,67,120,0.0,DC,85.0,85.1,85.0,1,55.0,95.0,4400,247.5,24.0,0.0,0,0.0,105.0,4800,0.0,24.0,0.0,0,0.0,130.0,6000,0.0,24.0,0.0,0,0.0,120.0,5500,0.0,2.05,4.15,0,2,2,98.5,97.9,0,0,0,0.0,0.0,0.0,0.0,0.0,0.0,1.0025,1,0,0,0,0,0,0,0.0,0.0,4.675,24.6,51.7,1013.1
2026-09-16T15:44:16,69.0,1,Ronda 1,1,Limpieza Química,68,120,0.0,DC,85.0,85.0,85.0,1,55.0,95.0,4400,247.5,24.0,0.0,0,0.0,105.0,4800,0.0,24.0,0.0,0,0.0,130.0,6000,0.0,24.0,0.0,0,0.0,120.0,5500,0.0,2.05,4.15,0,2,2,98.5,97.9,0,0,0,0.0,0.0,0.0,0.0,0.0,0.0,1.0025,1,0,0,0,0,0,0,0.0,0.0,4.744,24.6,51.7,1013.1
2026-09-16T15:44:16,70.0,1,Ronda 1,1,Limpieza Química,69,120,0.0,DC,85.0,84.9,85.0,1,55.0,95.0,4400,247.5,24.0,0.0,0,0.0,105.0,4800,0.0,24.0,0.0,0,0.0,130.0,6000,0.0,24.0,0.0,0,0.0,120.0,5500,0.0,2.05,4.15,0,2,2,98.5,97.9,0,0,0,0.0,0.0,0.0,0.0,0.0,0.0,1.0025,1,0,0,0,0,0,0,0.0,0.0,4.812,24.6,51.7,1013.1
2026-09-16T15:44:16,71.0,1,Ronda 1,1,Limpieza Química,70,120,0.0,DC,85.0,85.1,85.0,1,55.0,95.0,4400,247.5,24.0,0.0,0,0.0,105.0,4800,0.0,24.0,0.0,0,0.0,130.0,6000,0.0,24.0,0.0,0,0.0,120.0,5500,0.0,2.05,4.15,0,2,2,98.5,97.9,0,0,0,0.0,0.0,0.0,0.0,0.0,0.0,1.0025,1,0,0,0,0,0,0,0.0,0.0,4.881,24.6,51.7,1013.1
2026-09-16T15:44:16,72.0,1,Ronda 1,1,Limpieza Química,71,120,0.0,DC,85.0,84.9,85.0,1,55.0,95.0,4400,247.5,24.0,0.0,0,0.0,105.0,4800,0.0,24.0,0.0,0,0.0,130.0,6000,0.0,24.0,0.0,0,0.0,120.0,5500,0.0,2.05,4.15,0,2,2,98.5,97.9,0,0,0,0.0,0.0,0.0,0.0,0.0,0.0,1.0025,1,0,0,0,0,0,0,0.0,0.0,4.95,24.6,51.7,1013.1
2026-09-16T15:44:16,73.0,1,Ronda 1,1,Limpieza Química,72,120,0.0,DC,85.0,84.8,85.0,1,55.0,95.0,4400,247.5,24.0,0.0,0,0.0,105.0,4800,0.0,24.0,0.0,0,0.0,130.0,6000,0.0,24.0,0.0,0,0.0,120.0,5500,0.0,2.05,4.15,0,2,2,98.5,97.9,0,0,0,0.0,0.0,0.0,0.0,0.0,0.0,1.0025,1,0,0,0,0,0,0,0.0,0.0,5.019,24.6,51.7,1013.1
2026-09-16T15:44:16,74.0,1,Ronda 1,1,Limpieza Química,73,120,0.0,DC,85.0,85.3,85.0,1,55.0,95.0,4400,247.5,24.0,0.0,0,0.0,105.0,4800,0.0,24.0,0.0,0,0.0,130.0,6000,0.0,24.0,0.0,0,0.0,120.0,5500,0.0,2.05,4.15,0,2,2,98.5,97.9,0,0,0,0.0,0.0,0.0,0.0,0.0,0.0,1.0025,1,0,0,0,0,0,0,0.0,0.0,5.087,24.6,51.7,1013.1
2026-09-16T15:44:16,75.0,1,Ronda 1,1,Limpieza Química,74,120,0.0,DC,85.0,85.2,85.0,1,55.0,95.0,4400,247.5,24.0,0.0,0,0.0,105.0,4800,0.0,24.0,0.0,0,0.0,130.0,6000,0.0,24.0,0.0,0,0.0,120.0,5500,0.0,2.05,4.15,0,2,2,98.5,97.9,0,0,0,0.0,0.0,0.0,0.0,0.0,0.0,1.0025,1,0,0,0,0,0,0,0.0,0.0,5.156,24.6,51.7,1013.1
2026-09-16T15:44:16,76.0,1,Ronda 1,1,Limpieza Química,75,120,0.0,DC,85.0,85.0,85.0,1,55.0,95.0,4400,247.5,24.0,0.0,0,0.0,105.0,4800,0.0,24.0,0.0,0,0.0,130.0,6000,0.0,24.0,0.0,0,0.0,120.0,5500,0.0,2.05,4.15,0,2,2,98.5,97.9,0,0,0,0.0,0.0,0.0,0.0,0.0,0.0,1.0025,1,0,0,0,0,0,0,0.0,0.0,5.225,24.6,51.7,1013.1
2026-09-16T15:44:16,77.0,1,Ronda 1,1,Limpieza Química,76,120,0.0,DC,85.0,84.8,85.0,1,55.0,95.0,4400,247.5,24.0,0.0,0,0.0,105.0,4800,0.0,24.0,0.0,0,0.0,130.0,6000,0.0,24.0,0.0,0,0.0,120.0,5500,0.0,2.05,4.15,0,2,2,98.5,97.9,0,0,0,0.0,0.0,0.0,0.0,0.0,0.0,1.0025,1,0,0,0,0,0,0,0.0,0.0,5.294,24.6,51.7,1013.1
2026-09-16T15:44:16,78.0,1,Ronda 1,1,Limpieza Química,77,120,0.0,DC,85.0,84.9,85.0,1,55.0,95.0,4400,247.5,24.0,0.0,0,0.0,105.0,4800,0.0,24.0,0.0,0,0.0,130.0,6000,0.0,24.0,0.0,0,0.0,120.0,5500,0.0,2.05,4.15,0,2,2,98.5,97.9,0,0,0,0.0,0.0,0.0,0.0,0.0,0.0,1.0025,1,0,0,0,0,0,0,0.0,0.0,5.362,24.7,51.7,1013.1
2026-09-16T15:44:16,79.0,1,Ronda 1,1,Limpieza Química,78,120,0.0,DC,85.0,84.8,85.0,1,55.0,95.0,4400,247.5,24.0,0.0,0,0.0,105.0,4800,0.0,24.0,0.0,0,0.0,130.0,6000,0.0,24.0,0.0,0,0.0,120.0,5500,0.0,2.05,4.15,0,2,2,98.5,97.9,0,0,0,0.0,0.0,0.0,0.0,0.0,0.0,1.0025,1,0,0,0,0,0,0,0.0,0.0,5.431,24.7,51.7,1013.1
2026-09-16T15:44:16,80.0,1,Ronda 1,1,Limpieza Química,79,120,0.0,DC,85.0,85.3,85.0,1,55.0,95.0,4400,247.5,24.0,0.0,0,0.0,105.0,4800,0.0,24.0,0.0,0,0.0,130.0,6000,0.0,24.0,0.0,0,0.0,120.0,5500,0.0,2.05,4.15,0,2,2,98.5,97.9,0,0,0,0.0,0.0,0.0,0.0,0.0,0.0,1.0025,1,0,0,0,0,0,0,0.0,0.0,5.5,24.7,51.7,1013.1
2026-09-16T15:44:16,81.0,1,Ronda 1,1,Limpieza Química,80,120,0.0,DC,85.0,85.2,85.0,1,55.0,95.0,4400,247.5,24.0,0.0,0,0.0,105.0,4800,0.0,24.0,0.0,0,0.0,130.0,6000,0.0,24.0,0.0,0,0.0,120.0,5500,0.0,2.05,4.15,0,2,2,98.5,97.9,0,0,0,0.0,0.0,0.0,0.0,0.0,0.0,1.0025,1,0,0,0,0,0,0,0.0,0.0,5.569,24.7,51.7,1013.1
2026-09-16T15:44:16,82.0,1,Ronda 1,1,Limpieza Química,81,120,0.0,DC,85.0,85.0,85.0,1,55.0,95.0,4400,247.5,24.0,0.0,0,0.0,105.0,4800,0.0,24.0,0.0,0,0.0,130.0,6000,0.0,24.0,0.0,0,0.0,120.0,5500,0.0,2.05,4.15,0,2,2,98.5,97.9,0,0,0,0.0,0.0,0.0,0.0,0.0,0.0,1.0025,1,0,0,0,0,0,0,0.0,0.0,5.637,24.7,51.7,1013.1
2026-09-16T15:44:16,83.0,1,Ronda 1,1,Limpieza Química,82,120,0.0,DC,85.0,84.8,85.0,1,55.0,95.0,4400,247.5,24.0,0.0,0,0.0,105.0,4800,0.0,24.0,0.0,0,0.0,130.0,6000,0.0,24.0,0.0,0,0.0,120.0,5500,0.0,2.05,4.15,0,2,2,98.5,97.9,0,0,0,0.0,0.0,0.0,0.0,0.0,0.0,1.0025,1,0,0,0,0,0,0,0.0,0.0,5.706,24.7,51.7,1013.1
2026-09-16T15:44:16,84.0,1,Ronda 1,1,Limpieza Química,83,120,0.0,DC,85.0,85.1,85.0,1,55.0,95.0,4400,247.5,24.0,0.0,0,0.0,105.0,4800,0.0,24.0,0.0,0,0.0,130.0,6000,0.0,24.0,0.0,0,0.0,120.0,5500,0.0,2.05,4.15,0,2,2,98.5,97.9,0,0,0,0.0,0.0,0.0,0.0,0.0,0.0,1.0025,1,0,0,0,0,0,0,0.0,0.0,5.775,24.7,51.6,1013.1
2026-09-16T15:44:16,85.0,1,Ronda 1,1,Limpieza Química,84,120,0.0,DC,85.0,85.0,85.0,1,55.0,95.0,4400,247.5,24.0,0.0,0,0.0,105.0,4800,0.0,24.0,0.0,0,0.0,130.0,6000,0.0,24.0,0.0,0,0.0,120.0,5500,0.0,2.05,4.15,0,2,2,98.5,97.9,0,0,0,0.0,0.0,0.0,0.0,0.0,0.0,1.0025,1,0,0,0,0,0,0,0.0,0.0,5.844,24.7,51.6,1013.1
2026-09-16T15:44:16,86.0,1,Ronda 1,1,Limpieza Química,85,120,0.0,DC,85.0,84.9,85.0,1,55.0,95.0,4400,247.5,24.0,0.0,0,0.0,105.0,4800,0.0,24.0,0.0,0,0.0,130.0,6000,0.0,24.0,0.0,0,0.0,120.0,5500,0.0,2.05,4.15,0,2,2,98.5,97.9,0,0,0,0.0,0.0,0.0,0.0,0.0,0.0,1.0025,1,0,0,0,0,0,0,0.0,0.0,5.912,24.7,51.6,1013.1
2026-09-16T15:44:16,87.0,1,Ronda 1,1,Limpieza Química,86,120,0.0,DC,85.0,85.0,85.0,1,55.0,95.0,4400,247.5,24.0,0.0,0,0.0,105.0,4800,0.0,24.0,0.0,0,0.0,130.0,6000,0.0,24.0,0.0,0,0.0,120.0,5500,0.0,2.05,4.15,0,2,2,98.5,97.9,0,0,0,0.0,0.0,0.0,0.0,0.0,0.0,1.0025,1,0,0,0,0,0,0,0.0,0.0,5.981,24.7,51.6,1013.1
2026-09-16T15:44:16,88.0,1,Ronda 1,1,Limpieza Química,87,120,0.0,DC,85.0,84.9,85.0,1,55.0,95.0,4400,247.5,24.0,0.0,0,0.0,105.0,4800,0.0,24.0,0.0,0,0.0,130.0,6000,0.0,24.0,0.0,0,0.0,120.0,5500,0.0,2.05,4.15,0,2,2,98.5,97.9,0,0,0,0.0,0.0,0.0,0.0,0.0,0.0,1.0025,1,0,0,0,0,0,0,0.0,0.0,6.05,24.7,51.6,1013.1
2026-09-16T15:44:16,89.0,1,Ronda 1,1,Limpieza Química,88,120,0.0,DC,85.0,84.7,85.0,1,55.0,95.0,4400,247.5,24.0,0.0,0,0.0,105.0,4800,0.0,24.0,0.0,0,0.0,130.0,6000,0.0,24.0,0.0,0,0.0,120.0,5500,0.0,2.05,4.15,0,2,2,98.5,97.9,0,0,0,0.0,0.0,0.0,0.0,0.0,0.0,1.0025,1,0,0,0,0,0,0,0.0,0.0,6.119,24.7,51.6,1013.1
2026-09-16T15:44:16,90.0,1,Ronda 1,1,Limpieza Química,89,120,0.0,DC,85.0,85.0,85.0,1,55.0,95.0,4400,247.5,24.0,0.0,0,0.0,105.0,4800,0.0,24.0,0.0,0,0.0,130.0,6000,0.0,24.0,0.0,0,0.0,120.0,5500,0.0,2.05,4.15,0,2,2,98.5,97.9,0,0,0,0.0,0.0,0.0,0.0,0.0,0.0,1.0025,1,0,0,0,0,0,0,0.0,0.0,6.187,24.7,51.6,1013.1
2026-09-16T15:44:16,91.0,1,Ronda 1,1,Limpieza Química,90,120,0.0,DC,85.0,85.3,85.0,1,55.0,95.0,4400,247.5,24.0,0.0,0,0.0,105.0,4800,0.0,24.0,0.0,0,0.0,130.0,6000,0.0,24.0,0.0,0,0.0,120.0,5500,0.0,2.05,4.15,0,2,2,98.5,97.9,0,0,0,0.0,0.0,0.0,0.0,0.0,0.0,1.0025,1,0,0,0,0,0,0,0.0,0.0,6.256,24.7,51.6,1013.1
2026-09-16T15:44:16,92.0,1,Ronda 1,1,Limpieza Química,91,120,0.0,DC,85.0,84.9,85.0,1,55.0,95.0,4400,247.5,24.0,0.0,0,0.0,105.0,4800,0.0,24.0,0.0,0,0.0,130.0,6000,0.0,24.0,0.0,0,0.0,120.0,5500,0.0,2.05,4.15,0,2,2,98.5,97.9,0,0,0,0.0,0.0,0.0,0.0,0.0,0.0,1.0025,1,0,0,0,0,0,0,0.0,0.0,6.325,24.7,51.6,1013.1
2026-09-16T15:44:16,93.0,1,Ronda 1,1,Limpieza Química,92,120,0.0,DC,85.0,84.9,85.0,1,55.0,95.0,4400,247.5,24.0,0.0,0,0.0,105.0,4800,0.0,24.0,0.0,0,0.0,130.0,6000,0.0,24.0,0.0,0,0.0,120.0,5500,0.0,2.05,4.15,0,2,2,98.5,97.9,0,0,0,0.0,0.0,0.0,0.0,0.0,0.0,1.0025,1,0,0,0,0,0,0,0.0,0.0,6.394,24.7,51.6,1013.1
2026-09-16T15:44:16,94.0,1,Ronda 1,1,Limpieza Química,93,120,0.0,DC,85.0,84.9,85.0,1,55.0,95.0,4400,247.5,24.0,0.0,0,0.0,105.0,4800,0.0,24.0,0.0,0,0.0,130.0,6000,0.0,24.0,0.0,0,0.0,120.0,5500,0.0,2.05,4.15,0,2,2,98.5,97.9,0,0,0,0.0,0.0,0.0,0.0,0.0,0.0,1.0025,1,0,0,0,0,0,0,0.0,0.0,6.462,24.7,51.6,1013.1
2026-09-16T15:44:16,95.0,1,Ronda 1,1,Limpieza Química,94,120,0.0,DC,85.0,84.9,85.0,1,55.0,95.0,4400,247.5,24.0,0.0,0,0.0,105.0,4800,0.0,24.0,0.0,0,0.0,130.0,6000,0.0,24.0,0.0,0,0.0,120.0,5500,0.0,2.05,4.15,0,2,2,98.5,97.9,0,0,0,0.0,0.0,0.0,0.0,0.0,0.0,1.0025,1,0,0,0,0,0,0,0.0,0.0,6.531,24.7,51.6,1013.1
2026-09-16T15:44:16,96.0,1,Ronda 1,1,Limpieza Química,95,120,0.0,DC,85.0,85.1,85.0,1,55.0,95.0,4400,247.5,24.0,0.0,0,0.0,105.0,4800,0.0,24.0,0.0,0,0.0,130.0,6000,0.0,24.0,0.0,0,0.0,120.0,5500,0.0,2.05,4.15,0,2,2,98.5,97.9,0,0,0,0.0,0.0,0.0,0.0,0.0,0.0,1.0025,1,0,0,0,0,0,0,0.0,0.0,6.6,24.7,51.6,1013.1
2026-09-16T15:44:16,97.0,1,Ronda 1,1,Limpieza Química,96,120,0.0,DC,85.0,85.1,85.0,1,55.0,95.0,4400,247.5,24.0,0.0,0,0.0,105.0,4800,0.0,24.0,0.0,0,0.0,130.0,6000,0.0,24.0,0.0,0,0.0,120.0,5500,0.0,2.05,4.15,0,2,2,98.5,97.9,0,0,0,0.0,0.0,0.0,0.0,0.0,0.0,1.0025,1,0,0,0,0,0,0,0.0,0.0,6.669,24.7,51.6,1013.1
2026-09-16T15:44:16,98.0,1,Ronda 1,1,Limpieza Química,97,120,0.0,DC,85.0,84.8,85.0,1,55.0,95.0,4400,247.5,24.0,0.0,0,0.0,105.0,4800,0.0,24.0,0.0,0,0.0,130.0,6000,0.0,24.0,0.0,0,0.0,120.0,5500,0.0,2.05,4.15,0,2,2,98.5,97.9,0,0,0,0.0,0.0,0.0,0.0,0.0,0.0,1.0025,1,0,0,0,0,0,0,0.0,0.0,6.737,24.7,51.6,1013.1
2026-09-16T15:44:16,99.0,1,Ronda 1,1,Limpieza Química,98,120,0.0,DC,85.0,85.3,85.0,1,55.0,95.0,4400,247.5,24.0,0.0,0,0.0,105.0,4800,0.0,24.0,0.0,0,0.0,130.0,6000,0.0,24.0,0.0,0,0.0,120.0,5500,0.0,2.05,4.15,0,2,2,98.5,97.9,0,0,0,0.0,0.0,0.0,0.0,0.0,0.0,1.0025,1,0,0,0,0,0,0,0.0,0.0,6.806,24.7,51.6,1013.1
2026-09-16T15:44:16,100.0,1,Ronda 1,1,Limpieza Química,99,120,0.0,DC,85.0,84.8,85.0,1,55.0,95.0,4400,247.5,24.0,0.0,0,0.0,105.0,4800,0.0,24.0,0.0,0,0.0,130.0,6000,0.0,24.0,0.0,0,0.0,120.0,5500,0.0,2.05,4.15,0,2,2,98.5,97.9,0,0,0,0.0,0.0,0.0,0.0,0.0,0.0,1.0025,1,0,0,0,0,0,0,0.0,0.0,6.875,24.7,51.6,1013.1
2026-09-16T15:44:16,101.0,1,Ronda 1,1,Limpieza Química,100,120,0.0,DC,85.0,85.0,85.0,1,55.0,95.0,4400,247.5,24.0,0.0,0,0.0,105.0,4800,0.0,24.0,0.0,0,0.0,130.0,6000,0.0,24.0,0.0,0,0.0,120.0,5500,0.0,2.05,4.15,0,2,2,98.5,97.9,0,0,0,0.0,0.0,0.0,0.0,0.0,0.0,1.0025,1,0,0,0,0,0,0,0.0,0.0,6.944,24.7,51.6,1013.1
2026-09-16T15:44:16,102.0,1,Ronda 1,1,Limpieza Química,101,120,0.0,DC,85.0,85.0,85.0,1,55.0,95.0,4400,247.5,24.0,0.0,0,0.0,105.0,4800,0.0,24.0,0.0,0,0.0,130.0,6000,0.0,24.0,0.0,0,0.0,120.0,5500,0.0,2.05,4.15,0,2,2,98.5,97.9,0,0,0,0.0,0.0,0.0,0.0,0.0,0.0,1.0025,1,0,0,0,0,0,0,0.0,0.0,7.012,24.7,51.6,1013.1
2026-09-16T15:44:16,103.0,1,Ronda 1,1,Limpieza Química,102,120,0.0,DC,85.0,85.0,85.0,1,55.0,95.0,4400,247.5,24.0,0.0,0,0.0,105.0,4800,0.0,24.0,0.0,0,0.0,130.0,6000,0.0,24.0,0.0,0,0.0,120.0,5500,0.0,2.05,4.15,0,2,2,98.5,97.9,0,0,0,0.0,0.0,0.0,0.0,0.0,0.0,1.0025,1,0,0,0,0,0,0,0.0,0.0,7.081,24.7,51.6,1013.1
2026-09-16T15:44:16,104.0,1,Ronda 1,1,Limpieza Química,103,120,0.0,DC,85.0,84.8,85.0,1,55.0,95.0,4400,247.5,24.0,0.0,0,0.0,105.0,4800,0.0,24.0,0.0,0,0.0,130.0,6000,0.0,24.0,0.0,0,0.0,120.0,5500,0.0,2.05,4.15,0,2,2,98.5,97.9,0,0,0,0.0,0.0,0.0,0.0,0.0,0.0,1.0025,1,0,0,0,0,0,0,0.0,0.0,7.15,24.7,51.6,1013.1
2026-09-16T15:44:16,105.0,1,Ronda 1,1,Limpieza Química,104,120,0.0,DC,85.0,84.8,85.0,1,55.0,95.0,4400,247.5,24.0,0.0,0,0.0,105.0,4800,0.0,24.0,0.0,0,0.0,130.0,6000,0.0,24.0,0.0,0,0.0,120.0,5500,0.0,2.05,4.15,0,2,2,98.5,97.9,0,0,0,0.0,0.0,0.0,0.0,0.0,0.0,1.0025,1,0,0,0,0,0,0,0.0,0.0,7.219,24.7,51.6,1013.1
2026-09-16T15:44:16,106.0,1,Ronda 1,1,Limpieza Química,105,120,0.0,DC,85.0,85.0,85.0,1,55.0,95.0,4400,247.5,24.0,0.0,0,0.0,105.0,4800,0.0,24.0,0.0,0,0.0,130.0,6000,0.0,24.0,0.0,0,0.0,120.0,5500,0.0,2.05,4.15,0,2,2,98.5,97.9,0,0,0,0.0,0.0,0.0,0.0,0.0,0.0,1.0025,1,0,0,0,0,0,0,0.0,0.0,7.287,24.7,51.6,1013.1
2026-09-16T15:44:16,107.0,1,Ronda 1,1,Limpieza Química,106,120,0.0,DC,85.0,85.0,85.0,1,55.0,95.0,4400,247.5,24.0,0.0,0,0.0,105.0,4800,0.0,24.0,0.0,0,0.0,130.0,6000,0.0,24.0,0.0,0,0.0,120.0,5500,0.0,2.05,4.15,0,2,2,98.5,97.9,0,0,0,0.0,0.0,0.0,0.0,0.0,0.0,1.0025,1,0,0,0,0,0,0,0.0,0.0,7.356,24.7,51.6,1013.1
2026-09-16T15:44:16,108.0,1,Ronda 1,1,Limpieza Química,107,120,0.0,DC,85.0,85.2,85.0,1,55.0,95.0,4400,247.5,24.0,0.0,0,0.0,105.0,4800,0.0,24.0,0.0,0,0.0,130.0,6000,0.0,24.0,0.0,0,0.0,120.0,5500,0.0,2.05,4.15,0,2,2,98.5,97.9,0,0,0,0.0,0.0,0.0,0.0,0.0,0.0,1.0025,1,0,0,0,0,0,0,0.0,0.0,7.425,24.7,51.5,1013.1
2026-09-16T15:44:16,109.0,1,Ronda 1,1,Limpieza Química,108,120,0.0,DC,85.0,85.2,85.0,1,55.0,95.0,4400,247.5,24.0,0.0,0,0.0,105.0,4800,0.0,24.0,0.0,0,0.0,130.0,6000,0.0,24.0,0.0,0,0.0,120.0,5500,0.0,2.05,4.15,0,2,2,98.5,97.9,0,0,0,0.0,0.0,0.0,0.0,0.0,0.0,1.0025,1,0,0,0,0,0,0,0.0,0.0,7.494,24.7,51.5,1013.1
2026-09-16T15:44:16,110.0,1,Ronda 1,1,Limpieza Química,109,120,0.0,DC,85.0,85.2,85.0,1,55.0,95.0,4400,247.5,24.0,0.0,0,0.0,105.0,4800,0.0,24.0,0.0,0,0.0,130.0,6000,0.0,24.0,0.0,0,0.0,120.0,5500,0.0,2.05,4.15,0,2,2,98.5,97.9,0,0,0,0.0,0.0,0.0,0.0,0.0,0.0,1.0025,1,0,0,0,0,0,0,0.0,0.0,7.562,24.7,51.5,1013.1
2026-09-16T15:44:16,111.0,1,Ronda 1,1,Limpieza Química,110,120,0.0,DC,85.0,85.0,85.0,1,55.0,95.0,4400,247.5,24.0,0.0,0,0.0,105.0,4800,0.0,24.0,0.0,0,0.0,130.0,6000,0.0,24.0,0.0,0,0.0,120.0,5500,0.0,2.05,4.15,0,2,2,98.5,97.9,0,0,0,0.0,0.0,0.0,0.0,0.0,0.0,1.0025,1,0,0,0,0,0,0,0.0,0.0,7.631,24.7,51.5,1013.1
2026-09-16T15:44:16,112.0,1,Ronda 1,1,Limpieza Química,111,120,0.0,DC,85.0,85.3,85.0,1,55.0,95.0,4400,247.5,24.0,0.0,0,0.0,105.0,4800,0.0,24.0,0.0,0,0.0,130.0,6000,0.0,24.0,0.0,0,0.0,120.0,5500,0.0,2.05,4.15,0,2,2,98.5,97.9,0,0,0,0.0,0.0,0.0,0.0,0.0,0.0,1.0025,1,0,0,0,0,0,0,0.0,0.0,7.7,24.8,51.5,1013.1
2026-09-16T15:44:16,113.0,1,Ronda 1,1,Limpieza Química,112,120,0.0,DC,85.0,84.8,85.0,1,55.0,95.0,4400,247.5,24.0,0.0,0,0.0,105.0,4800,0.0,24.0,0.0,0,0.0,130.0,6000,0.0,24.0,0.0,0,0.0,120.0,5500,0.0,2.05,4.15,0,2,2,98.5,97.9,0,0,0,0.0,0.0,0.0,0.0,0.0,0.0,1.0025,1,0,0,0,0,0,0,0.0,0.0,7.769,24.8,51.5,1013.1
2026-09-16T15:44:16,114.0,1,Ronda 1,1,Limpieza Química,113,120,0.0,DC,85.0,85.1,85.0,1,55.0,95.0,4400,247.5,24.0,0.0,0,0.0,105.0,4800,0.0,24.0,0.0,0,0.0,130.0,6000,0.0,24.0,0.0,0,0.0,120.0,5500,0.0,2.05,4.15,0,2,2,98.5,97.9,0,0,0,0.0,0.0,0.0,0.0,0.0,0.0,1.0025,1,0,0,0,0,0,0,0.0,0.0,7.837,24.8,51.5,1013.1
2026-09-16T15:44:16,115.0,1,Ronda 1,1,Limpieza Química,114,120,0.0,DC,85.0,85.0,85.0,1,55.0,95.0,4400,247.5,24.0,0.0,0,0.0,105.0,4800,0.0,24.0,0.0,0,0.0,130.0,6000,0.0,24.0,0.0,0,0.0,120.0,5500,0.0,2.05,4.15,0,2,2,98.5,97.9,0,0,0,0.0,0.0,0.0,0.0,0.0,0.0,1.0025,1,0,0,0,0,0,0,0.0,0.0,7.906,24.8,51.5,1013.1
2026-09-16T15:44:16,116.0,1,Ronda 1,1,Limpieza Química,115,120,0.0,DC,85.0,85.1,85.0,1,55.0,95.0,4400,247.5,24.0,0.0,0,0.0,105.0,4800,0.0,24.0,0.0,0,0.0,130.0,6000,0.0,24.0,0.0,0,0.0,120.0,5500,0.0,2.05,4.15,0,2,2,98.5,97.9,0,0,0,0.0,0.0,0.0,0.0,0.0,0.0,1.0025,1,0,0,0,0,0,0,0.0,0.0,7.975,24.8,51.5,1013.1
2026-09-16T15:44:16,117.0,1,Ronda 1,1,Limpieza Química,116,120,0.0,DC,85.0,85.0,85.0,1,55.0,95.0,4400,247.5,24.0,0.0,0,0.0,105.0,4800,0.0,24.0,0.0,0,0.0,130.0,6000,0.0,24.0,0.0,0,0.0,120.0,5500,0.0,2.05,4.15,0,2,2,98.5,97.9,0,0,0,0.0,0.0,0.0,0.0,0.0,0.0,1.0025,1,0,0,0,0,0,0,0.0,0.0,8.044,24.8,51.5,1013.1
2026-09-16T15:44:16,118.0,1,Ronda 1,1,Limpieza Química,117,120,0.0,DC,85.0,84.9,85.0,1,55.0,95.0,4400,247.5,24.0,0.0,0,0.0,105.0,4800,0.0,24.0,0.0,0,0.0,130.0,6000,0.0,24.0,0.0,0,0.0,120.0,5500,0.0,2.05,4.15,0,2,2,98.5,97.9,0,0,0,0.0,0.0,0.0,0.0,0.0,0.0,1.0025,1,0,0,0,0,0,0,0.0,0.0,8.112,24.8,51.5,1013.1
2026-09-16T15:44:16,119.0,1,Ronda 1,1,Limpieza Química,118,120,0.0,DC,85.0,85.1,85.0,1,55.0,95.0,4400,247.5,24.0,0.0,0,0.0,105.0,4800,0.0,24.0,0.0,0,0.0,130.0,6000,0.0,24.0,0.0,0,0.0,120.0,5500,0.0,2.05,4.15,0,2,2,98.5,97.9,0,0,0,0.0,0.0,0.0,0.0,0.0,0.0,1.0025,1,0,0,0,0,0,0,0.0,0.0,8.181,24.8,51.5,1013.1
2026-09-16T15:44:16,120.0,1,Ronda 1,1,Limpieza Química,119,120,0.0,DC,85.0,84.8,85.0,1,55.0,95.0,4400,247.5,24.0,0.0,0,0.0,105.0,4800,0.0,24.0,0.0,0,0.0,130.0,6000,0.0,24.0,0.0,0,0.0,120.0,5500,0.0,2.05,4.15,0,2,2,98.5,97.9,0,0,0,0.0,0.0,0.0,0.0,0.0,0.0,1.0025,1,0,0,0,0,0,0,0.0,0.0,8.25,24.8,51.5,1013.1
2026-09-16T15:44:16,132.2,1,Ronda 1,2,Decapado Ácido,0,80,0.0,DC,85.0,24.0,0.0,0,0.0,95.0,4400,0.0,84.9,85.0,1,45.0,105.0,4800,202.5,24.0,0.0,0,0.0,130.0,6000,0.0,24.0,0.0,0,0.0,120.0,5500,0.0,2.05,4.15,0,2,2,98.5,97.9,0,0,0,0.0,0.0,0.0,0.0,0.0,0.0,1.0025,1,0,0,0,0,0,0,0.0,0.0,8.306,24.8,51.4,1013.1
2026-09-16T15:44:16,133.2,1,Ronda 1,2,Decapado Ácido,1,80,0.0,DC,85.0,25.0,0.0,0,0.0,95.0,4400,0.0,85.0,85.0,1,45.0,105.0,4800,202.5,24.0,0.0,0,0.0,130.0,6000,0.0,24.0,0.0,0,0.0,120.0,5500,0.0,2.05,4.15,0,2,2,98.5,97.9,0,0,0,0.0,0.0,0.0,0.0,0.0,0.0,1.0025,1,0,0,0,0,0,0,0.0,0.0,8.362,24.8,51.4,1013.1
2026-09-16T15:44:16,134.2,1,Ronda 1,2,Decapado Ácido,2,80,0.0,DC,85.0,26.0,0.0,0,0.0,95.0,4400,0.0,85.2,85.0,1,45.0,105.0,4800,202.5,24.0,0.0,0,0.0,130.0,6000,0.0,24.0,0.0,0,0.0,120.0,5500,0.0,2.05,4.15,0,2,2,98.5,97.9,0,0,0,0.0,0.0,0.0,0.0,0.0,0.0,1.0025,1,0,0,0,0,0,0,0.0,0.0,8.419,24.8,51.4,1013.1
2026-09-16T15:44:16,135.2,1,Ronda 1,2,Decapado Ácido,3,80,0.0,DC,85.0,27.1,0.0,0,0.0,95.0,4400,0.0,85.1,85.0,1,45.0,105.0,4800,202.5,24.0,0.0,0,0.0,130.0,6000,0.0,24.0,0.0,0,0.0,120.0,5500,0.0,2.05,4.15,0,2,2,98.5,97.9,0,0,0,0.0,0.0,0.0,0.0,0.0,0.0,1.0025,1,0,0,0,0,0,0,0.0,0.0,8.475,24.8,51.4,1013.1
2026-09-16T15:44:16,136.2,1,Ronda 1,2,Decapado Ácido,4,80,0.0,DC,85.0,28.1,0.0,0,0.0,95.0,4400,0.0,85.0,85.0,1,45.0,105.0,4800,202.5,24.0,0.0,0,0.0,130.0,6000,0.0,24.0,0.0,0,0.0,120.0,5500,0.0,2.05,4.15,0,2,2,98.5,97.9,0,0,0,0.0,0.0,0.0,0.0,0.0,0.0,1.0025,1,0,0,0,0,0,0,0.0,0.0,8.531,24.8,51.4,1013.1
2026-09-16T15:44:16,137.2,1,Ronda 1,2,Decapado Ácido,5,80,0.0,DC,85.0,29.1,0.0,0,0.0,95.0,4400,0.0,84.9,85.0,1,45.0,105.0,4800,202.5,24.0,0.0,0,0.0,130.0,6000,0.0,24.0,0.0,0,0.0,120.0,5500,0.0,2.05,4.15,0,2,2,98.5,97.9,0,0,0,0.0,0.0,0.0,0.0,0.0,0.0,1.0025,1,0,0,0,0,0,0,0.0,0.0,8.587,24.8,51.4,1013.1
2026-09-16T15:44:16,138.2,1,Ronda 1,2,Decapado Ácido,6,80,0.0,DC,85.0,30.1,0.0,0,0.0,95.0,4400,0.0,84.9,85.0,1,45.0,105.0,4800,202.5,24.0,0.0,0,0.0,130.0,6000,0.0,24.0,0.0,0,0.0,120.0,5500,0.0,2.05,4.15,0,2,2,98.5,97.9,0,0,0,0.0,0.0,0.0,0.0,0.0,0.0,1.0025,1,0,0,0,0,0,0,0.0,0.0,8.644,24.8,51.4,1013.1
2026-09-16T15:44:16,139.2,1,Ronda 1,2,Decapado Ácido,7,80,0.0,DC,85.0,31.1,0.0,0,0.0,95.0,4400,0.0,85.0,85.0,1,45.0,105.0,4800,202.5,24.0,0.0,0,0.0,130.0,6000,0.0,24.0,0.0,0,0.0,120.0,5500,0.0,2.05,4.15,0,2,2,98.5,97.9,0,0,0,0.0,0.0,0.0,0.0,0.0,0.0,1.0025,1,0,0,0,0,0,0,0.0,0.0,8.7,24.8,51.4,1013.1
2026-09-16T15:44:16,140.2,1,Ronda 1,2,Decapado Ácido,8,80,0.0,DC,85.0,32.1,0.0,0,0.0,95.0,4400,0.0,85.0,85.0,1,45.0,105.0,4800,202.5,24.0,0.0,0,0.0,130.0,6000,0.0,24.0,0.0,0,0.0,120.0,5500,0.0,2.05,4.15,0,2,2,98.5,97.9,0,0,0,0.0,0.0,0.0,0.0,0.0,0.0,1.0025,1,0,0,0,0,0,0,0.0,0.0,8.756,24.8,51.4,1013.1
2026-09-16T15:44:16,141.2,1,Ronda 1,2,Decapado Ácido,9,80,0.0,DC,85.0,33.1,0.0,0,0.0,95.0,4400,0.0,85.3,85.0,1,45.0,105.0,4800,202.5,24.0,0.0,0,0.0,130.0,6000,0.0,24.0,0.0,0,0.0,120.0,5500,0.0,2.05,4.15,0,2,2,98.5,97.9,0,0,0,0.0,0.0,0.0,0.0,0.0,0.0,1.0025,1,0,0,0,0,0,0,0.0,0.0,8.812,24.8,51.4,1013.1
2026-09-16T15:44:16,142.2,1,Ronda 1,2,Decapado Ácido,10,80,0.0,DC,85.0,34.2,0.0,0,0.0,95.0,4400,0.0,85.1,85.0,1,45.0,105.0,4800,202.5,24.0,0.0,0,0.0,130.0,6000,0.0,24.0,0.0,0,0.0,120.0,5500,0.0,2.05,4.15,0,2,2,98.5,97.9,0,0,0,0.0,0.0,0.0,0.0,0.0,0.0,1.0025,1,0,0,0,0,0,0,0.0,0.0,8.869,24.8,51.4,1013.1
2026-09-16T15:44:16,143.2,1,Ronda 1,2,Decapado Ácido,11,80,0.0,DC,85.0,35.2,0.0,0,0.0,95.0,4400,0.0,84.8,85.0,1,45.0,105.0,4800,202.5,24.0,0.0,0,0.0,130.0,6000,0.0,24.0,0.0,0,0.0,120.0,5500,0.0,2.05,4.15,0,2,2,98.5,97.9,0,0,0,0.0,0.0,0.0,0.0,0.0,0.0,1.0025,1,0,0,0,0,0,0,0.0,0.0,8.925,24.8,51.4,1013.1
2026-09-16T15:44:16,144.2,1,Ronda 1,2,Decapado Ácido,12,80,0.0,DC,85.0,36.2,0.0,0,0.0,95.0,4400,0.0,84.9,85.0,1,45.0,105.0,4800,202.5,24.0,0.0,0,0.0,130.0,6000,0.0,24.0,0.0,0,0.0,120.0,5500,0.0,2.05,4.15,0,2,2,98.5,97.9,0,0,0,0.0,0.0,0.0,0.0,0.0,0.0,1.0025,1,0,0,0,0,0,0,0.0,0.0,8.981,24.8,51.4,1013.1
2026-09-16T15:44:16,145.2,1,Ronda 1,2,Decapado Ácido,13,80,0.0,DC,85.0,37.2,0.0,0,0.0,95.0,4400,0.0,84.9,85.0,1,45.0,105.0,4800,202.5,24.0,0.0,0,0.0,130.0,6000,0.0,24.0,0.0,0,0.0,120.0,5500,0.0,2.05,4.15,0,2,2,98.5,97.9,0,0,0,0.0,0.0,0.0,0.0,0.0,0.0,1.0025,1,0,0,0,0,0,0,0.0,0.0,9.037,24.8,51.4,1013.1
2026-09-16T15:44:16,146.2,1,Ronda 1,2,Decapado Ácido,14,80,0.0,DC,85.0,38.2,0.0,0,0.0,95.0,4400,0.0,85.2,85.0,1,45.0,105.0,4800,202.5,24.0,0.0,0,0.0,130.0,6000,0.0,24.0,0.0,0,0.0,120.0,5500,0.0,2.05,4.15,0,2,2,98.5,97.9,0,0,0,0.0,0.0,0.0,0.0,0.0,0.0,1.0025,1,0,0,0,0,0,0,0.0,0.0,9.094,24.8,51.4,1013.1
2026-09-16T15:44:16,147.2,1,Ronda 1,2,Decapado Ácido,15,80,0.0,DC,85.0,39.2,0.0,0,0.0,95.0,4400,0.0,84.7,85.0,1,45.0,105.0,4800,202.5,24.0,0.0,0,0.0,130.0,6000,0.0,24.0,0.0,0,0.0,120.0,5500,0.0,2.05,4.15,0,2,2,98.5,97.9,0,0,0,0.0,0.0,0.0,0.0,0.0,0.0,1.0025,1,0,0,0,0,0,0,0.0,0.0,9.15,24.8,51.4,1013.1
2026-09-16T15:44:16,148.2,1,Ronda 1,2,Decapado Ácido,16,80,0.0,DC,85.0,40.3,0.0,0,0.0,95.0,4400,0.0,85.0,85.0,1,45.0,105.0,4800,202.5,24.0,0.0,0,0.0,130.0,6000,0.0,24.0,0.0,0,0.0,120.0,5500,0.0,2.05,4.15,0,2,2,98.5,97.9,0,0,0,0.0,0.0,0.0,0.0,0.0,0.0,1.0025,1,0,0,0,0,0,0,0.0,0.0,9.206,24.8,51.4,1013.1
2026-09-16T15:44:16,149.2,1,Ronda 1,2,Decapado Ácido,17,80,0.0,DC,85.0,41.3,0.0,0,0.0,95.0,4400,0.0,85.0,85.0,1,45.0,105.0,4800,202.5,24.0,0.0,0,0.0,130.0,6000,0.0,24.0,0.0,0,0.0,120.0,5500,0.0,2.05,4.15,0,2,2,98.5,97.9,0,0,0,0.0,0.0,0.0,0.0,0.0,0.0,1.0025,1,0,0,0,0,0,0,0.0,0.0,9.262,24.8,51.4,1013.1
2026-09-16T15:44:16,150.2,1,Ronda 1,2,Decapado Ácido,18,80,0.0,DC,85.0,42.3,0.0,0,0.0,95.0,4400,0.0,85.0,85.0,1,45.0,105.0,4800,202.5,24.0,0.0,0,0.0,130.0,6000,0.0,24.0,0.0,0,0.0,120.0,5500,0.0,2.05,4.15,0,2,2,98.5,97.9,0,0,0,0.0,0.0,0.0,0.0,0.0,0.0,1.0025,1,0,0,0,0,0,0,0.0,0.0,9.319,24.8,51.4,1013.1
2026-09-16T15:44:16,151.2,1,Ronda 1,2,Decapado Ácido,19,80,0.0,DC,85.0,43.3,0.0,0,0.0,95.0,4400,0.0,84.6,85.0,1,45.0,105.0,4800,202.5,24.0,0.0,0,0.0,130.0,6000,0.0,24.0,0.0,0,0.0,120.0,5500,0.0,2.05,4.15,0,2,2,98.5,97.9,0,0,0,0.0,0.0,0.0,0.0,0.0,0.0,1.0025,1,0,0,0,0,0,0,0.0,0.0,9.375,24.8,51.4,1013.1
2026-09-16T15:44:16,152.2,1,Ronda 1,2,Decapado Ácido,20,80,0.0,DC,85.0,44.3,0.0,0,0.0,95.0,4400,0.0,85.0,85.0,1,45.0,105.0,4800,202.5,24.0,0.0,0,0.0,130.0,6000,0.0,24.0,0.0,0,0.0,120.0,5500,0.0,2.05,4.15,0,2,2,98.5,97.9,0,0,0,0.0,0.0,0.0,0.0,0.0,0.0,1.0025,1,0,0,0,0,0,0,0.0,0.0,9.431,24.8,51.4,1013.1
2026-09-16T15:44:16,153.2,1,Ronda 1,2,Decapado Ácido,21,80,0.0,DC,85.0,45.3,0.0,0,0.0,95.0,4400,0.0,84.9,85.0,1,45.0,105.0,4800,202.5,24.0,0.0,0,0.0,130.0,6000,0.0,24.0,0.0,0,0.0,120.0,5500,0.0,2.05,4.15,0,2,2,98.5,97.9,0,0,0,0.0,0.0,0.0,0.0,0.0,0.0,1.0025,1,0,0,0,0,0,0,0.0,0.0,9.487,24.8,51.4,1013.1
2026-09-16T15:44:16,154.2,1,Ronda 1,2,Decapado Ácido,22,80,0.0,DC,85.0,46.4,0.0,0,0.0,95.0,4400,0.0,84.9,85.0,1,45.0,105.0,4800,202.5,24.0,0.0,0,0.0,130.0,6000,0.0,24.0,0.0,0,0.0,120.0,5500,0.0,2.05,4.15,0,2,2,98.5,97.9,0,0,0,0.0,0.0,0.0,0.0,0.0,0.0,1.0025,1,0,0,0,0,0,0,0.0,0.0,9.544,24.8,51.4,1013.1
2026-09-16T15:44:16,155.2,1,Ronda 1,2,Decapado Ácido,23,80,0.0,DC,85.0,47.4,0.0,0,0.0,95.0,4400,0.0,85.0,85.0,1,45.0,105.0,4800,202.5,24.0,0.0,0,0.0,130.0,6000,0.0,24.0,0.0,0,0.0,120.0,5500,0.0,2.05,4.15,0,2,2,98.5,97.9,0,0,0,0.0,0.0,0.0,0.0,0.0,0.0,1.0025,1,0,0,0,0,0,0,0.0,0.0,9.6,24.8,51.4,1013.1
2026-09-16T15:44:16,156.2,1,Ronda 1,2,Decapado Ácido,24,80,0.0,DC,85.0,48.4,0.0,0,0.0,95.0,4400,0.0,85.2,85.0,1,45.0,105.0,4800,202.5,24.0,0.0,0,0.0,130.0,6000,0.0,24.0,0.0,0,0.0,120.0,5500,0.0,2.05,4.15,0,2,2,98.5,97.9,0,0,0,0.0,0.0,0.0,0.0,0.0,0.0,1.0025,1,0,0,0,0,0,0,0.0,0.0,9.656,24.8,51.3,1013.1
2026-09-16T15:44:16,157.2,1,Ronda 1,2,Decapado Ácido,25,80,0.0,DC,85.0,49.4,0.0,0,0.0,95.0,4400,0.0,85.4,85.0,1,45.0,105.0,4800,202.5,24.0,0.0,0,0.0,130.0,6000,0.0,24.0,0.0,0,0.0,120.0,5500,0.0,2.05,4.15,0,2,2,98.5,97.9,0,0,0,0.0,0.0,0.0,0.0,0.0,0.0,1.0025,1,0,0,0,0,0,0,0.0,0.0,9.712,24.8,51.3,1013.1
2026-09-16T15:44:16,158.2,1,Ronda 1,2,Decapado Ácido,26,80,0.0,DC,85.0,50.4,0.0,0,0.0,95.0,4400,0.0,85.0,85.0,1,45.0,105.0,4800,202.5,24.0,0.0,0,0.0,130.0,6000,0.0,24.0,0.0,0,0.0,120.0,5500,0.0,2.05,4.15,0,2,2,98.5,97.9,0,0,0,0.0,0.0,0.0,0.0,0.0,0.0,1.0025,1,0,0,0,0,0,0,0.0,0.0,9.769,24.8,51.3,1013.1
2026-09-16T15:44:16,159.2,1,Ronda 1,2,Decapado Ácido,27,80,0.0,DC,85.0,51.5,0.0,0,0.0,95.0,4400,0.0,85.2,85.0,1,45.0,105.0,4800,202.5,24.0,0.0,0,0.0,130.0,6000,0.0,24.0,0.0,0,0.0,120.0,5500,0.0,2.05,4.15,0,2,2,98.5,97.9,0,0,0,0.0,0.0,0.0,0.0,0.0,0.0,1.0025,1,0,0,0,0,0,0,0.0,0.0,9.825,24.8,51.3,1013.1
2026-09-16T15:44:16,160.2,1,Ronda 1,2,Decapado Ácido,28,80,0.0,DC,85.0,52.5,0.0,0,0.0,95.0,4400,0.0,85.3,85.0,1,45.0,105.0,4800,202.5,24.0,0.0,0,0.0,130.0,6000,0.0,24.0,0.0,0,0.0,120.0,5500,0.0,2.05,4.15,0,2,2,98.5,97.9,0,0,0,0.0,0.0,0.0,0.0,0.0,0.0,1.0025,1,0,0,0,0,0,0,0.0,0.0,9.881,24.8,51.3,1013.1
2026-09-16T15:44:16,161.2,1,Ronda 1,2,Decapado Ácido,29,80,0.0,DC,85.0,53.5,0.0,0,0.0,95.0,4400,0.0,85.1,85.0,1,45.0,105.0,4800,202.5,24.0,0.0,0,0.0,130.0,6000,0.0,24.0,0.0,0,0.0,120.0,5500,0.0,2.05,4.15,0,2,2,98.5,97.9,0,0,0,0.0,0.0,0.0,0.0,0.0,0.0,1.0025,1,0,0,0,0,0,0,0.0,0.0,9.937,24.8,51.3,1013.1
2026-09-16T15:44:16,162.2,1,Ronda 1,2,Decapado Ácido,30,80,0.0,DC,85.0,54.5,0.0,0,0.0,95.0,4400,0.0,84.9,85.0,1,45.0,105.0,4800,202.5,24.0,0.0,0,0.0,130.0,6000,0.0,24.0,0.0,0,0.0,120.0,5500,0.0,2.05,4.15,0,2,2,98.5,97.9,0,0,0,0.0,0.0,0.0,0.0,0.0,0.0,1.0025,1,0,0,0,0,0,0,0.0,0.0,9.994,24.8,51.3,1013.1
2026-09-16T15:44:16,163.2,1,Ronda 1,2,Decapado Ácido,31,80,0.0,DC,85.0,55.5,0.0,0,0.0,95.0,4400,0.0,85.0,85.0,1,45.0,105.0,4800,202.5,24.0,0.0,0,0.0,130.0,6000,0.0,24.0,0.0,0,0.0,120.0,5500,0.0,2.05,4.15,0,2,2,98.5,97.9,0,0,0,0.0,0.0,0.0,0.0,0.0,0.0,1.0025,1,0,0,0,0,0,0,0.0,0.0,10.05,24.8,51.3,1013.1
2026-09-16T15:44:16,164.2,1,Ronda 1,2,Decapado Ácido,32,80,0.0,DC,85.0,56.5,0.0,0,0.0,95.0,4400,0.0,85.1,85.0,1,45.0,105.0,4800,202.5,24.0,0.0,0,0.0,130.0,6000,0.0,24.0,0.0,0,0.0,120.0,5500,0.0,2.05,4.15,0,2,2,98.5,97.9,0,0,0,0.0,0.0,0.0,0.0,0.0,0.0,1.0025,1,0,0,0,0,0,0,0.0,0.0,10.106,24.8,51.3,1013.1
2026-09-16T15:44:16,165.2,1,Ronda 1,2,Decapado Ácido,33,80,0.0,DC,85.0,57.6,0.0,0,0.0,95.0,4400,0.0,84.8,85.0,1,45.0,105.0,4800,202.5,24.0,0.0,0,0.0,130.0,6000,0.0,24.0,0.0,0,0.0,120.0,5500,0.0,2.05,4.15,0,2,2,98.5,97.9,0,0,0,0.0,0.0,0.0,0.0,0.0,0.0,1.0025,1,0,0,0,0,0,0,0.0,0.0,10.162,24.8,51.3,1013.1
2026-09-16T15:44:16,166.2,1,Ronda 1,2,Decapado Ácido,34,80,0.0,DC,85.0,58.6,0.0,0,0.0,95.0,4400,0.0,85.2,85.0,1,45.0,105.0,4800,202.5,24.0,0.0,0,0.0,130.0,6000,0.0,24.0,0.0,0,0.0,120.0,5500,0.0,2.05,4.15,0,2,2,98.5,97.9,0,0,0,0.0,0.0,0.0,0.0,0.0,0.0,1.0025,1,0,0,0,0,0,0,0.0,0.0,10.219,24.8,51.3,1013.1
2026-09-16T15:44:16,167.2,1,Ronda 1,2,Decapado Ácido,35,80,0.0,DC,85.0,59.6,0.0,0,0.0,95.0,4400,0.0,85.0,85.0,1,45.0,105.0,4800,202.5,24.0,0.0,0,0.0,130.0,6000,0.0,24.0,0.0,0,0.0,120.0,5500,0.0,2.05,4.15,0,2,2,98.5,97.9,0,0,0,0.0,0.0,0.0,0.0,0.0,0.0,1.0025,1,0,0,0,0,0,0,0.0,0.0,10.275,24.8,51.3,1013.1
2026-09-16T15:44:16,168.2,1,Ronda 1,2,Decapado Ácido,36,80,0.0,DC,85.0,60.6,0.0,0,0.0,95.0,4400,0.0,84.9,85.0,1,45.0,105.0,4800,202.5,24.0,0.0,0,0.0,130.0,6000,0.0,24.0,0.0,0,0.0,120.0,5500,0.0,2.05,4.15,0,2,2,98.5,97.9,0,0,0,0.0,0.0,0.0,0.0,0.0,0.0,1.0025,1,0,0,0,0,0,0,0.0,0.0,10.331,24.8,51.3,1013.1
2026-09-16T15:44:16,169.2,1,Ronda 1,2,Decapado Ácido,37,80,0.0,DC,85.0,61.6,0.0,0,0.0,95.0,4400,0.0,85.1,85.0,1,45.0,105.0,4800,202.5,24.0,0.0,0,0.0,130.0,6000,0.0,24.0,0.0,0,0.0,120.0,5500,0.0,2.05,4.15,0,2,2,98.5,97.9,0,0,0,0.0,0.0,0.0,0.0,0.0,0.0,1.0025,1,0,0,0,0,0,0,0.0,0.0,10.387,24.8,51.3,1013.1
2026-09-16T15:44:16,170.2,1,Ronda 1,2,Decapado Ácido,38,80,0.0,DC,85.0,62.6,0.0,0,0.0,95.0,4400,0.0,84.8,85.0,1,45.0,105.0,4800,202.5,24.0,0.0,0,0.0,130.0,6000,0.0,24.0,0.0,0,0.0,120.0,5500,0.0,2.05,4.15,0,2,2,98.5,97.9,0,0,0,0.0,0.0,0.0,0.0,0.0,0.0,1.0025,1,0,0,0,0,0,0,0.0,0.0,10.444,24.8,51.3,1013.1
2026-09-16T15:44:16,171.2,1,Ronda 1,2,Decapado Ácido,39,80,0.0,DC,85.0,63.6,0.0,0,0.0,95.0,4400,0.0,85.0,85.0,1,45.0,105.0,4800,202.5,24.0,0.0,0,0.0,130.0,6000,0.0,24.0,0.0,0,0.0,120.0,5500,0.0,2.05,4.15,0,2,2,98.5,97.9,0,0,0,0.0,0.0,0.0,0.0,0.0,0.0,1.0025,1,0,0,0,0,0,0,0.0,0.0,10.5,24.8,51.3,1013.1
2026-09-16T15:44:16,172.2,1,Ronda 1,2,Decapado Ácido,40,80,0.0,DC,85.0,64.7,0.0,0,0.0,95.0,4400,0.0,85.0,85.0,1,45.0,105.0,4800,202.5,24.0,0.0,0,0.0,130.0,6000,0.0,24.0,0.0,0,0.0,120.0,5500,0.0,2.05,4.15,0,2,2,98.5,97.9,0,0,0,0.0,0.0,0.0,0.0,0.0,0.0,1.0025,1,0,0,0,0,0,0,0.0,0.0,10.556,24.8,51.3,1013.1
2026-09-16T15:44:16,173.2,1,Ronda 1,2,Decapado Ácido,41,80,0.0,DC,85.0,65.7,0.0,0,0.0,95.0,4400,0.0,84.7,85.0,1,45.0,105.0,4800,202.5,24.0,0.0,0,0.0,130.0,6000,0.0,24.0,0.0,0,0.0,120.0,5500,0.0,2.05,4.15,0,2,2,98.5,97.9,0,0,0,0.0,0.0,0.0,0.0,0.0,0.0,1.0025,1,0,0,0,0,0,0,0.0,0.0,10.612,24.8,51.3,1013.1
2026-09-16T15:44:16,174.2,1,Ronda 1,2,Decapado Ácido,42,80,0.0,DC,85.0,66.7,0.0,0,0.0,95.0,4400,0.0,85.0,85.0,1,45.0,105.0,4800,202.5,24.0,0.0,0,0.0,130.0,6000,0.0,24.0,0.0,0,0.0,120.0,5500,0.0,2.05,4.15,0,2,2,98.5,97.9,0,0,0,0.0,0.0,0.0,0.0,0.0,0.0,1.0025,1,0,0,0,0,0,0,0.0,0.0,10.669,24.8,51.3,1013.1
2026-09-16T15:44:16,175.2,1,Ronda 1,2,Decapado Ácido,43,80,0.0,DC,85.0,67.7,0.0,0,0.0,95.0,4400,0.0,85.0,85.0,1,45.0,105.0,4800,202.5,24.0,0.0,0,0.0,130.0,6000,0.0,24.0,0.0,0,0.0,120.0,5500,0.0,2.05,4.15,0,2,2,98.5,97.9,0,0,0,0.0,0.0,0.0,0.0,0.0,0.0,1.0025,1,0,0,0,0,0,0,0.0,0.0,10.725,24.8,51.3,1013.1
2026-09-16T15:44:16,176.2,1,Ronda 1,2,Decapado Ácido,44,80,0.0,DC,85.0,68.7,0.0,0,0.0,95.0,4400,0.0,85.3,85.0,1,45.0,105.0,4800,202.5,24.0,0.0,0,0.0,130.0,6000,0.0,24.0,0.0,0,0.0,120.0,5500,0.0,2.05,4.15,0,2,2,98.5,97.9,0,0,0,0.0,0.0,0.0,0.0,0.0,0.0,1.0025,1,0,0,0,0,0,0,0.0,0.0,10.781,24.8,51.3,1013.1
2026-09-16T15:44:16,177.2,1,Ronda 1,2,Decapado Ácido,45,80,0.0,DC,85.0,69.8,0.0,0,0.0,95.0,4400,0.0,85.1,85.0,1,45.0,105.0,4800,202.5,24.0,0.0,0,0.0,130.0,6000,0.0,24.0,0.0,0,0.0,120.0,5500,0.0,2.05,4.15,0,2,2,98.5,97.9,0,0,0,0.0,0.0,0.0,0.0,0.0,0.0,1.0025,1,0,0,0,0,0,0,0.0,0.0,10.837,24.8,51.3,1013.1
2026-09-16T15:44:16,178.2,1,Ronda 1,2,Decapado Ácido,46,80,0.0,DC,85.0,70.8,0.0,0,0.0,95.0,4400,0.0,85.0,85.0,1,45.0,105.0,4800,202.5,24.0,0.0,0,0.0,130.0,6000,0.0,24.0,0.0,0,0.0,120.0,5500,0.0,2.05,4.15,0,2,2,98.5,97.9,0,0,0,0.0,0.0,0.0,0.0,0.0,0.0,1.0025,1,0,0,0,0,0,0,0.0,0.0,10.894,24.8,51.3,1013.1
2026-09-16T15:44:16,179.2,1,Ronda 1,2,Decapado Ácido,47,80,0.0,DC,85.0,71.8,0.0,0,0.0,95.0,4400,0.0,85.2,85.0,1,45.0,105.0,4800,202.5,24.0,0.0,0,0.0,130.0,6000,0.0,24.0,0.0,0,0.0,120.0,5500,0.0,2.05,4.15,0,2,2,98.5,97.9,0,0,0,0.0,0.0,0.0,0.0,0.0,0.0,1.0025,1,0,0,0,0,0,0,0.0,0.0,10.95,24.8,51.3,1013.1
2026-09-16T15:44:16,180.2,1,Ronda 1,2,Decapado Ácido,48,80,0.0,DC,85.0,72.8,0.0,0,0.0,95.0,4400,0.0,84.9,85.0,1,45.0,105.0,4800,202.5,24.0,0.0,0,0.0,130.0,6000,0.0,24.0,0.0,0,0.0,120.0,5500,0.0,2.05,4.15,0,2,2,98.5,97.9,0,0,0,0.0,0.0,0.0,0.0,0.0,0.0,1.0025,1,0,0,0,0,0,0,0.0,0.0,11.006,24.8,51.2,1013.1
2026-09-16T15:44:16,181.2,1,Ronda 1,2,Decapado Ácido,49,80,0.0,DC,85.0,73.8,0.0,0,0.0,95.0,4400,0.0,85.1,85.0,1,45.0,105.0,4800,202.5,24.0,0.0,0,0.0,130.0,6000,0.0,24.0,0.0,0,0.0,120.0,5500,0.0,2.05,4.15,0,2,2,98.5,97.9,0,0,0,0.0,0.0,0.0,0.0,0.0,0.0,1.0025,1,0,0,0,0,0,0,0.0,0.0,11.062,24.8,51.2,1013.1
2026-09-16T15:44:16,182.2,1,Ronda 1,2,Decapado Ácido,50,80,0.0,DC,85.0,74.8,0.0,0,0.0,95.0,4400,0.0,85.3,85.0,1,45.0,105.0,4800,202.5,24.0,0.0,0,0.0,130.0,6000,0.0,24.0,0.0,0,0.0,120.0,5500,0.0,2.05,4.15,0,2,2,98.5,97.9,0,0,0,0.0,0.0,0.0,0.0,0.0,0.0,1.0025,1,0,0,0,0,0,0,0.0,0.0,11.119,24.8,51.2,1013.1
2026-09-16T15:44:16,183.2,1,Ronda 1,2,Decapado Ácido,51,80,0.0,DC,85.0,75.8,0.0,0,0.0,95.0,4400,0.0,84.8,85.0,1,45.0,105.0,4800,202.5,24.0,0.0,0,0.0,130.0,6000,0.0,24.0,0.0,0,0.0,120.0,5500,0.0,2.05,4.15,0,2,2,98.5,97.9,0,0,0,0.0,0.0,0.0,0.0,0.0,0.0,1.0025,1,0,0,0,0,0,0,0.0,0.0,11.175,24.8,51.2,1013.1
2026-09-16T15:44:16,184.2,1,Ronda 1,2,Decapado Ácido,52,80,0.0,DC,85.0,76.9,0.0,0,0.0,95.0,4400,0.0,85.0,85.0,1,45.0,105.0,4800,202.5,24.0,0.0,0,0.0,130.0,6000,0.0,24.0,0.0,0,0.0,120.0,5500,0.0,2.05,4.15,0,2,2,98.5,97.9,0,0,0,0.0,0.0,0.0,0.0,0.0,0.0,1.0025,1,0,0,0,0,0,0,0.0,0.0,11.231,24.8,51.2,1013.1
2026-09-16T15:44:16,185.2,1,Ronda 1,2,Decapado Ácido,53,80,0.0,DC,85.0,77.9,0.0,0,0.0,95.0,4400,0.0,84.8,85.0,1,45.0,105.0,4800,202.5,24.0,0.0,0,0.0,130.0,6000,0.0,24.0,0.0,0,0.0,120.0,5500,0.0,2.05,4.15,0,2,2,98.5,97.9,0,0,0,0.0,0.0,0.0,0.0,0.0,0.0,1.0025,1,0,0,0,0,0,0,0.0,0.0,11.288,24.8,51.2,1013.1
2026-09-16T15:44:16,186.2,1,Ronda 1,2,Decapado Ácido,54,80,0.0,DC,85.0,78.9,0.0,0,0.0,95.0,4400,0.0,85.4,85.0,1,45.0,105.0,4800,202.5,24.0,0.0,0,0.0,130.0,6000,0.0,24.0,0.0,0,0.0,120.0,5500,0.0,2.05,4.15,0,2,2,98.5,97.9,0,0,0,0.0,0.0,0.0,0.0,0.0,0.0,1.0025,1,0,0,0,0,0,0,0.0,0.0,11.344,24.8,51.2,1013.1
2026-09-16T15:44:16,187.2,1,Ronda 1,2,Decapado Ácido,55,80,0.0,DC,85.0,79.9,0.0,0,0.0,95.0,4400,0.0,84.8,85.0,1,45.0,105.0,4800,202.5,24.0,0.0,0,0.0,130.0,6000,0.0,24.0,0.0,0,0.0,120.0,5500,0.0,2.05,4.15,0,2,2,98.5,97.9,0,0,0,0.0,0.0,0.0,0.0,0.0,0.0,1.0025,1,0,0,0,0,0,0,0.0,0.0,11.4,24.8,51.2,1013.1
2026-09-16T15:44:16,188.2,1,Ronda 1,2,Decapado Ácido,56,80,0.0,DC,85.0,80.9,0.0,0,0.0,95.0,4400,0.0,85.1,85.0,1,45.0,105.0,4800,202.5,24.0,0.0,0,0.0,130.0,6000,0.0,24.0,0.0,0,0.0,120.0,5500,0.0,2.05,4.15,0,2,2,98.5,97.9,0,0,0,0.0,0.0,0.0,0.0,0.0,0.0,1.0025,1,0,0,0,0,0,0,0.0,0.0,11.456,24.8,51.2,1013.1
2026-09-16T15:44:16,189.2,1,Ronda 1,2,Decapado Ácido,57,80,0.0,DC,85.0,81.9,0.0,0,0.0,95.0,4400,0.0,85.2,85.0,1,45.0,105.0,4800,202.5,24.0,0.0,0,0.0,130.0,6000,0.0,24.0,0.0,0,0.0,120.0,5500,0.0,2.05,4.15,0,2,2,98.5,97.9,0,0,0,0.0,0.0,0.0,0.0,0.0,0.0,1.0025,1,0,0,0,0,0,0,0.0,0.0,11.513,24.8,51.2,1013.1
2026-09-16T15:44:16,190.2,1,Ronda 1,2,Decapado Ácido,58,80,0.0,DC,85.0,83.0,0.0,0,0.0,95.0,4400,0.0,85.2,85.0,1,45.0,105.0,4800,202.5,24.0,0.0,0,0.0,130.0,6000,0.0,24.0,0.0,0,0.0,120.0,5500,0.0,2.05,4.15,0,2,2,98.5,97.9,0,0,0,0.0,0.0,0.0,0.0,0.0,0.0,1.0025,1,0,0,0,0,0,0,0.0,0.0,11.569,24.8,51.2,1013.1
2026-09-16T15:44:16,191.2,1,Ronda 1,2,Decapado Ácido,59,80,0.0,DC,85.0,84.0,0.0,0,0.0,95.0,4400,0.0,85.1,85.0,1,45.0,105.0,4800,202.5,24.0,0.0,0,0.0,130.0,6000,0.0,24.0,0.0,0,0.0,120.0,5500,0.0,2.05,4.15,0,2,2,98.5,97.9,0,0,0,0.0,0.0,0.0,0.0,0.0,0.0,1.0025,1,0,0,0,0,0,0,0.0,0.0,11.625,24.8,51.2,1013.1
2026-09-16T15:44:16,192.2,1,Ronda 1,2,Decapado Ácido,60,80,0.0,DC,85.0,85.0,0.0,0,0.0,95.0,4400,0.0,84.7,85.0,1,45.0,105.0,4800,202.5,24.0,0.0,0,0.0,130.0,6000,0.0,24.0,0.0,0,0.0,120.0,5500,0.0,2.05,4.15,0,2,2,98.5,97.9,0,0,0,0.0,0.0,0.0,0.0,0.0,0.0,1.0025,1,0,0,0,0,0,0,0.0,0.0,11.681,24.8,51.2,1013.1
2026-09-16T15:44:16,193.2,1,Ronda 1,2,Decapado Ácido,61,80,0.0,DC,85.0,85.0,0.0,0,0.0,95.0,4400,0.0,84.8,85.0,1,45.0,105.0,4800,202.5,24.0,0.0,0,0.0,130.0,6000,0.0,24.0,0.0,0,0.0,120.0,5500,0.0,2.05,4.15,0,2,2,98.5,97.9,0,0,0,0.0,0.0,0.0,0.0,0.0,0.0,1.0025,1,0,0,0,0,0,0,0.0,0.0,11.738,24.8,51.2,1013.1
2026-09-16T15:44:16,194.2,1,Ronda 1,2,Decapado Ácido,62,80,0.0,DC,85.0,85.0,0.0,0,0.0,95.0,4400,0.0,85.1,85.0,1,45.0,105.0,4800,202.5,24.0,0.0,0,0.0,130.0,6000,0.0,24.0,0.0,0,0.0,120.0,5500,0.0,2.05,4.15,0,2,2,98.5,97.9,0,0,0,0.0,0.0,0.0,0.0,0.0,0.0,1.0025,1,0,0,0,0,0,0,0.0,0.0,11.794,24.8,51.2,1013.1
2026-09-16T15:44:16,195.2,1,Ronda 1,2,Decapado Ácido,63,80,0.0,DC,85.0,85.0,0.0,0,0.0,95.0,4400,0.0,85.3,85.0,1,45.0,105.0,4800,202.5,24.0,0.0,0,0.0,130.0,6000,0.0,24.0,0.0,0,0.0,120.0,5500,0.0,2.05,4.15,0,2,2,98.5,97.9,0,0,0,0.0,0.0,0.0,0.0,0.0,0.0,1.0025,1,0,0,0,0,0,0,0.0,0.0,11.85,24.8,51.2,1013.1
2026-09-16T15:44:16,196.2,1,Ronda 1,2,Decapado Ácido,64,80,0.0,DC,85.0,85.0,0.0,0,0.0,95.0,4400,0.0,84.8,85.0,1,45.0,105.0,4800,202.5,24.0,0.0,0,0.0,130.0,6000,0.0,24.0,0.0,0,0.0,120.0,5500,0.0,2.05,4.15,0,2,2,98.5,97.9,0,0,0,0.0,0.0,0.0,0.0,0.0,0.0,1.0025,1,0,0,0,0,0,0,0.0,0.0,11.906,24.8,51.2,1013.1
2026-09-16T15:44:16,197.2,1,Ronda 1,2,Decapado Ácido,65,80,0.0,DC,85.0,85.0,0.0,0,0.0,95.0,4400,0.0,84.9,85.0,1,45.0,105.0,4800,202.5,24.0,0.0,0,0.0,130.0,6000,0.0,24.0,0.0,0,0.0,120.0,5500,0.0,2.05,4.15,0,2,2,98.5,97.9,0,0,0,0.0,0.0,0.0,0.0,0.0,0.0,1.0025,1,0,0,0,0,0,0,0.0,0.0,11.963,24.8,51.2,1013.1
2026-09-16T15:44:16,198.2,1,Ronda 1,2,Decapado Ácido,66,80,0.0,DC,85.0,85.0,0.0,0,0.0,95.0,4400,0.0,84.6,85.0,1,45.0,105.0,4800,202.5,24.0,0.0,0,0.0,130.0,6000,0.0,24.0,0.0,0,0.0,120.0,5500,0.0,2.05,4.15,0,2,2,98.5,97.9,0,0,0,0.0,0.0,0.0,0.0,0.0,0.0,1.0025,1,0,0,0,0,0,0,0.0,0.0,12.019,24.8,51.2,1013.1
2026-09-16T15:44:16,199.2,1,Ronda 1,2,Decapado Ácido,67,80,0.0,DC,85.0,85.0,0.0,0,0.0,95.0,4400,0.0,85.1,85.0,1,45.0,105.0,4800,202.5,24.0,0.0,0,0.0,130.0,6000,0.0,24.0,0.0,0,0.0,120.0,5500,0.0,2.05,4.15,0,2,2,98.5,97.9,0,0,0,0.0,0.0,0.0,0.0,0.0,0.0,1.0025,1,0,0,0,0,0,0,0.0,0.0,12.075,24.8,51.2,1013.1
2026-09-16T15:44:16,200.2,1,Ronda 1,2,Decapado Ácido,68,80,0.0,DC,85.0,85.0,0.0,0,0.0,95.0,4400,0.0,85.2,85.0,1,45.0,105.0,4800,202.5,24.0,0.0,0,0.0,130.0,6000,0.0,24.0,0.0,0,0.0,120.0,5500,0.0,2.05,4.15,0,2,2,98.5,97.9,0,0,0,0.0,0.0,0.0,0.0,0.0,0.0,1.0025,1,0,0,0,0,0,0,0.0,0.0,12.131,24.8,51.2,1013.1
2026-09-16T15:44:16,201.2,1,Ronda 1,2,Decapado Ácido,69,80,0.0,DC,85.0,85.0,0.0,0,0.0,95.0,4400,0.0,84.8,85.0,1,45.0,105.0,4800,202.5,24.0,0.0,0,0.0,130.0,6000,0.0,24.0,0.0,0,0.0,120.0,5500,0.0,2.05,4.15,0,2,2,98.5,97.9,0,0,0,0.0,0.0,0.0,0.0,0.0,0.0,1.0025,1,0,0,0,0,0,0,0.0,0.0,12.188,24.8,51.2,1013.1
2026-09-16T15:44:16,202.2,1,Ronda 1,2,Decapado Ácido,70,80,0.0,DC,85.0,85.0,0.0,0,0.0,95.0,4400,0.0,84.9,85.0,1,45.0,105.0,4800,202.5,24.0,0.0,0,0.0,130.0,6000,0.0,24.0,0.0,0,0.0,120.0,5500,0.0,2.05,4.15,0,2,2,98.5,97.9,0,0,0,0.0,0.0,0.0,0.0,0.0,0.0,1.0025,1,0,0,0,0,0,0,0.0,0.0,12.244,24.7,51.2,1013.1
2026-09-16T15:44:16,203.2,1,Ronda 1,2,Decapado Ácido,71,80,0.0,DC,85.0,85.0,0.0,0,0.0,95.0,4400,0.0,84.9,85.0,1,45.0,105.0,4800,202.5,24.0,0.0,0,0.0,130.0,6000,0.0,24.0,0.0,0,0.0,120.0,5500,0.0,2.05,4.15,0,2,2,98.5,97.9,0,0,0,0.0,0.0,0.0,0.0,0.0,0.0,1.0025,1,0,0,0,0,0,0,0.0,0.0,12.3,24.7,51.2,1013.1
2026-09-16T15:44:16,204.2,1,Ronda 1,2,Decapado Ácido,72,80,0.0,DC,85.0,85.0,0.0,0,0.0,95.0,4400,0.0,85.0,85.0,1,45.0,105.0,4800,202.5,24.0,0.0,0,0.0,130.0,6000,0.0,24.0,0.0,0,0.0,120.0,5500,0.0,2.05,4.15,0,2,2,98.5,97.9,0,0,0,0.0,0.0,0.0,0.0,0.0,0.0,1.0025,1,0,0,0,0,0,0,0.0,0.0,12.356,24.7,51.1,1013.1
2026-09-16T15:44:16,205.2,1,Ronda 1,2,Decapado Ácido,73,80,0.0,DC,85.0,85.0,0.0,0,0.0,95.0,4400,0.0,85.2,85.0,1,45.0,105.0,4800,202.5,24.0,0.0,0,0.0,130.0,6000,0.0,24.0,0.0,0,0.0,120.0,5500,0.0,2.05,4.15,0,2,2,98.5,97.9,0,0,0,0.0,0.0,0.0,0.0,0.0,0.0,1.0025,1,0,0,0,0,0,0,0.0,0.0,12.413,24.7,51.1,1013.1
2026-09-16T15:44:16,206.2,1,Ronda 1,2,Decapado Ácido,74,80,0.0,DC,85.0,85.0,0.0,0,0.0,95.0,4400,0.0,85.4,85.0,1,45.0,105.0,4800,202.5,24.0,0.0,0,0.0,130.0,6000,0.0,24.0,0.0,0,0.0,120.0,5500,0.0,2.05,4.15,0,2,2,98.5,97.9,0,0,0,0.0,0.0,0.0,0.0,0.0,0.0,1.0025,1,0,0,0,0,0,0,0.0,0.0,12.469,24.7,51.1,1013.1
2026-09-16T15:44:16,207.2,1,Ronda 1,2,Decapado Ácido,75,80,0.0,DC,85.0,85.0,0.0,0,0.0,95.0,4400,0.0,85.0,85.0,1,45.0,105.0,4800,202.5,24.0,0.0,0,0.0,130.0,6000,0.0,24.0,0.0,0,0.0,120.0,5500,0.0,2.05,4.15,0,2,2,98.5,97.9,0,0,0,0.0,0.0,0.0,0.0,0.0,0.0,1.0025,1,0,0,0,0,0,0,0.0,0.0,12.525,24.7,51.1,1013.1
2026-09-16T15:44:16,208.2,1,Ronda 1,2,Decapado Ácido,76,80,0.0,DC,85.0,85.0,0.0,0,0.0,95.0,4400,0.0,85.4,85.0,1,45.0,105.0,4800,202.5,24.0,0.0,0,0.0,130.0,6000,0.0,24.0,0.0,0,0.0,120.0,5500,0.0,2.05,4.15,0,2,2,98.5,97.9,0,0,0,0.0,0.0,0.0,0.0,0.0,0.0,1.0025,1,0,0,0,0,0,0,0.0,0.0,12.581,24.7,51.1,1013.1
2026-09-16T15:44:16,209.2,1,Ronda 1,2,Decapado Ácido,77,80,0.0,DC,85.0,85.0,0.0,0,0.0,95.0,4400,0.0,85.2,85.0,1,45.0,105.0,4800,202.5,24.0,0.0,0,0.0,130.0,6000,0.0,24.0,0.0,0,0.0,120.0,5500,0.0,2.05,4.15,0,2,2,98.5,97.9,0,0,0,0.0,0.0,0.0,0.0,0.0,0.0,1.0025,1,0,0,0,0,0,0,0.0,0.0,12.638,24.7,51.1,1013.1
2026-09-16T15:44:16,210.2,1,Ronda 1,2,Decapado Ácido,78,80,0.0,DC,85.0,85.0,0.0,0,0.0,95.0,4400,0.0,85.1,85.0,1,45.0,105.0,4800,202.5,24.0,0.0,0,0.0,130.0,6000,0.0,24.0,0.0,0,0.0,120.0,5500,0.0,2.05,4.15,0,2,2,98.5,97.9,0,0,0,0.0,0.0,0.0,0.0,0.0,0.0,1.0025,1,0,0,0,0,0,0,0.0,0.0,12.694,24.7,51.1,1013.1
2026-09-16T15:44:16,211.2,1,Ronda 1,2,Decapado Ácido,79,80,0.0,DC,85.0,85.0,0.0,0,0.0,95.0,4400,0.0,84.9,85.0,1,45.0,105.0,4800,202.5,24.0,0.0,0,0.0,130.0,6000,0.0,24.0,0.0,0,0.0,120.0,5500,0.0,2.05,4.15,0,2,2,98.5,97.9,0,0,0,0.0,0.0,0.0,0.0,0.0,0.0,1.0025,1,0,0,0,0,0,0,0.0,0.0,12.75,24.7,51.1,1013.1
2026-09-16T15:44:16,224.6,1,Ronda 1,3,Zincado Celda Hull,0,100,1.5,Pulsado,25.0,24.0,0.0,0,0.0,95.0,4400,0.0,24.0,0.0,0,0.0,105.0,4800,0.0,24.6,25.0,1,22.0,130.0,6000,3.96,24.0,0.0,0,0.0,120.0,5500,0.0,2.05,4.15,0,2,2,98.5,97.9,0,1,1,1.5,1.491,0.747,0.744,0.747,0.744,1.0025,1,1,870,10,20,0,0,1.49,0.51,12.751,24.7,51.1,1013.1
2026-09-16T15:44:16,225.6,1,Ronda 1,3,Zincado Celda Hull,1,100,1.5,Pulsado,25.0,25.0,0.0,0,0.0,95.0,4400,0.0,24.0,0.0,0,0.0,105.0,4800,0.0,24.9,25.0,1,22.0,130.0,6000,3.96,24.0,0.0,0,0.0,120.0,5500,0.0,2.05,4.15,0,2,2,98.5,97.9,0,1,1,1.5,1.495,0.749,0.746,0.749,0.746,1.0025,1,1,870,10,20,0,0,2.99,1.01,12.752,24.7,51.1,1013.1
2026-09-16T15:44:16,226.6,1,Ronda 1,3,Zincado Celda Hull,2,100,1.5,Pulsado,25.0,26.0,0.0,0,0.0,95.0,4400,0.0,24.0,0.0,0,0.0,105.0,4800,0.0,25.2,25.0,1,22.0,130.0,6000,3.96,24.0,0.0,0,0.0,120.0,5500,0.0,2.05,4.15,0,2,2,98.5,97.9,0,1,1,1.5,1.49,0.747,0.744,0.747,0.744,1.0025,1,1,870,10,20,0,0,4.48,1.52,12.753,24.7,51.1,1013.1
2026-09-16T15:44:16,227.6,1,Ronda 1,3,Zincado Celda Hull,3,100,1.5,Pulsado,25.0,27.1,0.0,0,0.0,95.0,4400,0.0,24.0,0.0,0,0.0,105.0,4800,0.0,24.8,25.0,1,22.0,130.0,6000,3.96,24.0,0.0,0,0.0,120.0,5500,0.0,2.05,4.15,0,2,2,98.5,97.9,0,1,1,1.5,1.497,0.75,0.747,0.75,0.747,1.0025,1,1,870,10,20,0,0,5.97,2.02,12.754,24.7,51.1,1013.1
2026-09-16T15:44:16,228.6,1,Ronda 1,3,Zincado Celda Hull,4,100,1.5,Pulsado,25.0,28.1,0.0,0,0.0,95.0,4400,0.0,24.0,0.0,0,0.0,105.0,4800,0.0,25.0,25.0,1,22.0,130.0,6000,3.96,24.0,0.0,0,0.0,120.0,5500,0.0,2.05,4.15,0,2,2,98.5,97.9,0,1,1,1.5,1.505,0.754,0.751,0.754,0.751,1.0025,1,1,870,10,20,0,0,7.48,2.53,12.756,24.7,51.0,1013.1
2026-09-16T15:44:16,229.6,1,Ronda 1,3,Zincado Celda Hull,5,100,1.5,Pulsado,25.0,29.1,0.0,0,0.0,95.0,4400,0.0,24.0,0.0,0,0.0,105.0,4800,0.0,25.1,25.0,1,22.0,130.0,6000,3.96,24.0,0.0,0,0.0,120.0,5500,0.0,2.05,4.15,0,2,2,98.5,97.9,0,1,1,1.5,1.493,0.748,0.745,0.748,0.745,1.0025,1,1,870,10,20,0,0,8.97,3.04,12.757,24.7,51.0,1013.1
2026-09-16T15:44:16,230.6,1,Ronda 1,3,Zincado Celda Hull,6,100,1.5,Pulsado,25.0,30.1,0.0,0,0.0,95.0,4400,0.0,24.0,0.0,0,0.0,105.0,4800,0.0,25.1,25.0,1,22.0,130.0,6000,3.96,24.0,0.0,0,0.0,120.0,5500,0.0,2.05,4.15,0,2,2,98.5,97.9,0,1,1,1.5,1.492,0.748,0.745,0.748,0.745,1.0025,1,1,870,10,20,0,0,10.46,3.54,12.758,24.7,51.0,1013.1
2026-09-16T15:44:16,231.6,1,Ronda 1,3,Zincado Celda Hull,7,100,1.5,Pulsado,25.0,31.1,0.0,0,0.0,95.0,4400,0.0,24.0,0.0,0,0.0,105.0,4800,0.0,24.7,25.0,1,22.0,130.0,6000,3.96,24.0,0.0,0,0.0,120.0,5500,0.0,2.05,4.15,0,2,2,98.5,97.9,0,1,1,1.5,1.506,0.755,0.752,0.755,0.752,1.0025,1,1,870,10,20,0,0,11.97,4.06,12.759,24.7,51.0,1013.1
2026-09-16T15:44:16,232.6,1,Ronda 1,3,Zincado Celda Hull,8,100,1.5,Pulsado,25.0,32.1,0.0,0,0.0,95.0,4400,0.0,24.0,0.0,0,0.0,105.0,4800,0.0,24.8,25.0,1,22.0,130.0,6000,3.96,24.0,0.0,0,0.0,120.0,5500,0.0,2.05,4.15,0,2,2,98.5,97.9,0,1,1,1.5,1.499,0.751,0.748,0.751,0.748,1.0025,1,1,870,10,20,0,0,13.47,4.56,12.76,24.7,51.0,1013.1
2026-09-16T15:44:16,233.6,1,Ronda 1,3,Zincado Celda Hull,9,100,1.5,Pulsado,25.0,33.1,0.0,0,0.0,95.0,4400,0.0,24.0,0.0,0,0.0,105.0,4800,0.0,25.1,25.0,1,22.0,130.0,6000,3.96,24.0,0.0,0,0.0,120.0,5500,0.0,2.05,4.15,0,2,2,98.5,97.9,0,1,1,1.5,1.504,0.753,0.75,0.753,0.75,1.0025,1,1,870,10,20,0,0,14.97,5.07,12.761,24.7,51.0,1013.1
2026-09-16T15:44:16,234.6,1,Ronda 1,3,Zincado Celda Hull,10,100,1.5,Pulsado,25.0,34.2,0.0,0,0.0,95.0,4400,0.0,24.0,0.0,0,0.0,105.0,4800,0.0,25.0,25.0,1,22.0,130.0,6000,3.96,24.0,0.0,0,0.0,120.0,5500,0.0,2.05,4.15,0,2,2,98.5,97.9,0,1,1,1.5,1.501,0.752,0.749,0.752,0.749,1.0025,1,1,870,10,20,0,0,16.47,5.58,12.762,24.7,51.0,1013.1
2026-09-16T15:44:16,235.6,1,Ronda 1,3,Zincado Celda Hull,11,100,1.5,Pulsado,25.0,35.2,0.0,0,0.0,95.0,4400,0.0,24.0,0.0,0,0.0,105.0,4800,0.0,24.9,25.0,1,22.0,130.0,6000,3.96,24.0,0.0,0,0.0,120.0,5500,0.0,2.05,4.15,0,2,2,98.5,97.9,0,1,1,1.5,1.5,0.751,0.748,0.751,0.748,1.0025,1,1,870,10,20,0,0,17.97,6.09,12.763,24.7,51.0,1013.1
2026-09-16T15:44:16,236.6,1,Ronda 1,3,Zincado Celda Hull,12,100,1.5,Pulsado,25.0,36.2,0.0,0,0.0,95.0,4400,0.0,24.0,0.0,0,0.0,105.0,4800,0.0,25.0,25.0,1,22.0,130.0,6000,3.96,24.0,0.0,0,0.0,120.0,5500,0.0,2.05,4.15,0,2,2,98.5,97.9,0,1,1,1.5,1.501,0.752,0.749,0.752,0.749,1.0025,1,1,870,10,20,0,0,19.47,6.6,12.764,24.7,51.0,1013.1
2026-09-16T15:44:16,237.6,1,Ronda 1,3,Zincado Celda Hull,13,100,1.5,Pulsado,25.0,37.2,0.0,0,0.0,95.0,4400,0.0,24.0,0.0,0,0.0,105.0,4800,0.0,25.0,25.0,1,22.0,130.0,6000,3.96,24.0,0.0,0,0.0,120.0,5500,0.0,2.05,4.15,0,2,2,98.5,97.9,0,1,1,1.5,1.487,0.745,0.742,0.745,0.742,1.0025,1,1,870,10,20,0,0,20.96,7.1,12.765,24.6,51.0,1013.1
2026-09-16T15:44:16,238.6,1,Ronda 1,3,Zincado Celda Hull,14,100,1.5,Pulsado,25.0,38.2,0.0,0,0.0,95.0,4400,0.0,24.0,0.0,0,0.0,105.0,4800,0.0,24.9,25.0,1,22.0,130.0,6000,3.96,24.0,0.0,0,0.0,120.0,5500,0.0,2.05,4.15,0,2,2,98.5,97.9,0,1,1,1.5,1.494,0.749,0.746,0.749,0.746,1.0025,1,1,870,10,20,0,0,22.45,7.61,12.766,24.6,51.0,1013.1
2026-09-16T15:44:16,239.6,1,Ronda 1,3,Zincado Celda Hull,15,100,1.5,Pulsado,25.0,39.2,0.0,0,0.0,95.0,4400,0.0,24.0,0.0,0,0.0,105.0,4800,0.0,25.1,25.0,1,22.0,130.0,6000,3.96,24.0,0.0,0,0.0,120.0,5500,0.0,2.05,4.15,0,2,2,98.5,97.9,0,1,1,1.5,1.504,0.754,0.751,0.754,0.751,1.0025,1,1,870,10,20,0,0,23.96,8.12,12.768,24.6,51.0,1013.1
2026-09-16T15:44:16,240.6,1,Ronda 1,3,Zincado Celda Hull,16,100,1.5,Pulsado,25.0,40.3,0.0,0,0.0,95.0,4400,0.0,24.0,0.0,0,0.0,105.0,4800,0.0,25.1,25.0,1,22.0,130.0,6000,3.96,24.0,0.0,0,0.0,120.0,5500,0.0,2.05,4.15,0,2,2,98.5,97.9,0,1,1,1.5,1.505,0.754,0.751,0.754,0.751,1.0025,1,1,870,10,20,0,0,25.46,8.63,12.769,24.6,51.0,1013.1
2026-09-16T15:44:16,241.6,1,Ronda 1,3,Zincado Celda Hull,17,100,1.5,Pulsado,25.0,41.3,0.0,0,0.0,95.0,4400,0.0,24.0,0.0,0,0.0,105.0,4800,0.0,24.9,25.0,1,22.0,130.0,6000,3.96,24.0,0.0,0,0.0,120.0,5500,0.0,2.05,4.15,0,2,2,98.5,97.9,0,1,1,1.5,1.501,0.752,0.749,0.752,0.749,1.0025,1,1,870,10,20,0,0,26.97,9.14,12.77,24.6,51.0,1013.1
2026-09-16T15:44:16,242.6,1,Ronda 1,3,Zincado Celda Hull,18,100,1.5,Pulsado,25.0,42.3,0.0,0,0.0,95.0,4400,0.0,24.0,0.0,0,0.0,105.0,4800,0.0,25.0,25.0,1,22.0,130.0,6000,3.96,24.0,0.0,0,0.0,120.0,5500,0.0,2.05,4.15,0,2,2,98.5,97.9,0,1,1,1.5,1.488,0.745,0.743,0.745,0.743,1.0025,1,1,870,10,20,0,0,28.45,9.64,12.771,24.6,51.0,1013.1
2026-09-16T15:44:16,243.6,1,Ronda 1,3,Zincado Celda Hull,19,100,1.5,Pulsado,25.0,43.3,0.0,0,0.0,95.0,4400,0.0,24.0,0.0,0,0.0,105.0,4800,0.0,24.9,25.0,1,22.0,130.0,6000,3.96,24.0,0.0,0,0.0,120.0,5500,0.0,2.05,4.15,0,2,2,98.5,97.9,0,1,1,1.5,1.494,0.748,0.745,0.748,0.745,1.0025,1,1,870,10,20,0,0,29.95,10.15,12.772,24.6,51.0,1013.1
2026-09-16T15:44:16,244.6,1,Ronda 1,3,Zincado Celda Hull,20,100,1.5,Pulsado,25.0,44.3,0.0,0,0.0,95.0,4400,0.0,24.0,0.0,0,0.0,105.0,4800,0.0,25.1,25.0,1,22.0,130.0,6000,3.96,24.0,0.0,0,0.0,120.0,5500,0.0,2.05,4.15,0,2,2,98.5,97.9,0,1,1,1.5,1.509,0.756,0.753,0.756,0.753,1.0025,1,1,870,10,20,0,0,31.46,10.66,12.773,24.6,51.0,1013.1
2026-09-16T15:44:16,245.6,1,Ronda 1,3,Zincado Celda Hull,21,100,1.5,Pulsado,25.0,45.3,0.0,0,0.0,95.0,4400,0.0,24.0,0.0,0,0.0,105.0,4800,0.0,25.2,25.0,1,22.0,130.0,6000,3.96,24.0,0.0,0,0.0,120.0,5500,0.0,2.05,4.15,0,2,2,98.5,97.9,0,1,1,1.5,1.508,0.756,0.753,0.756,0.753,1.0025,1,1,870,10,20,0,0,32.96,11.17,12.774,24.6,51.0,1013.1
2026-09-16T15:44:16,246.6,1,Ronda 1,3,Zincado Celda Hull,22,100,1.5,Pulsado,25.0,46.4,0.0,0,0.0,95.0,4400,0.0,24.0,0.0,0,0.0,105.0,4800,0.0,25.2,25.0,1,22.0,130.0,6000,3.96,24.0,0.0,0,0.0,120.0,5500,0.0,2.05,4.15,0,2,2,98.5,97.9,0,1,1,1.5,1.515,0.759,0.756,0.759,0.756,1.0025,1,1,870,10,20,0,0,34.48,11.68,12.775,24.6,51.0,1013.1
2026-09-16T15:44:16,247.6,1,Ronda 1,3,Zincado Celda Hull,23,100,1.5,Pulsado,25.0,47.4,0.0,0,0.0,95.0,4400,0.0,24.0,0.0,0,0.0,105.0,4800,0.0,24.9,25.0,1,22.0,130.0,6000,3.96,24.0,0.0,0,0.0,120.0,5500,0.0,2.05,4.15,0,2,2,98.5,97.9,0,1,1,1.5,1.508,0.755,0.752,0.755,0.752,1.0025,1,1,870,10,20,0,0,35.99,12.19,12.776,24.6,51.0,1013.1
2026-09-16T15:44:16,248.6,1,Ronda 1,3,Zincado Celda Hull,24,100,1.5,Pulsado,25.0,48.4,0.0,0,0.0,95.0,4400,0.0,24.0,0.0,0,0.0,105.0,4800,0.0,25.1,25.0,1,22.0,130.0,6000,3.96,24.0,0.0,0,0.0,120.0,5500,0.0,2.05,4.15,0,2,2,98.5,97.9,0,1,1,1.5,1.494,0.748,0.745,0.748,0.745,1.0025,1,1,870,10,20,0,0,37.48,12.7,12.777,24.6,51.0,1013.1
2026-09-16T15:44:16,249.6,1,Ronda 1,3,Zincado Celda Hull,25,100,1.5,Pulsado,25.0,49.4,0.0,0,0.0,95.0,4400,0.0,24.0,0.0,0,0.0,105.0,4800,0.0,25.2,25.0,1,22.0,130.0,6000,3.96,24.0,0.0,0,0.0,120.0,5500,0.0,2.05,4.15,0,2,2,98.5,97.9,0,1,1,1.5,1.506,0.754,0.751,0.754,0.751,1.0025,1,1,870,10,20,0,0,38.99,13.21,12.779,24.6,51.0,1013.1
2026-09-16T15:44:16,250.6,1,Ronda 1,3,Zincado Celda Hull,26,100,1.5,Pulsado,25.0,50.4,0.0,0,0.0,95.0,4400,0.0,24.0,0.0,0,0.0,105.0,4800,0.0,25.0,25.0,1,22.0,130.0,6000,3.96,24.0,0.0,0,0.0,120.0,5500,0.0,2.05,4.15,0,2,2,98.5,97.9,0,1,1,1.5,1.497,0.75,0.747,0.75,0.747,1.0025,1,1,870,10,20,0,0,40.48,13.72,12.78,24.6,51.0,1013.1
2026-09-16T15:44:16,251.6,1,Ronda 1,3,Zincado Celda Hull,27,100,1.5,Pulsado,25.0,51.5,0.0,0,0.0,95.0,4400,0.0,24.0,0.0,0,0.0,105.0,4800,0.0,25.0,25.0,1,22.0,130.0,6000,3.96,24.0,0.0,0,0.0,120.0,5500,0.0,2.05,4.15,0,2,2,98.5,97.9,0,1,1,1.5,1.518,0.761,0.758,0.761,0.758,1.0025,1,1,870,10,20,0,0,42.0,14.23,12.781,24.6,51.0,1013.1
2026-09-16T15:44:16,252.6,1,Ronda 1,3,Zincado Celda Hull,28,100,1.5,Pulsado,25.0,52.5,0.0,0,0.0,95.0,4400,0.0,24.0,0.0,0,0.0,105.0,4800,0.0,25.2,25.0,1,22.0,130.0,6000,3.96,24.0,0.0,0,0.0,120.0,5500,0.0,2.05,4.15,0,2,2,98.5,97.9,0,1,1,1.5,1.512,0.758,0.755,0.758,0.755,1.0025,1,1,870,10,20,0,0,43.51,14.74,12.782,24.6,50.9,1013.1
2026-09-16T15:44:16,253.6,1,Ronda 1,3,Zincado Celda Hull,29,100,1.5,Pulsado,25.0,53.5,0.0,0,0.0,95.0,4400,0.0,24.0,0.0,0,0.0,105.0,4800,0.0,24.9,25.0,1,22.0,130.0,6000,3.96,24.0,0.0,0,0.0,120.0,5500,0.0,2.05,4.15,0,2,2,98.5,97.9,0,1,1,1.5,1.502,0.753,0.75,0.753,0.75,1.0025,1,1,870,10,20,0,0,45.02,15.25,12.783,24.6,50.9,1013.1
2026-09-16T15:44:16,254.6,1,Ronda 1,3,Zincado Celda Hull,30,100,1.5,Pulsado,25.0,54.5,0.0,0,0.0,95.0,4400,0.0,24.0,0.0,0,0.0,105.0,4800,0.0,24.9,25.0,1,22.0,130.0,6000,3.96,24.0,0.0,0,0.0,120.0,5500,0.0,2.05,4.15,0,2,2,98.5,97.9,0,1,1,1.5,1.519,0.761,0.758,0.761,0.758,1.0025,1,1,870,10,20,0,0,46.53,15.77,12.784,24.6,50.9,1013.1
2026-09-16T15:44:16,255.6,1,Ronda 1,3,Zincado Celda Hull,31,100,1.5,Pulsado,25.0,55.5,0.0,0,0.0,95.0,4400,0.0,24.0,0.0,0,0.0,105.0,4800,0.0,25.2,25.0,1,22.0,130.0,6000,3.96,24.0,0.0,0,0.0,120.0,5500,0.0,2.05,4.15,0,2,2,98.5,97.9,0,1,1,1.5,1.505,0.754,0.751,0.754,0.751,1.0025,1,1,870,10,20,0,0,48.04,16.28,12.785,24.6,50.9,1013.1
2026-09-16T15:44:16,256.6,1,Ronda 1,3,Zincado Celda Hull,32,100,1.5,Pulsado,25.0,56.5,0.0,0,0.0,95.0,4400,0.0,24.0,0.0,0,0.0,105.0,4800,0.0,25.0,25.0,1,22.0,130.0,6000,3.96,24.0,0.0,0,0.0,120.0,5500,0.0,2.05,4.15,0,2,2,98.5,97.9,0,1,1,1.5,1.499,0.751,0.748,0.751,0.748,1.0025,1,1,870,10,20,0,0,49.54,16.78,12.786,24.6,50.9,1013.1
2026-09-16T15:44:16,257.6,1,Ronda 1,3,Zincado Celda Hull,33,100,1.5,Pulsado,25.0,57.6,0.0,0,0.0,95.0,4400,0.0,24.0,0.0,0,0.0,105.0,4800,0.0,25.1,25.0,1,22.0,130.0,6000,3.96,24.0,0.0,0,0.0,120.0,5500,0.0,2.05,4.15,0,2,2,98.5,97.9,0,1,1,1.5,1.497,0.75,0.747,0.75,0.747,1.0025,1,1,870,10,20,0,0,51.04,17.29,12.787,24.6,50.9,1013.1
2026-09-16T15:44:16,258.6,1,Ronda 1,3,Zincado Celda Hull,34,100,1.5,Pulsado,25.0,58.6,0.0,0,0.0,95.0,4400,0.0,24.0,0.0,0,0.0,105.0,4800,0.0,25.1,25.0,1,22.0,130.0,6000,3.96,24.0,0.0,0,0.0,120.0,5500,0.0,2.05,4.15,0,2,2,98.5,97.9,0,1,1,1.5,1.488,0.745,0.742,0.745,0.742,1.0025,1,1,870,10,20,0,0,52.52,17.8,12.788,24.6,50.9,1013.1
2026-09-16T15:44:16,259.6,1,Ronda 1,3,Zincado Celda Hull,35,100,1.5,Pulsado,25.0,59.6,0.0,0,0.0,95.0,4400,0.0,24.0,0.0,0,0.0,105.0,4800,0.0,25.0,25.0,1,22.0,130.0,6000,3.96,24.0,0.0,0,0.0,120.0,5500,0.0,2.05,4.15,0,2,2,98.5,97.9,0,1,1,1.5,1.488,0.745,0.742,0.745,0.742,1.0025,1,1,870,10,20,0,0,54.01,18.3,12.79,24.6,50.9,1013.1
2026-09-16T15:44:16,260.6,1,Ronda 1,3,Zincado Celda Hull,36,100,1.5,Pulsado,25.0,60.6,0.0,0,0.0,95.0,4400,0.0,24.0,0.0,0,0.0,105.0,4800,0.0,25.1,25.0,1,22.0,130.0,6000,3.96,24.0,0.0,0,0.0,120.0,5500,0.0,2.05,4.15,0,2,2,98.5,97.9,0,1,1,1.5,1.497,0.75,0.747,0.75,0.747,1.0025,1,1,870,10,20,0,0,55.51,18.81,12.791,24.6,50.9,1013.1
2026-09-16T15:44:16,261.6,1,Ronda 1,3,Zincado Celda Hull,37,100,1.5,Pulsado,25.0,61.6,0.0,0,0.0,95.0,4400,0.0,24.0,0.0,0,0.0,105.0,4800,0.0,25.0,25.0,1,22.0,130.0,6000,3.96,24.0,0.0,0,0.0,120.0,5500,0.0,2.05,4.15,0,2,2,98.5,97.9,0,1,1,1.5,1.492,0.747,0.744,0.747,0.744,1.0025,1,1,870,10,20,0,0,57.0,19.31,12.792,24.6,50.9,1013.1
2026-09-16T15:44:16,262.6,1,Ronda 1,3,Zincado Celda Hull,38,100,1.5,Pulsado,25.0,62.6,0.0,0,0.0,95.0,4400,0.0,24.0,0.0,0,0.0,105.0,4800,0.0,24.9,25.0,1,22.0,130.0,6000,3.96,24.0,0.0,0,0.0,120.0,5500,0.0,2.05,4.15,0,2,2,98.5,97.9,0,1,1,1.5,1.495,0.749,0.746,0.749,0.746,1.0025,1,1,870,10,20,0,0,58.5,19.82,12.793,24.5,50.9,1013.1
2026-09-16T15:44:16,263.6,1,Ronda 1,3,Zincado Celda Hull,39,100,1.5,Pulsado,25.0,63.6,0.0,0,0.0,95.0,4400,0.0,24.0,0.0,0,0.0,105.0,4800,0.0,24.7,25.0,1,22.0,130.0,6000,3.96,24.0,0.0,0,0.0,120.0,5500,0.0,2.05,4.15,0,2,2,98.5,97.9,0,1,1,1.5,1.504,0.753,0.75,0.753,0.75,1.0025,1,1,870,10,20,0,0,60.0,20.33,12.794,24.5,50.9,1013.1
2026-09-16T15:44:16,264.6,1,Ronda 1,3,Zincado Celda Hull,40,100,1.5,Pulsado,25.0,64.7,0.0,0,0.0,95.0,4400,0.0,24.0,0.0,0,0.0,105.0,4800,0.0,25.0,25.0,1,22.0,130.0,6000,3.96,24.0,0.0,0,0.0,120.0,5500,0.0,2.05,4.15,0,2,2,98.5,97.9,0,1,1,1.5,1.512,0.757,0.754,0.757,0.754,1.0025,1,1,870,10,20,0,0,61.51,20.84,12.795,24.5,50.9,1013.1
2026-09-16T15:44:16,265.6,1,Ronda 1,3,Zincado Celda Hull,41,100,1.5,Pulsado,25.0,65.7,0.0,0,0.0,95.0,4400,0.0,24.0,0.0,0,0.0,105.0,4800,0.0,24.9,25.0,1,22.0,130.0,6000,3.96,24.0,0.0,0,0.0,120.0,5500,0.0,2.05,4.15,0,2,2,98.5,97.9,0,1,1,1.5,1.505,0.754,0.751,0.754,0.751,1.0025,1,1,870,10,20,0,0,63.02,21.35,12.796,24.5,50.9,1013.1
2026-09-16T15:44:16,266.6,1,Ronda 1,3,Zincado Celda Hull,42,100,1.5,Pulsado,25.0,66.7,0.0,0,0.0,95.0,4400,0.0,24.0,0.0,0,0.0,105.0,4800,0.0,25.0,25.0,1,22.0,130.0,6000,3.96,24.0,0.0,0,0.0,120.0,5500,0.0,2.05,4.15,0,2,2,98.5,97.9,0,1,1,1.5,1.503,0.753,0.75,0.753,0.75,1.0025,1,1,870,10,20,0,0,64.52,21.86,12.797,24.5,50.9,1013.1
2026-09-16T15:44:16,267.6,1,Ronda 1,3,Zincado Celda Hull,43,100,1.5,Pulsado,25.0,67.7,0.0,0,0.0,95.0,4400,0.0,24.0,0.0,0,0.0,105.0,4800,0.0,25.0,25.0,1,22.0,130.0,6000,3.96,24.0,0.0,0,0.0,120.0,5500,0.0,2.05,4.15,0,2,2,98.5,97.9,0,1,1,1.5,1.516,0.76,0.757,0.76,0.757,1.0025,1,1,870,10,20,0,0,66.04,22.37,12.798,24.5,50.9,1013.1
2026-09-16T15:44:16,268.6,1,Ronda 1,3,Zincado Celda Hull,44,100,1.5,Pulsado,25.0,68.7,0.0,0,0.0,95.0,4400,0.0,24.0,0.0,0,0.0,105.0,4800,0.0,24.9,25.0,1,22.0,130.0,6000,3.96,24.0,0.0,0,0.0,120.0,5500,0.0,2.05,4.15,0,2,2,98.5,97.9,0,1,1,1.5,1.498,0.751,0.748,0.751,0.748,1.0025,1,1,870,10,20,0,0,67.53,22.88,12.799,24.5,50.9,1013.1
2026-09-16T15:44:16,269.6,1,Ronda 1,3,Zincado Celda Hull,45,100,1.5,Pulsado,25.0,69.8,0.0,0,0.0,95.0,4400,0.0,24.0,0.0,0,0.0,105.0,4800,0.0,24.9,25.0,1,22.0,130.0,6000,3.96,24.0,0.0,0,0.0,120.0,5500,0.0,2.05,4.15,0,2,2,98.5,97.9,0,1,1,1.5,1.509,0.756,0.753,0.756,0.753,1.0025,1,1,870,10,20,0,0,69.04,23.39,12.801,24.5,50.9,1013.1
2026-09-16T15:44:16,270.6,1,Ronda 1,3,Zincado Celda Hull,46,100,1.5,Pulsado,25.0,70.8,0.0,0,0.0,95.0,4400,0.0,24.0,0.0,0,0.0,105.0,4800,0.0,24.9,25.0,1,22.0,130.0,6000,3.96,24.0,0.0,0,0.0,120.0,5500,0.0,2.05,4.15,0,2,2,98.5,97.9,0,1,1,1.5,1.496,0.749,0.746,0.749,0.746,1.0025,1,1,870,10,20,0,0,70.54,23.9,12.802,24.5,50.9,1013.1
2026-09-16T15:44:16,271.6,1,Ronda 1,3,Zincado Celda Hull,47,100,1.5,Pulsado,25.0,71.8,0.0,0,0.0,95.0,4400,0.0,24.0,0.0,0,0.0,105.0,4800,0.0,24.9,25.0,1,22.0,130.0,6000,3.96,24.0,0.0,0,0.0,120.0,5500,0.0,2.05,4.15,0,2,2,98.5,97.9,0,1,1,1.5,1.49,0.747,0.744,0.747,0.744,1.0025,1,1,870,10,20,0,0,72.03,24.4,12.803,24.5,50.9,1013.1
2026-09-16T15:44:16,272.6,1,Ronda 1,3,Zincado Celda Hull,48,100,1.5,Pulsado,25.0,72.8,0.0,0,0.0,95.0,4400,0.0,24.0,0.0,0,0.0,105.0,4800,0.0,24.8,25.0,1,22.0,130.0,6000,3.96,24.0,0.0,0,0.0,120.0,5500,0.0,2.05,4.15,0,2,2,98.5,97.9,0,1,1,1.5,1.504,0.753,0.75,0.753,0.75,1.0025,1,1,870,10,20,0,0,73.53,24.91,12.804,24.5,50.9,1013.1
2026-09-16T15:44:16,273.6,1,Ronda 1,3,Zincado Celda Hull,49,100,1.5,Pulsado,25.0,73.8,0.0,0,0.0,95.0,4400,0.0,24.0,0.0,0,0.0,105.0,4800,0.0,25.1,25.0,1,22.0,130.0,6000,3.96,24.0,0.0,0,0.0,120.0,5500,0.0,2.05,4.15,0,2,2,98.5,97.9,0,1,1,1.5,1.503,0.753,0.75,0.753,0.75,1.0025,1,1,870,10,20,0,0,75.04,25.42,12.805,24.5,50.9,1013.1
2026-09-16T15:44:16,274.6,1,Ronda 1,3,Zincado Celda Hull,50,100,1.5,Pulsado,25.0,74.8,0.0,0,0.0,95.0,4400,0.0,24.0,0.0,0,0.0,105.0,4800,0.0,25.3,25.0,1,22.0,130.0,6000,3.96,24.0,0.0,0,0.0,120.0,5500,0.0,2.05,4.15,0,2,2,98.5,97.9,0,1,1,1.5,1.498,0.751,0.748,0.751,0.748,1.0025,1,1,870,10,20,0,0,76.53,25.93,12.806,24.5,50.9,1013.1
2026-09-16T15:44:16,275.6,1,Ronda 1,3,Zincado Celda Hull,51,100,1.5,Pulsado,25.0,75.8,0.0,0,0.0,95.0,4400,0.0,24.0,0.0,0,0.0,105.0,4800,0.0,24.8,25.0,1,22.0,130.0,6000,3.96,24.0,0.0,0,0.0,120.0,5500,0.0,2.05,4.15,0,2,2,98.5,97.9,0,1,1,1.5,1.493,0.748,0.745,0.748,0.745,1.0025,1,1,870,10,20,0,0,78.03,26.44,12.807,24.5,50.9,1013.1
2026-09-16T15:44:16,276.6,1,Ronda 1,3,Zincado Celda Hull,52,100,1.5,Pulsado,25.0,76.9,0.0,0,0.0,95.0,4400,0.0,24.0,0.0,0,0.0,105.0,4800,0.0,25.2,25.0,1,22.0,130.0,6000,3.96,24.0,0.0,0,0.0,120.0,5500,0.0,2.05,4.15,0,2,2,98.5,97.9,0,1,1,1.5,1.497,0.75,0.747,0.75,0.747,1.0025,1,1,870,10,20,0,0,79.52,26.94,12.808,24.5,50.8,1013.1
2026-09-16T15:44:16,277.6,1,Ronda 1,3,Zincado Celda Hull,53,100,1.5,Pulsado,25.0,77.9,0.0,0,0.0,95.0,4400,0.0,24.0,0.0,0,0.0,105.0,4800,0.0,24.9,25.0,1,22.0,130.0,6000,3.96,24.0,0.0,0,0.0,120.0,5500,0.0,2.05,4.15,0,2,2,98.5,97.9,0,1,1,1.5,1.496,0.749,0.746,0.749,0.746,1.0025,1,1,870,10,20,0,0,81.02,27.45,12.809,24.5,50.8,1013.1
2026-09-16T15:44:16,278.6,1,Ronda 1,3,Zincado Celda Hull,54,100,1.5,Pulsado,25.0,78.9,0.0,0,0.0,95.0,4400,0.0,24.0,0.0,0,0.0,105.0,4800,0.0,25.2,25.0,1,22.0,130.0,6000,3.96,24.0,0.0,0,0.0,120.0,5500,0.0,2.05,4.15,0,2,2,98.5,97.9,0,1,1,1.5,1.501,0.752,0.749,0.752,0.749,1.0025,1,1,870,10,20,0,0,82.52,27.96,12.81,24.5,50.8,1013.1
2026-09-16T15:44:16,279.6,1,Ronda 1,3,Zincado Celda Hull,55,100,1.5,Pulsado,25.0,79.9,0.0,0,0.0,95.0,4400,0.0,24.0,0.0,0,0.0,105.0,4800,0.0,24.9,25.0,1,22.0,130.0,6000,3.96,24.0,0.0,0,0.0,120.0,5500,0.0,2.05,4.15,0,2,2,98.5,97.9,0,1,1,1.5,1.5,0.751,0.748,0.751,0.748,1.0025,1,1,870,10,20,0,0,84.02,28.47,12.812,24.5,50.8,1013.1
2026-09-16T15:44:16,280.6,1,Ronda 1,3,Zincado Celda Hull,56,100,1.5,Pulsado,25.0,80.9,0.0,0,0.0,95.0,4400,0.0,24.0,0.0,0,0.0,105.0,4800,0.0,24.6,25.0,1,22.0,130.0,6000,3.96,24.0,0.0,0,0.0,120.0,5500,0.0,2.05,4.15,0,2,2,98.5,97.9,0,1,1,1.5,1.495,0.749,0.746,0.749,0.746,1.0025,1,1,870,10,20,0,0,85.52,28.97,12.813,24.5,50.8,1013.1
2026-09-16T15:44:16,281.6,1,Ronda 1,3,Zincado Celda Hull,57,100,1.5,Pulsado,25.0,81.9,0.0,0,0.0,95.0,4400,0.0,24.0,0.0,0,0.0,105.0,4800,0.0,24.9,25.0,1,22.0,130.0,6000,3.96,24.0,0.0,0,0.0,120.0,5500,0.0,2.05,4.15,0,2,2,98.5,97.9,0,1,1,1.5,1.511,0.757,0.754,0.757,0.754,1.0025,1,1,870,10,20,0,0,87.03,29.48,12.814,24.5,50.8,1013.1
2026-09-16T15:44:16,282.6,1,Ronda 1,3,Zincado Celda Hull,58,100,1.5,Pulsado,25.0,83.0,0.0,0,0.0,95.0,4400,0.0,24.0,0.0,0,0.0,105.0,4800,0.0,25.0,25.0,1,22.0,130.0,6000,3.96,24.0,0.0,0,0.0,120.0,5500,0.0,2.05,4.15,0,2,2,98.5,97.9,0,1,1,1.5,1.498,0.75,0.747,0.75,0.747,1.0025,1,1,870,10,20,0,0,88.53,29.99,12.815,24.5,50.8,1013.1
2026-09-16T15:44:16,283.6,1,Ronda 1,3,Zincado Celda Hull,59,100,1.5,Pulsado,25.0,84.0,0.0,0,0.0,95.0,4400,0.0,24.0,0.0,0,0.0,105.0,4800,0.0,25.0,25.0,1,22.0,130.0,6000,3.96,24.0,0.0,0,0.0,120.0,5500,0.0,2.05,4.15,0,2,2,98.5,97.9,0,1,1,1.5,1.508,0.756,0.753,0.756,0.753,1.0025,1,1,870,10,20,0,0,90.03,30.5,12.816,24.5,50.8,1013.1
2026-09-16T15:44:16,284.6,1,Ronda 1,3,Zincado Celda Hull,60,100,1.5,Pulsado,25.0,85.0,0.0,0,0.0,95.0,4400,0.0,24.0,0.0,0,0.0,105.0,4800,0.0,25.3,25.0,1,22.0,130.0,6000,3.96,24.0,0.0,0,0.0,120.0,5500,0.0,2.05,4.15,0,2,2,98.5,97.9,0,1,1,1.5,1.499,0.751,0.748,0.751,0.748,1.0025,1,1,870,10,20,0,0,91.53,31.01,12.817,24.4,50.8,1013.1
2026-09-16T15:44:16,285.6,1,Ronda 1,3,Zincado Celda Hull,61,100,1.5,Pulsado,25.0,85.0,0.0,0,0.0,95.0,4400,0.0,24.0,0.0,0,0.0,105.0,4800,0.0,25.1,25.0,1,22.0,130.0,6000,3.96,24.0,0.0,0,0.0,120.0,5500,0.0,2.05,4.15,0,2,2,98.5,97.9,0,1,1,1.5,1.506,0.754,0.751,0.754,0.751,1.0025,1,1,870,10,20,0,0,93.04,31.52,12.818,24.4,50.8,1013.1
2026-09-16T15:44:16,286.6,1,Ronda 1,3,Zincado Celda Hull,62,100,1.5,Pulsado,25.0,85.0,0.0,0,0.0,95.0,4400,0.0,24.0,0.0,0,0.0,105.0,4800,0.0,25.2,25.0,1,22.0,130.0,6000,3.96,24.0,0.0,0,0.0,120.0,5500,0.0,2.05,4.15,0,2,2,98.5,97.9,0,1,1,1.5,1.495,0.749,0.746,0.749,0.746,1.0025,1,1,870,10,20,0,0,94.53,32.03,12.819,24.4,50.8,1013.1
2026-09-16T15:44:16,287.6,1,Ronda 1,3,Zincado Celda Hull,63,100,1.5,Pulsado,25.0,85.0,0.0,0,0.0,95.0,4400,0.0,24.0,0.0,0,0.0,105.0,4800,0.0,24.7,25.0,1,22.0,130.0,6000,3.96,24.0,0.0,0,0.0,120.0,5500,0.0,2.05,4.15,0,2,2,98.5,97.9,0,1,1,1.5,1.483,0.743,0.74,0.743,0.74,1.0025,1,1,870,10,20,0,0,96.02,32.53,12.82,24.4,50.8,1013.1
2026-09-16T15:44:16,288.6,1,Ronda 1,3,Zincado Celda Hull,64,100,1.5,Pulsado,25.0,85.0,0.0,0,0.0,95.0,4400,0.0,24.0,0.0,0,0.0,105.0,4800,0.0,24.8,25.0,1,22.0,130.0,6000,3.96,24.0,0.0,0,0.0,120.0,5500,0.0,2.05,4.15,0,2,2,98.5,97.9,0,1,1,1.5,1.497,0.75,0.747,0.75,0.747,1.0025,1,1,870,10,20,0,0,97.51,33.04,12.821,24.4,50.8,1013.1
2026-09-16T15:44:16,289.6,1,Ronda 1,3,Zincado Celda Hull,65,100,1.5,Pulsado,25.0,85.0,0.0,0,0.0,95.0,4400,0.0,24.0,0.0,0,0.0,105.0,4800,0.0,25.1,25.0,1,22.0,130.0,6000,3.96,24.0,0.0,0,0.0,120.0,5500,0.0,2.05,4.15,0,2,2,98.5,97.9,0,1,1,1.5,1.5,0.751,0.748,0.751,0.748,1.0025,1,1,870,10,20,0,0,99.01,33.55,12.823,24.4,50.8,1013.1
2026-09-16T15:44:16,290.6,1,Ronda 1,3,Zincado Celda Hull,66,100,1.5,Pulsado,25.0,85.0,0.0,0,0.0,95.0,4400,0.0,24.0,0.0,0,0.0,105.0,4800,0.0,25.1,25.0,1,22.0,130.0,6000,3.96,24.0,0.0,0,0.0,120.0,5500,0.0,2.05,4.15,0,2,2,98.5,97.9,0,1,1,1.5,1.498,0.751,0.748,0.751,0.748,1.0025,1,1,870,10,20,0,0,100.51,34.05,12.824,24.4,50.8,1013.1
2026-09-16T15:44:16,291.6,1,Ronda 1,3,Zincado Celda Hull,67,100,1.5,Pulsado,25.0,85.0,0.0,0,0.0,95.0,4400,0.0,24.0,0.0,0,0.0,105.0,4800,0.0,25.0,25.0,1,22.0,130.0,6000,3.96,24.0,0.0,0,0.0,120.0,5500,0.0,2.05,4.15,0,2,2,98.5,97.9,0,1,1,1.5,1.496,0.75,0.747,0.75,0.747,1.0025,1,1,870,10,20,0,0,102.01,34.56,12.825,24.4,50.8,1013.1
2026-09-16T15:44:16,292.6,1,Ronda 1,3,Zincado Celda Hull,68,100,1.5,Pulsado,25.0,85.0,0.0,0,0.0,95.0,4400,0.0,24.0,0.0,0,0.0,105.0,4800,0.0,25.0,25.0,1,22.0,130.0,6000,3.96,24.0,0.0,0,0.0,120.0,5500,0.0,2.05,4.15,0,2,2,98.5,97.9,0,1,1,1.5,1.5,0.752,0.749,0.752,0.749,1.0025,1,1,870,10,20,0,0,103.51,35.07,12.826,24.4,50.8,1013.1
2026-09-16T15:44:16,293.6,1,Ronda 1,3,Zincado Celda Hull,69,100,1.5,Pulsado,25.0,85.0,0.0,0,0.0,95.0,4400,0.0,24.0,0.0,0,0.0,105.0,4800,0.0,24.9,25.0,1,22.0,130.0,6000,3.96,24.0,0.0,0,0.0,120.0,5500,0.0,2.05,4.15,0,2,2,98.5,97.9,0,1,1,1.5,1.503,0.753,0.75,0.753,0.75,1.0025,1,1,870,10,20,0,0,105.01,35.58,12.827,24.4,50.8,1013.1
2026-09-16T15:44:16,294.6,1,Ronda 1,3,Zincado Celda Hull,70,100,1.5,Pulsado,25.0,85.0,0.0,0,0.0,95.0,4400,0.0,24.0,0.0,0,0.0,105.0,4800,0.0,25.2,25.0,1,22.0,130.0,6000,3.96,24.0,0.0,0,0.0,120.0,5500,0.0,2.05,4.15,0,2,2,98.5,97.9,0,1,1,1.5,1.499,0.751,0.748,0.751,0.748,1.0025,1,1,870,10,20,0,0,106.51,36.09,12.828,24.4,50.8,1013.1
2026-09-16T15:44:16,295.6,1,Ronda 1,3,Zincado Celda Hull,71,100,1.5,Pulsado,25.0,85.0,0.0,0,0.0,95.0,4400,0.0,24.0,0.0,0,0.0,105.0,4800,0.0,24.9,25.0,1,22.0,130.0,6000,3.96,24.0,0.0,0,0.0,120.0,5500,0.0,2.05,4.15,0,2,2,98.5,97.9,0,1,1,1.5,1.479,0.741,0.738,0.741,0.738,1.0025,1,1,870,10,20,0,0,107.99,36.59,12.829,24.4,50.8,1013.1
2026-09-16T15:44:16,296.6,1,Ronda 1,3,Zincado Celda Hull,72,100,1.5,Pulsado,25.0,85.0,0.0,0,0.0,95.0,4400,0.0,24.0,0.0,0,0.0,105.0,4800,0.0,24.8,25.0,1,22.0,130.0,6000,3.96,24.0,0.0,0,0.0,120.0,5500,0.0,2.05,4.15,0,2,2,98.5,97.9,0,1,1,1.5,1.491,0.747,0.744,0.747,0.744,1.0025,1,1,870,10,20,0,0,109.48,37.09,12.83,24.4,50.8,1013.1
2026-09-16T15:44:16,297.6,1,Ronda 1,3,Zincado Celda Hull,73,100,1.5,Pulsado,25.0,85.0,0.0,0,0.0,95.0,4400,0.0,24.0,0.0,0,0.0,105.0,4800,0.0,24.9,25.0,1,22.0,130.0,6000,3.96,24.0,0.0,0,0.0,120.0,5500,0.0,2.05,4.15,0,2,2,98.5,97.9,0,1,1,1.5,1.499,0.751,0.748,0.751,0.748,1.0025,1,1,870,10,20,0,0,110.98,37.6,12.831,24.4,50.8,1013.1
2026-09-16T15:44:16,298.6,1,Ronda 1,3,Zincado Celda Hull,74,100,1.5,Pulsado,25.0,85.0,0.0,0,0.0,95.0,4400,0.0,24.0,0.0,0,0.0,105.0,4800,0.0,25.0,25.0,1,22.0,130.0,6000,3.96,24.0,0.0,0,0.0,120.0,5500,0.0,2.05,4.15,0,2,2,98.5,97.9,0,1,1,1.5,1.498,0.751,0.748,0.751,0.748,1.0025,1,1,870,10,20,0,0,112.48,38.11,12.832,24.4,50.8,1013.1
2026-09-16T15:44:16,299.6,1,Ronda 1,3,Zincado Celda Hull,75,100,1.5,Pulsado,25.0,85.0,0.0,0,0.0,95.0,4400,0.0,24.0,0.0,0,0.0,105.0,4800,0.0,24.9,25.0,1,22.0,130.0,6000,3.96,24.0,0.0,0,0.0,120.0,5500,0.0,2.05,4.15,0,2,2,98.5,97.9,0,1,1,1.5,1.495,0.749,0.746,0.749,0.746,1.0025,1,1,870,10,20,0,0,113.97,38.61,12.834,24.4,50.8,1013.1
2026-09-16T15:44:16,300.6,1,Ronda 1,3,Zincado Celda Hull,76,100,1.5,Pulsado,25.0,85.0,0.0,0,0.0,95.0,4400,0.0,24.0,0.0,0,0.0,105.0,4800,0.0,24.9,25.0,1,22.0,130.0,6000,3.96,24.0,0.0,0,0.0,120.0,5500,0.0,2.05,4.15,0,2,2,98.5,97.9,0,1,1,1.5,1.504,0.754,0.751,0.754,0.751,1.0025,1,1,870,10,20,0,0,115.48,39.12,12.835,24.4,50.7,1013.1
2026-09-16T15:44:16,301.6,1,Ronda 1,3,Zincado Celda Hull,77,100,1.5,Pulsado,25.0,85.0,0.0,0,0.0,95.0,4400,0.0,24.0,0.0,0,0.0,105.0,4800,0.0,25.4,25.0,1,22.0,130.0,6000,3.96,24.0,0.0,0,0.0,120.0,5500,0.0,2.05,4.15,0,2,2,98.5,97.9,0,1,1,1.5,1.508,0.756,0.753,0.756,0.753,1.0025,1,1,870,10,20,0,0,116.99,39.63,12.836,24.4,50.7,1013.1
2026-09-16T15:44:16,302.6,1,Ronda 1,3,Zincado Celda Hull,78,100,1.5,Pulsado,25.0,85.0,0.0,0,0.0,95.0,4400,0.0,24.0,0.0,0,0.0,105.0,4800,0.0,24.9,25.0,1,22.0,130.0,6000,3.96,24.0,0.0,0,0.0,120.0,5500,0.0,2.05,4.15,0,2,2,98.5,97.9,0,1,1,1.5,1.495,0.749,0.746,0.749,0.746,1.0025,1,1,870,10,20,0,0,118.48,40.14,12.837,24.4,50.7,1013.1
2026-09-16T15:44:16,303.6,1,Ronda 1,3,Zincado Celda Hull,79,100,1.5,Pulsado,25.0,85.0,0.0,0,0.0,95.0,4400,0.0,24.0,0.0,0,0.0,105.0,4800,0.0,25.2,25.0,1,22.0,130.0,6000,3.96,24.0,0.0,0,0.0,120.0,5500,0.0,2.05,4.15,0,2,2,98.5,97.9,0,1,1,1.5,1.503,0.753,0.75,0.753,0.75,1.0025,1,1,870,10,20,0,0,119.98,40.65,12.838,24.4,50.7,1013.1
2026-09-16T15:44:16,304.6,1,Ronda 1,3,Zincado Celda Hull,80,100,1.5,Pulsado,25.0,85.0,0.0,0,0.0,95.0,4400,0.0,24.0,0.0,0,0.0,105.0,4800,0.0,25.2,25.0,1,22.0,130.0,6000,3.96,24.0,0.0,0,0.0,120.0,5500,0.0,2.05,4.15,0,2,2,98.5,97.9,0,1,1,1.5,1.494,0.749,0.746,0.749,0.746,1.0025,1,1,870,10,20,0,0,121.48,41.16,12.839,24.3,50.7,1013.1
2026-09-16T15:44:16,305.6,1,Ronda 1,3,Zincado Celda Hull,81,100,1.5,Pulsado,25.0,85.0,0.0,0,0.0,95.0,4400,0.0,24.0,0.0,0,0.0,105.0,4800,0.0,25.0,25.0,1,22.0,130.0,6000,3.96,24.0,0.0,0,0.0,120.0,5500,0.0,2.05,4.15,0,2,2,98.5,97.9,0,1,1,1.5,1.508,0.755,0.752,0.755,0.752,1.0025,1,1,870,10,20,0,0,122.99,41.67,12.84,24.3,50.7,1013.1
2026-09-16T15:44:16,306.6,1,Ronda 1,3,Zincado Celda Hull,82,100,1.5,Pulsado,25.0,85.0,0.0,0,0.0,95.0,4400,0.0,24.0,0.0,0,0.0,105.0,4800,0.0,25.1,25.0,1,22.0,130.0,6000,3.96,24.0,0.0,0,0.0,120.0,5500,0.0,2.05,4.15,0,2,2,98.5,97.9,0,1,1,1.5,1.511,0.757,0.754,0.757,0.754,1.0025,1,1,870,10,20,0,0,124.5,42.18,12.841,24.3,50.7,1013.1
2026-09-16T15:44:16,307.6,1,Ronda 1,3,Zincado Celda Hull,83,100,1.5,Pulsado,25.0,85.0,0.0,0,0.0,95.0,4400,0.0,24.0,0.0,0,0.0,105.0,4800,0.0,25.1,25.0,1,22.0,130.0,6000,3.96,24.0,0.0,0,0.0,120.0,5500,0.0,2.05,4.15,0,2,2,98.5,97.9,0,1,1,1.5,1.5,0.751,0.748,0.751,0.748,1.0025,1,1,870,10,20,0,0,126.0,42.69,12.842,24.3,50.7,1013.1
2026-09-16T15:44:16,308.6,1,Ronda 1,3,Zincado Celda Hull,84,100,1.5,Pulsado,25.0,85.0,0.0,0,0.0,95.0,4400,0.0,24.0,0.0,0,0.0,105.0,4800,0.0,24.7,25.0,1,22.0,130.0,6000,3.96,24.0,0.0,0,0.0,120.0,5500,0.0,2.05,4.15,0,2,2,98.5,97.9,0,1,1,1.5,1.501,0.752,0.749,0.752,0.749,1.0025,1,1,870,10,20,0,0,127.5,43.2,12.843,24.3,50.7,1013.1
2026-09-16T15:44:16,309.6,1,Ronda 1,3,Zincado Celda Hull,85,100,1.5,Pulsado,25.0,85.0,0.0,0,0.0,95.0,4400,0.0,24.0,0.0,0,0.0,105.0,4800,0.0,24.9,25.0,1,22.0,130.0,6000,3.96,24.0,0.0,0,0.0,120.0,5500,0.0,2.05,4.15,0,2,2,98.5,97.9,0,1,1,1.5,1.485,0.744,0.741,0.744,0.741,1.0025,1,1,870,10,20,0,0,128.98,43.7,12.845,24.3,50.7,1013.1
2026-09-16T15:44:16,310.6,1,Ronda 1,3,Zincado Celda Hull,86,100,1.5,Pulsado,25.0,85.0,0.0,0,0.0,95.0,4400,0.0,24.0,0.0,0,0.0,105.0,4800,0.0,25.2,25.0,1,22.0,130.0,6000,3.96,24.0,0.0,0,0.0,120.0,5500,0.0,2.05,4.15,0,2,2,98.5,97.9,0,1,1,1.5,1.497,0.75,0.747,0.75,0.747,1.0025,1,1,870,10,20,0,0,130.48,44.21,12.846,24.3,50.7,1013.1
2026-09-16T15:44:16,311.6,1,Ronda 1,3,Zincado Celda Hull,87,100,1.5,Pulsado,25.0,85.0,0.0,0,0.0,95.0,4400,0.0,24.0,0.0,0,0.0,105.0,4800,0.0,24.8,25.0,1,22.0,130.0,6000,3.96,24.0,0.0,0,0.0,120.0,5500,0.0,2.05,4.15,0,2,2,98.5,97.9,0,1,1,1.5,1.505,0.754,0.751,0.754,0.751,1.0025,1,1,870,10,20,0,0,131.98,44.72,12.847,24.3,50.7,1013.1
2026-09-16T15:44:16,312.6,1,Ronda 1,3,Zincado Celda Hull,88,100,1.5,Pulsado,25.0,85.0,0.0,0,0.0,95.0,4400,0.0,24.0,0.0,0,0.0,105.0,4800,0.0,25.1,25.0,1,22.0,130.0,6000,3.96,24.0,0.0,0,0.0,120.0,5500,0.0,2.05,4.15,0,2,2,98.5,97.9,0,1,1,1.5,1.495,0.749,0.746,0.749,0.746,1.0025,1,1,870,10,20,0,0,133.48,45.22,12.848,24.3,50.7,1013.1
2026-09-16T15:44:16,313.6,1,Ronda 1,3,Zincado Celda Hull,89,100,1.5,Pulsado,25.0,85.0,0.0,0,0.0,95.0,4400,0.0,24.0,0.0,0,0.0,105.0,4800,0.0,25.0,25.0,1,22.0,130.0,6000,3.96,24.0,0.0,0,0.0,120.0,5500,0.0,2.05,4.15,0,2,2,98.5,97.9,0,1,1,1.5,1.496,0.75,0.747,0.75,0.747,1.0025,1,1,870,10,20,0,0,134.98,45.73,12.849,24.3,50.7,1013.1
2026-09-16T15:44:16,314.6,1,Ronda 1,3,Zincado Celda Hull,90,100,1.5,Pulsado,25.0,85.0,0.0,0,0.0,95.0,4400,0.0,24.0,0.0,0,0.0,105.0,4800,0.0,24.8,25.0,1,22.0,130.0,6000,3.96,24.0,0.0,0,0.0,120.0,5500,0.0,2.05,4.15,0,2,2,98.5,97.9,0,1,1,1.5,1.509,0.756,0.753,0.756,0.753,1.0025,1,1,870,10,20,0,0,136.48,46.24,12.85,24.3,50.7,1013.1
2026-09-16T15:44:16,315.6,1,Ronda 1,3,Zincado Celda Hull,91,100,1.5,Pulsado,25.0,85.0,0.0,0,0.0,95.0,4400,0.0,24.0,0.0,0,0.0,105.0,4800,0.0,25.0,25.0,1,22.0,130.0,6000,3.96,24.0,0.0,0,0.0,120.0,5500,0.0,2.05,4.15,0,2,2,98.5,97.9,0,1,1,1.5,1.496,0.749,0.746,0.749,0.746,1.0025,1,1,870,10,20,0,0,137.98,46.75,12.851,24.3,50.7,1013.1
2026-09-16T15:44:16,316.6,1,Ronda 1,3,Zincado Celda Hull,92,100,1.5,Pulsado,25.0,85.0,0.0,0,0.0,95.0,4400,0.0,24.0,0.0,0,0.0,105.0,4800,0.0,24.7,25.0,1,22.0,130.0,6000,3.96,24.0,0.0,0,0.0,120.0,5500,0.0,2.05,4.15,0,2,2,98.5,97.9,0,1,1,1.5,1.5,0.752,0.749,0.752,0.749,1.0025,1,1,870,10,20,0,0,139.48,47.26,12.852,24.3,50.7,1013.1
2026-09-16T15:44:16,317.6,1,Ronda 1,3,Zincado Celda Hull,93,100,1.5,Pulsado,25.0,85.0,0.0,0,0.0,95.0,4400,0.0,24.0,0.0,0,0.0,105.0,4800,0.0,24.7,25.0,1,22.0,130.0,6000,3.96,24.0,0.0,0,0.0,120.0,5500,0.0,2.05,4.15,0,2,2,98.5,97.9,0,1,1,1.5,1.506,0.754,0.751,0.754,0.751,1.0025,1,1,870,10,20,0,0,140.99,47.77,12.853,24.3,50.7,1013.1
2026-09-16T15:44:16,318.6,1,Ronda 1,3,Zincado Celda Hull,94,100,1.5,Pulsado,25.0,85.0,0.0,0,0.0,95.0,4400,0.0,24.0,0.0,0,0.0,105.0,4800,0.0,25.2,25.0,1,22.0,130.0,6000,3.96,24.0,0.0,0,0.0,120.0,5500,0.0,2.05,4.15,0,2,2,98.5,97.9,0,1,1,1.5,1.489,0.746,0.743,0.746,0.743,1.0025,1,1,870,10,20,0,0,142.48,48.27,12.854,24.3,50.7,1013.1
2026-09-16T15:44:16,319.6,1,Ronda 1,3,Zincado Celda Hull,95,100,1.5,Pulsado,25.0,85.0,0.0,0,0.0,95.0,4400,0.0,24.0,0.0,0,0.0,105.0,4800,0.0,24.9,25.0,1,22.0,130.0,6000,3.96,24.0,0.0,0,0.0,120.0,5500,0.0,2.05,4.15,0,2,2,98.5,97.9,0,1,1,1.5,1.505,0.754,0.751,0.754,0.751,1.0025,1,1,870,10,20,0,0,143.98,48.78,12.856,24.3,50.7,1013.1
2026-09-16T15:44:16,320.6,1,Ronda 1,3,Zincado Celda Hull,96,100,1.5,Pulsado,25.0,85.0,0.0,0,0.0,95.0,4400,0.0,24.0,0.0,0,0.0,105.0,4800,0.0,25.2,25.0,1,22.0,130.0,6000,3.96,24.0,0.0,0,0.0,120.0,5500,0.0,2.05,4.15,0,2,2,98.5,97.9,0,1,1,1.5,1.494,0.748,0.745,0.748,0.745,1.0025,1,1,870,10,20,0,0,145.48,49.29,12.857,24.3,50.7,1013.1
2026-09-16T15:44:16,321.6,1,Ronda 1,3,Zincado Celda Hull,97,100,1.5,Pulsado,25.0,85.0,0.0,0,0.0,95.0,4400,0.0,24.0,0.0,0,0.0,105.0,4800,0.0,24.9,25.0,1,22.0,130.0,6000,3.96,24.0,0.0,0,0.0,120.0,5500,0.0,2.05,4.15,0,2,2,98.5,97.9,0,1,1,1.5,1.514,0.759,0.756,0.759,0.756,1.0025,1,1,870,10,20,0,0,146.99,49.8,12.858,24.3,50.7,1013.1
2026-09-16T15:44:16,322.6,1,Ronda 1,3,Zincado Celda Hull,98,100,1.5,Pulsado,25.0,85.0,0.0,0,0.0,95.0,4400,0.0,24.0,0.0,0,0.0,105.0,4800,0.0,25.3,25.0,1,22.0,130.0,6000,3.96,24.0,0.0,0,0.0,120.0,5500,0.0,2.05,4.15,0,2,2,98.5,97.9,0,1,1,1.5,1.5,0.752,0.749,0.752,0.749,1.0025,1,1,870,10,20,0,0,148.49,50.31,12.859,24.3,50.7,1013.1
2026-09-16T15:44:16,323.6,1,Ronda 1,3,Zincado Celda Hull,99,100,1.5,Pulsado,25.0,85.0,0.0,0,0.0,95.0,4400,0.0,24.0,0.0,0,0.0,105.0,4800,0.0,25.1,25.0,1,22.0,130.0,6000,3.96,24.0,0.0,0,0.0,120.0,5500,0.0,2.05,4.15,0,2,2,98.5,97.9,0,1,1,1.5,1.488,0.746,0.743,0.746,0.743,1.0025,1,1,870,10,20,0,0,149.98,50.81,12.86,24.3,50.7,1013.1
2026-09-16T15:44:16,336.20000000000005,1,Ronda 1,4,Niquelado Químico Watts,0,300,1.13,DC,30.0,24.0,0.0,0,0.0,95.0,4400,0.0,24.0,0.0,0,0.0,105.0,4800,0.0,24.0,0.0,0,0.0,130.0,6000,0.0,30.2,30.0,1,35.0,120.0,5500,157.5,2.05,4.15,0,2,2,98.5,97.9,0,1,0,1.13,1.128,0.565,0.563,0.565,0.563,1.0025,1,1,655,0,0,3,0,151.11,51.19,12.904,24.2,50.6,1013.1
2026-09-16T15:44:16,337.20000000000005,1,Ronda 1,4,Niquelado Químico Watts,1,300,1.13,DC,30.0,25.0,0.0,0,0.0,95.0,4400,0.0,24.0,0.0,0,0.0,105.0,4800,0.0,24.0,0.0,0,0.0,130.0,6000,0.0,30.2,30.0,1,35.0,120.0,5500,157.5,2.05,4.15,0,2,2,98.5,97.9,0,1,0,1.13,1.126,0.564,0.562,0.564,0.562,1.0025,1,1,655,0,0,3,0,152.23,51.58,12.947,24.2,50.6,1013.1
2026-09-16T15:44:16,338.20000000000005,1,Ronda 1,4,Niquelado Químico Watts,2,300,1.13,DC,30.0,26.0,0.0,0,0.0,95.0,4400,0.0,24.0,0.0,0,0.0,105.0,4800,0.0,24.0,0.0,0,0.0,130.0,6000,0.0,30.1,30.0,1,35.0,120.0,5500,157.5,2.05,4.15,0,2,2,98.5,97.9,0,1,0,1.13,1.127,0.565,0.563,0.565,0.563,1.0025,1,1,655,0,0,3,0,153.36,51.96,12.991,24.2,50.6,1013.1
2026-09-16T15:44:16,339.20000000000005,1,Ronda 1,4,Niquelado Químico Watts,3,300,1.13,DC,30.0,27.1,0.0,0,0.0,95.0,4400,0.0,24.0,0.0,0,0.0,105.0,4800,0.0,24.0,0.0,0,0.0,130.0,6000,0.0,30.2,30.0,1,35.0,120.0,5500,157.5,2.05,4.15,0,2,2,98.5,97.9,0,1,0,1.13,1.129,0.566,0.563,0.566,0.563,1.0025,1,1,655,0,0,3,0,154.49,52.34,13.035,24.2,50.6,1013.1
2026-09-16T15:44:16,340.20000000000005,1,Ronda 1,4,Niquelado Químico Watts,4,300,1.13,DC,30.0,28.1,0.0,0,0.0,95.0,4400,0.0,24.0,0.0,0,0.0,105.0,4800,0.0,24.0,0.0,0,0.0,130.0,6000,0.0,29.6,30.0,1,35.0,120.0,5500,157.5,2.05,4.15,0,2,2,98.5,97.9,0,1,0,1.13,1.13,0.566,0.564,0.566,0.564,1.0025,1,1,655,0,0,3,0,155.62,52.72,13.079,24.2,50.6,1013.1
2026-09-16T15:44:16,341.20000000000005,1,Ronda 1,4,Niquelado Químico Watts,5,300,1.13,DC,30.0,29.1,0.0,0,0.0,95.0,4400,0.0,24.0,0.0,0,0.0,105.0,4800,0.0,24.0,0.0,0,0.0,130.0,6000,0.0,30.4,30.0,1,35.0,120.0,5500,157.5,2.05,4.15,0,2,2,98.5,97.9,0,1,0,1.13,1.14,0.571,0.569,0.571,0.569,1.0025,1,1,655,0,0,3,0,156.76,53.11,13.122,24.2,50.6,1013.1
2026-09-16T15:44:16,342.20000000000005,1,Ronda 1,4,Niquelado Químico Watts,6,300,1.13,DC,30.0,30.1,0.0,0,0.0,95.0,4400,0.0,24.0,0.0,0,0.0,105.0,4800,0.0,24.0,0.0,0,0.0,130.0,6000,0.0,29.9,30.0,1,35.0,120.0,5500,157.5,2.05,4.15,0,2,2,98.5,97.9,0,1,0,1.13,1.135,0.568,0.566,0.568,0.566,1.0025,1,1,655,0,0,3,0,157.89,53.49,13.166,24.2,50.6,1013.1
2026-09-16T15:44:16,343.20000000000005,1,Ronda 1,4,Niquelado Químico Watts,7,300,1.13,DC,30.0,31.1,0.0,0,0.0,95.0,4400,0.0,24.0,0.0,0,0.0,105.0,4800,0.0,24.0,0.0,0,0.0,130.0,6000,0.0,30.0,30.0,1,35.0,120.0,5500,157.5,2.05,4.15,0,2,2,98.5,97.9,0,1,0,1.13,1.137,0.57,0.567,0.57,0.567,1.0025,1,1,655,0,0,3,0,159.03,53.88,13.21,24.2,50.6,1013.1
2026-09-16T15:44:16,344.20000000000005,1,Ronda 1,4,Niquelado Químico Watts,8,300,1.13,DC,30.0,32.1,0.0,0,0.0,95.0,4400,0.0,24.0,0.0,0,0.0,105.0,4800,0.0,24.0,0.0,0,0.0,130.0,6000,0.0,30.2,30.0,1,35.0,120.0,5500,157.5,2.05,4.15,0,2,2,98.5,97.9,0,1,0,1.13,1.144,0.573,0.571,0.573,0.571,1.0025,1,1,655,0,0,3,0,160.17,54.27,13.254,24.2,50.6,1013.1
2026-09-16T15:44:16,345.20000000000005,1,Ronda 1,4,Niquelado Químico Watts,9,300,1.13,DC,30.0,33.1,0.0,0,0.0,95.0,4400,0.0,24.0,0.0,0,0.0,105.0,4800,0.0,24.0,0.0,0,0.0,130.0,6000,0.0,30.0,30.0,1,35.0,120.0,5500,157.5,2.05,4.15,0,2,2,98.5,97.9,0,1,0,1.13,1.125,0.563,0.561,0.563,0.561,1.0025,1,1,655,0,0,3,0,161.3,54.65,13.297,24.1,50.6,1013.1
2026-09-16T15:44:16,346.20000000000005,1,Ronda 1,4,Niquelado Químico Watts,10,300,1.13,DC,30.0,34.2,0.0,0,0.0,95.0,4400,0.0,24.0,0.0,0,0.0,105.0,4800,0.0,24.0,0.0,0,0.0,130.0,6000,0.0,29.7,30.0,1,35.0,120.0,5500,157.5,2.05,4.15,0,2,2,98.5,97.9,0,1,0,1.13,1.142,0.572,0.57,0.572,0.57,1.0025,1,1,655,0,0,3,0,162.44,55.03,13.341,24.1,50.6,1013.1
2026-09-16T15:44:16,347.20000000000005,1,Ronda 1,4,Niquelado Químico Watts,11,300,1.13,DC,30.0,35.2,0.0,0,0.0,95.0,4400,0.0,24.0,0.0,0,0.0,105.0,4800,0.0,24.0,0.0,0,0.0,130.0,6000,0.0,29.8,30.0,1,35.0,120.0,5500,157.5,2.05,4.15,0,2,2,98.5,97.9,0,1,0,1.13,1.134,0.568,0.566,0.568,0.566,1.0025,1,1,655,0,0,3,0,163.57,55.42,13.385,24.1,50.6,1013.1
2026-09-16T15:44:16,348.20000000000005,1,Ronda 1,4,Niquelado Químico Watts,12,300,1.13,DC,30.0,36.2,0.0,0,0.0,95.0,4400,0.0,24.0,0.0,0,0.0,105.0,4800,0.0,24.0,0.0,0,0.0,130.0,6000,0.0,30.2,30.0,1,35.0,120.0,5500,157.5,2.05,4.15,0,2,2,98.5,97.9,0,1,0,1.13,1.121,0.562,0.559,0.562,0.559,1.0025,1,1,655,0,0,3,0,164.69,55.8,13.429,24.1,50.5,1013.1
2026-09-16T15:44:16,349.20000000000005,1,Ronda 1,4,Niquelado Químico Watts,13,300,1.13,DC,30.0,37.2,0.0,0,0.0,95.0,4400,0.0,24.0,0.0,0,0.0,105.0,4800,0.0,24.0,0.0,0,0.0,130.0,6000,0.0,30.1,30.0,1,35.0,120.0,5500,157.5,2.05,4.15,0,2,2,98.5,97.9,0,1,0,1.13,1.126,0.564,0.562,0.564,0.562,1.0025,1,1,655,0,0,3,0,165.82,56.18,13.472,24.1,50.5,1013.1
2026-09-16T15:44:16,350.20000000000005,1,Ronda 1,4,Niquelado Químico Watts,14,300,1.13,DC,30.0,38.2,0.0,0,0.0,95.0,4400,0.0,24.0,0.0,0,0.0,105.0,4800,0.0,24.0,0.0,0,0.0,130.0,6000,0.0,30.0,30.0,1,35.0,120.0,5500,157.5,2.05,4.15,0,2,2,98.5,97.9,0,1,0,1.13,1.119,0.561,0.559,0.561,0.559,1.0025,1,1,655,0,0,3,0,166.94,56.56,13.516,24.1,50.5,1013.1
2026-09-16T15:44:16,351.20000000000005,1,Ronda 1,4,Niquelado Químico Watts,15,300,1.13,DC,30.0,39.2,0.0,0,0.0,95.0,4400,0.0,24.0,0.0,0,0.0,105.0,4800,0.0,24.0,0.0,0,0.0,130.0,6000,0.0,30.1,30.0,1,35.0,120.0,5500,157.5,2.05,4.15,0,2,2,98.5,97.9,0,1,0,1.13,1.134,0.568,0.566,0.568,0.566,1.0025,1,1,655,0,0,3,0,168.07,56.94,13.56,24.1,50.5,1013.1
2026-09-16T15:44:16,352.20000000000005,1,Ronda 1,4,Niquelado Químico Watts,16,300,1.13,DC,30.0,40.3,0.0,0,0.0,95.0,4400,0.0,24.0,0.0,0,0.0,105.0,4800,0.0,24.0,0.0,0,0.0,130.0,6000,0.0,29.9,30.0,1,35.0,120.0,5500,157.5,2.05,4.15,0,2,2,98.5,97.9,0,1,0,1.13,1.124,0.563,0.561,0.563,0.561,1.0025,1,1,655,0,0,3,0,169.2,57.32,13.604,24.1,50.5,1013.1
2026-09-16T15:44:16,353.20000000000005,1,Ronda 1,4,Niquelado Químico Watts,17,300,1.13,DC,30.0,41.3,0.0,0,0.0,95.0,4400,0.0,24.0,0.0,0,0.0,105.0,4800,0.0,24.0,0.0,0,0.0,130.0,6000,0.0,29.9,30.0,1,35.0,120.0,5500,157.5,2.05,4.15,0,2,2,98.5,97.9,0,1,0,1.13,1.118,0.56,0.558,0.56,0.558,1.0025,1,1,655,0,0,3,0,170.32,57.7,13.647,24.1,50.5,1013.1
2026-09-16T15:44:16,354.20000000000005,1,Ronda 1,4,Niquelado Químico Watts,18,300,1.13,DC,30.0,42.3,0.0,0,0.0,95.0,4400,0.0,24.0,0.0,0,0.0,105.0,4800,0.0,24.0,0.0,0,0.0,130.0,6000,0.0,30.1,30.0,1,35.0,120.0,5500,157.5,2.05,4.15,0,2,2,98.5,97.9,0,1,0,1.13,1.13,0.566,0.564,0.566,0.564,1.0025,1,1,655,0,0,3,0,171.45,58.09,13.691,24.1,50.5,1013.1
2026-09-16T15:44:16,355.20000000000005,1,Ronda 1,4,Niquelado Químico Watts,19,300,1.13,DC,30.0,43.3,0.0,0,0.0,95.0,4400,0.0,24.0,0.0,0,0.0,105.0,4800,0.0,24.0,0.0,0,0.0,130.0,6000,0.0,30.1,30.0,1,35.0,120.0,5500,157.5,2.05,4.15,0,2,2,98.5,97.9,0,1,0,1.13,1.135,0.568,0.566,0.568,0.566,1.0025,1,1,655,0,0,3,0,172.58,58.47,13.735,24.1,50.5,1013.1
2026-09-16T15:44:16,356.20000000000005,1,Ronda 1,4,Niquelado Químico Watts,20,300,1.13,DC,30.0,44.3,0.0,0,0.0,95.0,4400,0.0,24.0,0.0,0,0.0,105.0,4800,0.0,24.0,0.0,0,0.0,130.0,6000,0.0,30.3,30.0,1,35.0,120.0,5500,157.5,2.05,4.15,0,2,2,98.5,97.9,0,1,0,1.13,1.112,0.557,0.555,0.557,0.555,1.0025,1,1,655,0,0,3,0,173.69,58.85,13.779,24.1,50.5,1013.1
2026-09-16T15:44:16,357.20000000000005,1,Ronda 1,4,Niquelado Químico Watts,21,300,1.13,DC,30.0,45.3,0.0,0,0.0,95.0,4400,0.0,24.0,0.0,0,0.0,105.0,4800,0.0,24.0,0.0,0,0.0,130.0,6000,0.0,30.0,30.0,1,35.0,120.0,5500,157.5,2.05,4.15,0,2,2,98.5,97.9,0,1,0,1.13,1.143,0.573,0.571,0.573,0.571,1.0025,1,1,655,0,0,3,0,174.84,59.23,13.822,24.1,50.5,1013.1
2026-09-16T15:44:16,358.20000000000005,1,Ronda 1,4,Niquelado Químico Watts,22,300,1.13,DC,30.0,46.4,0.0,0,0.0,95.0,4400,0.0,24.0,0.0,0,0.0,105.0,4800,0.0,24.0,0.0,0,0.0,130.0,6000,0.0,30.1,30.0,1,35.0,120.0,5500,157.5,2.05,4.15,0,2,2,98.5,97.9,0,1,0,1.13,1.144,0.573,0.571,0.573,0.571,1.0025,1,1,655,0,0,3,0,175.98,59.62,13.866,24.1,50.5,1013.1
2026-09-16T15:44:16,359.20000000000005,1,Ronda 1,4,Niquelado Químico Watts,23,300,1.13,DC,30.0,47.4,0.0,0,0.0,95.0,4400,0.0,24.0,0.0,0,0.0,105.0,4800,0.0,24.0,0.0,0,0.0,130.0,6000,0.0,30.0,30.0,1,35.0,120.0,5500,157.5,2.05,4.15,0,2,2,98.5,97.9,0,1,0,1.13,1.132,0.567,0.565,0.567,0.565,1.0025,1,1,655,0,0,3,0,177.11,60.01,13.91,24.1,50.5,1013.1
2026-09-16T15:44:16,360.20000000000005,1,Ronda 1,4,Niquelado Químico Watts,24,300,1.13,DC,30.0,48.4,0.0,0,0.0,95.0,4400,0.0,24.0,0.0,0,0.0,105.0,4800,0.0,24.0,0.0,0,0.0,130.0,6000,0.0,30.0,30.0,1,35.0,120.0,5500,157.5,2.05,4.15,0,2,2,98.5,97.9,0,1,0,1.13,1.135,0.569,0.566,0.569,0.566,1.0025,1,1,655,0,0,3,0,178.25,60.39,13.954,24.1,50.5,1013.1
2026-09-16T15:44:16,361.20000000000005,1,Ronda 1,4,Niquelado Químico Watts,25,300,1.13,DC,30.0,49.4,0.0,0,0.0,95.0,4400,0.0,24.0,0.0,0,0.0,105.0,4800,0.0,24.0,0.0,0,0.0,130.0,6000,0.0,30.1,30.0,1,35.0,120.0,5500,157.5,2.05,4.15,0,2,2,98.5,97.9,0,1,0,1.13,1.129,0.566,0.564,0.566,0.564,1.0025,1,1,655,0,0,3,0,179.38,60.77,13.997,24.1,50.5,1013.1
2026-09-16T15:44:16,362.20000000000005,1,Ronda 1,4,Niquelado Químico Watts,26,300,1.13,DC,30.0,50.4,0.0,0,0.0,95.0,4400,0.0,24.0,0.0,0,0.0,105.0,4800,0.0,24.0,0.0,0,0.0,130.0,6000,0.0,30.1,30.0,1,35.0,120.0,5500,157.5,2.05,4.15,0,2,2,98.5,97.9,0,1,0,1.13,1.117,0.56,0.558,0.56,0.558,1.0025,1,1,655,0,0,3,0,180.49,61.15,14.041,24.1,50.5,1013.1
2026-09-16T15:44:16,363.20000000000005,1,Ronda 1,4,Niquelado Químico Watts,27,300,1.13,DC,30.0,51.5,0.0,0,0.0,95.0,4400,0.0,24.0,0.0,0,0.0,105.0,4800,0.0,24.0,0.0,0,0.0,130.0,6000,0.0,30.0,30.0,1,35.0,120.0,5500,157.5,2.05,4.15,0,2,2,98.5,97.9,0,1,0,1.13,1.114,0.558,0.556,0.558,0.556,1.0025,1,1,655,0,0,3,0,181.61,61.53,14.085,24.1,50.5,1013.1
2026-09-16T15:44:16,364.20000000000005,1,Ronda 1,4,Niquelado Químico Watts,28,300,1.13,DC,30.0,52.5,0.0,0,0.0,95.0,4400,0.0,24.0,0.0,0,0.0,105.0,4800,0.0,24.0,0.0,0,0.0,130.0,6000,0.0,29.9,30.0,1,35.0,120.0,5500,157.5,2.05,4.15,0,2,2,98.5,97.9,0,1,0,1.13,1.133,0.567,0.565,0.567,0.565,1.0025,1,1,655,0,0,3,0,182.74,61.91,14.129,24.1,50.5,1013.1
2026-09-16T15:44:16,365.20000000000005,1,Ronda 1,4,Niquelado Químico Watts,29,300,1.13,DC,30.0,53.5,0.0,0,0.0,95.0,4400,0.0,24.0,0.0,0,0.0,105.0,4800,0.0,24.0,0.0,0,0.0,130.0,6000,0.0,29.8,30.0,1,35.0,120.0,5500,157.5,2.05,4.15,0,2,2,98.5,97.9,0,1,0,1.13,1.129,0.566,0.563,0.566,0.563,1.0025,1,1,655,0,0,3,0,183.87,62.3,14.172,24.1,50.5,1013.1
2026-09-16T15:44:16,366.20000000000005,1,Ronda 1,4,Niquelado Químico Watts,30,300,1.13,DC,30.0,54.5,0.0,0,0.0,95.0,4400,0.0,24.0,0.0,0,0.0,105.0,4800,0.0,24.0,0.0,0,0.0,130.0,6000,0.0,30.0,30.0,1,35.0,120.0,5500,157.5,2.05,4.15,0,2,2,98.5,97.9,0,1,0,1.13,1.149,0.576,0.574,0.576,0.574,1.0025,1,1,655,0,0,3,0,185.02,62.68,14.216,24.1,50.5,1013.1
2026-09-16T15:44:16,367.20000000000005,1,Ronda 1,4,Niquelado Químico Watts,31,300,1.13,DC,30.0,55.5,0.0,0,0.0,95.0,4400,0.0,24.0,0.0,0,0.0,105.0,4800,0.0,24.0,0.0,0,0.0,130.0,6000,0.0,30.1,30.0,1,35.0,120.0,5500,157.5,2.05,4.15,0,2,2,98.5,97.9,0,1,0,1.13,1.126,0.564,0.562,0.564,0.562,1.0025,1,1,655,0,0,3,0,186.14,63.07,14.26,24.0,50.5,1013.1
2026-09-16T15:44:16,368.20000000000005,1,Ronda 1,4,Niquelado Químico Watts,32,300,1.13,DC,30.0,56.5,0.0,0,0.0,95.0,4400,0.0,24.0,0.0,0,0.0,105.0,4800,0.0,24.0,0.0,0,0.0,130.0,6000,0.0,30.2,30.0,1,35.0,120.0,5500,157.5,2.05,4.15,0,2,2,98.5,97.9,0,1,0,1.13,1.133,0.568,0.565,0.568,0.565,1.0025,1,1,655,0,0,3,0,187.28,63.45,14.304,24.0,50.5,1013.1
2026-09-16T15:44:16,369.20000000000005,1,Ronda 1,4,Niquelado Químico Watts,33,300,1.13,DC,30.0,57.6,0.0,0,0.0,95.0,4400,0.0,24.0,0.0,0,0.0,105.0,4800,0.0,24.0,0.0,0,0.0,130.0,6000,0.0,29.8,30.0,1,35.0,120.0,5500,157.5,2.05,4.15,0,2,2,98.5,97.9,0,1,0,1.13,1.123,0.563,0.561,0.563,0.561,1.0025,1,1,655,0,0,3,0,188.4,63.83,14.347,24.0,50.5,1013.1
2026-09-16T15:44:16,370.20000000000005,1,Ronda 1,4,Niquelado Químico Watts,34,300,1.13,DC,30.0,58.6,0.0,0,0.0,95.0,4400,0.0,24.0,0.0,0,0.0,105.0,4800,0.0,24.0,0.0,0,0.0,130.0,6000,0.0,29.8,30.0,1,35.0,120.0,5500,157.5,2.05,4.15,0,2,2,98.5,97.9,0,1,0,1.13,1.129,0.566,0.563,0.566,0.563,1.0025,1,1,655,0,0,3,0,189.53,64.21,14.391,24.0,50.5,1013.1
2026-09-16T15:44:16,371.20000000000005,1,Ronda 1,4,Niquelado Químico Watts,35,300,1.13,DC,30.0,59.6,0.0,0,0.0,95.0,4400,0.0,24.0,0.0,0,0.0,105.0,4800,0.0,24.0,0.0,0,0.0,130.0,6000,0.0,30.1,30.0,1,35.0,120.0,5500,157.5,2.05,4.15,0,2,2,98.5,97.9,0,1,0,1.13,1.12,0.561,0.559,0.561,0.559,1.0025,1,1,655,0,0,3,0,190.65,64.59,14.435,24.0,50.5,1013.1
2026-09-16T15:44:16,372.20000000000005,1,Ronda 1,4,Niquelado Químico Watts,36,300,1.13,DC,30.0,60.6,0.0,0,0.0,95.0,4400,0.0,24.0,0.0,0,0.0,105.0,4800,0.0,24.0,0.0,0,0.0,130.0,6000,0.0,30.1,30.0,1,35.0,120.0,5500,157.5,2.05,4.15,0,2,2,98.5,97.9,0,1,0,1.13,1.144,0.573,0.571,0.573,0.571,1.0025,1,1,655,0,0,3,0,191.79,64.98,14.479,24.0,50.4,1013.1
2026-09-16T15:44:16,373.20000000000005,1,Ronda 1,4,Niquelado Químico Watts,37,300,1.13,DC,30.0,61.6,0.0,0,0.0,95.0,4400,0.0,24.0,0.0,0,0.0,105.0,4800,0.0,24.0,0.0,0,0.0,130.0,6000,0.0,30.0,30.0,1,35.0,120.0,5500,157.5,2.05,4.15,0,2,2,98.5,97.9,0,1,0,1.13,1.145,0.574,0.571,0.574,0.571,1.0025,1,1,655,0,0,3,0,192.94,65.37,14.522,24.0,50.4,1013.1
2026-09-16T15:44:16,374.20000000000005,1,Ronda 1,4,Niquelado Químico Watts,38,300,1.13,DC,30.0,62.6,0.0,0,0.0,95.0,4400,0.0,24.0,0.0,0,0.0,105.0,4800,0.0,24.0,0.0,0,0.0,130.0,6000,0.0,30.0,30.0,1,35.0,120.0,5500,157.5,2.05,4.15,0,2,2,98.5,97.9,0,1,0,1.13,1.129,0.566,0.563,0.566,0.563,1.0025,1,1,655,0,0,3,0,194.07,65.75,14.566,24.0,50.4,1013.1
2026-09-16T15:44:16,375.20000000000005,1,Ronda 1,4,Niquelado Químico Watts,39,300,1.13,DC,30.0,63.6,0.0,0,0.0,95.0,4400,0.0,24.0,0.0,0,0.0,105.0,4800,0.0,24.0,0.0,0,0.0,130.0,6000,0.0,30.0,30.0,1,35.0,120.0,5500,157.5,2.05,4.15,0,2,2,98.5,97.9,0,1,0,1.13,1.126,0.564,0.562,0.564,0.562,1.0025,1,1,655,0,0,3,0,195.19,66.13,14.61,24.0,50.4,1013.1
2026-09-16T15:44:16,376.20000000000005,1,Ronda 1,4,Niquelado Químico Watts,40,300,1.13,DC,30.0,64.7,0.0,0,0.0,95.0,4400,0.0,24.0,0.0,0,0.0,105.0,4800,0.0,24.0,0.0,0,0.0,130.0,6000,0.0,29.7,30.0,1,35.0,120.0,5500,157.5,2.05,4.15,0,2,2,98.5,97.9,0,1,0,1.13,1.127,0.564,0.562,0.564,0.562,1.0025,1,1,655,0,0,3,0,196.32,66.51,14.654,24.0,50.4,1013.1
2026-09-16T15:44:16,377.20000000000005,1,Ronda 1,4,Niquelado Químico Watts,41,300,1.13,DC,30.0,65.7,0.0,0,0.0,95.0,4400,0.0,24.0,0.0,0,0.0,105.0,4800,0.0,24.0,0.0,0,0.0,130.0,6000,0.0,29.7,30.0,1,35.0,120.0,5500,157.5,2.05,4.15,0,2,2,98.5,97.9,0,1,0,1.13,1.132,0.567,0.565,0.567,0.565,1.0025,1,1,655,0,0,3,0,197.45,66.9,14.697,24.0,50.4,1013.1
2026-09-16T15:44:16,378.20000000000005,1,Ronda 1,4,Niquelado Químico Watts,42,300,1.13,DC,30.0,66.7,0.0,0,0.0,95.0,4400,0.0,24.0,0.0,0,0.0,105.0,4800,0.0,24.0,0.0,0,0.0,130.0,6000,0.0,29.9,30.0,1,35.0,120.0,5500,157.5,2.05,4.15,0,2,2,98.5,97.9,0,1,0,1.13,1.133,0.568,0.565,0.568,0.565,1.0025,1,1,655,0,0,3,0,198.59,67.28,14.741,24.0,50.4,1013.1
2026-09-16T15:44:16,379.20000000000005,1,Ronda 1,4,Niquelado Químico Watts,43,300,1.13,DC,30.0,67.7,0.0,0,0.0,95.0,4400,0.0,24.0,0.0,0,0.0,105.0,4800,0.0,24.0,0.0,0,0.0,130.0,6000,0.0,30.1,30.0,1,35.0,120.0,5500,157.5,2.05,4.15,0,2,2,98.5,97.9,0,1,0,1.13,1.138,0.57,0.568,0.57,0.568,1.0025,1,1,655,0,0,3,0,199.72,67.67,14.785,24.0,50.4,1013.1
2026-09-16T15:44:16,380.20000000000005,1,Ronda 1,4,Niquelado Químico Watts,44,300,1.13,DC,30.0,68.7,0.0,0,0.0,95.0,4400,0.0,24.0,0.0,0,0.0,105.0,4800,0.0,24.0,0.0,0,0.0,130.0,6000,0.0,30.0,30.0,1,35.0,120.0,5500,157.5,2.05,4.15,0,2,2,98.5,97.9,0,1,0,1.13,1.135,0.569,0.566,0.569,0.566,1.0025,1,1,655,0,0,3,0,200.86,68.05,14.829,24.0,50.4,1013.1
2026-09-16T15:44:16,381.20000000000005,1,Ronda 1,4,Niquelado Químico Watts,45,300,1.13,DC,30.0,69.8,0.0,0,0.0,95.0,4400,0.0,24.0,0.0,0,0.0,105.0,4800,0.0,24.0,0.0,0,0.0,130.0,6000,0.0,30.1,30.0,1,35.0,120.0,5500,157.5,2.05,4.15,0,2,2,98.5,97.9,0,1,0,1.13,1.126,0.564,0.562,0.564,0.562,1.0025,1,1,655,0,0,3,0,201.99,68.43,14.872,24.0,50.4,1013.1
2026-09-16T15:44:16,382.20000000000005,1,Ronda 1,4,Niquelado Químico Watts,46,300,1.13,DC,30.0,70.8,0.0,0,0.0,95.0,4400,0.0,24.0,0.0,0,0.0,105.0,4800,0.0,24.0,0.0,0,0.0,130.0,6000,0.0,30.2,30.0,1,35.0,120.0,5500,157.5,2.05,4.15,0,2,2,98.5,97.9,0,1,0,1.13,1.138,0.57,0.568,0.57,0.568,1.0025,1,1,655,0,0,3,0,203.12,68.82,14.916,24.0,50.4,1013.1
2026-09-16T15:44:16,383.20000000000005,1,Ronda 1,4,Niquelado Químico Watts,47,300,1.13,DC,30.0,71.8,0.0,0,0.0,95.0,4400,0.0,24.0,0.0,0,0.0,105.0,4800,0.0,24.0,0.0,0,0.0,130.0,6000,0.0,30.2,30.0,1,35.0,120.0,5500,157.5,2.05,4.15,0,2,2,98.5,97.9,0,1,0,1.13,1.133,0.568,0.565,0.568,0.565,1.0025,1,1,655,0,0,3,0,204.26,69.2,14.96,24.0,50.4,1013.1
2026-09-16T15:44:16,384.20000000000005,1,Ronda 1,4,Niquelado Químico Watts,48,300,1.13,DC,30.0,72.8,0.0,0,0.0,95.0,4400,0.0,24.0,0.0,0,0.0,105.0,4800,0.0,24.0,0.0,0,0.0,130.0,6000,0.0,29.9,30.0,1,35.0,120.0,5500,157.5,2.05,4.15,0,2,2,98.5,97.9,0,1,0,1.13,1.122,0.562,0.56,0.562,0.56,1.0025,1,1,655,0,0,3,0,205.38,69.58,15.004,24.0,50.4,1013.1
2026-09-16T15:44:16,385.20000000000005,1,Ronda 1,4,Niquelado Químico Watts,49,300,1.13,DC,30.0,73.8,0.0,0,0.0,95.0,4400,0.0,24.0,0.0,0,0.0,105.0,4800,0.0,24.0,0.0,0,0.0,130.0,6000,0.0,29.6,30.0,1,35.0,120.0,5500,157.5,2.05,4.15,0,2,2,98.5,97.9,0,1,0,1.13,1.115,0.559,0.556,0.559,0.556,1.0025,1,1,655,0,0,3,0,206.49,69.96,15.047,24.0,50.4,1013.1
2026-09-16T15:44:16,386.20000000000005,1,Ronda 1,4,Niquelado Químico Watts,50,300,1.13,DC,30.0,74.8,0.0,0,0.0,95.0,4400,0.0,24.0,0.0,0,0.0,105.0,4800,0.0,24.0,0.0,0,0.0,130.0,6000,0.0,29.8,30.0,1,35.0,120.0,5500,157.5,2.05,4.15,0,2,2,98.5,97.9,0,1,0,1.13,1.133,0.567,0.565,0.567,0.565,1.0025,1,1,655,0,0,3,0,207.63,70.34,15.091,24.0,50.4,1013.1
2026-09-16T15:44:16,387.20000000000005,1,Ronda 1,4,Niquelado Químico Watts,51,300,1.13,DC,30.0,75.8,0.0,0,0.0,95.0,4400,0.0,24.0,0.0,0,0.0,105.0,4800,0.0,24.0,0.0,0,0.0,130.0,6000,0.0,30.0,30.0,1,35.0,120.0,5500,157.5,2.05,4.15,0,2,2,98.5,97.9,0,1,0,1.13,1.132,0.567,0.565,0.567,0.565,1.0025,1,1,655,0,0,3,0,208.76,70.73,15.135,24.0,50.4,1013.1
2026-09-16T15:44:16,388.20000000000005,1,Ronda 1,4,Niquelado Químico Watts,52,300,1.13,DC,30.0,76.9,0.0,0,0.0,95.0,4400,0.0,24.0,0.0,0,0.0,105.0,4800,0.0,24.0,0.0,0,0.0,130.0,6000,0.0,29.9,30.0,1,35.0,120.0,5500,157.5,2.05,4.15,0,2,2,98.5,97.9,0,1,0,1.13,1.121,0.562,0.56,0.562,0.56,1.0025,1,1,655,0,0,3,0,209.88,71.11,15.179,24.0,50.4,1013.1
2026-09-16T15:44:16,389.20000000000005,1,Ronda 1,4,Niquelado Químico Watts,53,300,1.13,DC,30.0,77.9,0.0,0,0.0,95.0,4400,0.0,24.0,0.0,0,0.0,105.0,4800,0.0,24.0,0.0,0,0.0,130.0,6000,0.0,29.8,30.0,1,35.0,120.0,5500,157.5,2.05,4.15,0,2,2,98.5,97.9,0,1,0,1.13,1.131,0.566,0.564,0.566,0.564,1.0025,1,1,655,0,0,3,0,211.01,71.49,15.222,24.0,50.4,1013.1
2026-09-16T15:44:16,390.20000000000005,1,Ronda 1,4,Niquelado Químico Watts,54,300,1.13,DC,30.0,78.9,0.0,0,0.0,95.0,4400,0.0,24.0,0.0,0,0.0,105.0,4800,0.0,24.0,0.0,0,0.0,130.0,6000,0.0,29.9,30.0,1,35.0,120.0,5500,157.5,2.05,4.15,0,2,2,98.5,97.9,0,1,0,1.13,1.139,0.571,0.568,0.571,0.568,1.0025,1,1,655,0,0,3,0,212.15,71.88,15.266,24.0,50.4,1013.1
2026-09-16T15:44:16,391.20000000000005,1,Ronda 1,4,Niquelado Químico Watts,55,300,1.13,DC,30.0,79.9,0.0,0,0.0,95.0,4400,0.0,24.0,0.0,0,0.0,105.0,4800,0.0,24.0,0.0,0,0.0,130.0,6000,0.0,30.4,30.0,1,35.0,120.0,5500,157.5,2.05,4.15,0,2,2,98.5,97.9,0,1,0,1.13,1.135,0.569,0.566,0.569,0.566,1.0025,1,1,655,0,0,3,0,213.28,72.26,15.31,24.0,50.4,1013.1
2026-09-16T15:44:16,392.20000000000005,1,Ronda 1,4,Niquelado Químico Watts,56,300,1.13,DC,30.0,80.9,0.0,0,0.0,95.0,4400,0.0,24.0,0.0,0,0.0,105.0,4800,0.0,24.0,0.0,0,0.0,130.0,6000,0.0,29.9,30.0,1,35.0,120.0,5500,157.5,2.05,4.15,0,2,2,98.5,97.9,0,1,0,1.13,1.133,0.568,0.566,0.568,0.566,1.0025,1,1,655,0,0,3,0,214.42,72.64,15.354,23.9,50.4,1013.1
2026-09-16T15:44:16,393.20000000000005,1,Ronda 1,4,Niquelado Químico Watts,57,300,1.13,DC,30.0,81.9,0.0,0,0.0,95.0,4400,0.0,24.0,0.0,0,0.0,105.0,4800,0.0,24.0,0.0,0,0.0,130.0,6000,0.0,30.1,30.0,1,35.0,120.0,5500,157.5,2.05,4.15,0,2,2,98.5,97.9,0,1,0,1.13,1.139,0.571,0.568,0.571,0.568,1.0025,1,1,655,0,0,3,0,215.56,73.03,15.397,23.9,50.4,1013.1
2026-09-16T15:44:16,394.20000000000005,1,Ronda 1,4,Niquelado Químico Watts,58,300,1.13,DC,30.0,83.0,0.0,0,0.0,95.0,4400,0.0,24.0,0.0,0,0.0,105.0,4800,0.0,24.0,0.0,0,0.0,130.0,6000,0.0,29.9,30.0,1,35.0,120.0,5500,157.5,2.05,4.15,0,2,2,98.5,97.9,0,1,0,1.13,1.124,0.563,0.561,0.563,0.561,1.0025,1,1,655,0,0,3,0,216.68,73.41,15.441,23.9,50.4,1013.1
2026-09-16T15:44:16,395.20000000000005,1,Ronda 1,4,Niquelado Químico Watts,59,300,1.13,DC,30.0,84.0,0.0,0,0.0,95.0,4400,0.0,24.0,0.0,0,0.0,105.0,4800,0.0,24.0,0.0,0,0.0,130.0,6000,0.0,30.0,30.0,1,35.0,120.0,5500,157.5,2.05,4.15,0,2,2,98.5,97.9,0,1,0,1.13,1.125,0.563,0.561,0.563,0.561,1.0025,1,1,655,0,0,3,0,217.8,73.79,15.485,23.9,50.4,1013.1
2026-09-16T15:44:16,396.20000000000005,1,Ronda 1,4,Niquelado Químico Watts,60,300,1.13,DC,30.0,85.0,0.0,0,0.0,95.0,4400,0.0,24.0,0.0,0,0.0,105.0,4800,0.0,24.0,0.0,0,0.0,130.0,6000,0.0,29.8,30.0,1,35.0,120.0,5500,157.5,2.05,4.15,0,2,2,98.5,97.9,0,1,0,1.13,1.139,0.571,0.568,0.571,0.568,1.0025,1,1,655,0,0,3,0,218.94,74.18,15.529,23.9,50.3,1013.1
2026-09-16T15:44:16,397.20000000000005,1,Ronda 1,4,Niquelado Químico Watts,61,300,1.13,DC,30.0,85.0,0.0,0,0.0,95.0,4400,0.0,24.0,0.0,0,0.0,105.0,4800,0.0,24.0,0.0,0,0.0,130.0,6000,0.0,29.9,30.0,1,35.0,120.0,5500,157.5,2.05,4.15,0,2,2,98.5,97.9,0,1,0,1.13,1.131,0.567,0.565,0.567,0.565,1.0025,1,1,655,0,0,3,0,220.07,74.56,15.572,23.9,50.3,1013.1
2026-09-16T15:44:16,398.20000000000005,1,Ronda 1,4,Niquelado Químico Watts,62,300,1.13,DC,30.0,85.0,0.0,0,0.0,95.0,4400,0.0,24.0,0.0,0,0.0,105.0,4800,0.0,24.0,0.0,0,0.0,130.0,6000,0.0,29.9,30.0,1,35.0,120.0,5500,157.5,2.05,4.15,0,2,2,98.5,97.9,0,1,0,1.13,1.139,0.57,0.568,0.57,0.568,1.0025,1,1,655,0,0,3,0,221.21,74.95,15.616,23.9,50.3,1013.1
2026-09-16T15:44:16,399.20000000000005,1,Ronda 1,4,Niquelado Químico Watts,63,300,1.13,DC,30.0,85.0,0.0,0,0.0,95.0,4400,0.0,24.0,0.0,0,0.0,105.0,4800,0.0,24.0,0.0,0,0.0,130.0,6000,0.0,30.0,30.0,1,35.0,120.0,5500,157.5,2.05,4.15,0,2,2,98.5,97.9,0,1,0,1.13,1.13,0.566,0.564,0.566,0.564,1.0025,1,1,655,0,0,3,0,222.34,75.33,15.66,23.9,50.3,1013.1
2026-09-16T15:44:16,400.20000000000005,1,Ronda 1,4,Niquelado Químico Watts,64,300,1.13,DC,30.0,85.0,0.0,0,0.0,95.0,4400,0.0,24.0,0.0,0,0.0,105.0,4800,0.0,24.0,0.0,0,0.0,130.0,6000,0.0,30.2,30.0,1,35.0,120.0,5500,157.5,2.05,4.15,0,2,2,98.5,97.9,0,1,0,1.13,1.125,0.564,0.561,0.564,0.561,1.0025,1,1,655,0,0,3,0,223.47,75.71,15.704,23.9,50.3,1013.1
2026-09-16T15:44:16,401.20000000000005,1,Ronda 1,4,Niquelado Químico Watts,65,300,1.13,DC,30.0,85.0,0.0,0,0.0,95.0,4400,0.0,24.0,0.0,0,0.0,105.0,4800,0.0,24.0,0.0,0,0.0,130.0,6000,0.0,30.2,30.0,1,35.0,120.0,5500,157.5,2.05,4.15,0,2,2,98.5,97.9,0,1,0,1.13,1.124,0.563,0.561,0.563,0.561,1.0025,1,1,655,0,0,3,0,224.59,76.09,15.747,23.9,50.3,1013.1
2026-09-16T15:44:16,402.20000000000005,1,Ronda 1,4,Niquelado Químico Watts,66,300,1.13,DC,30.0,85.0,0.0,0,0.0,95.0,4400,0.0,24.0,0.0,0,0.0,105.0,4800,0.0,24.0,0.0,0,0.0,130.0,6000,0.0,30.3,30.0,1,35.0,120.0,5500,157.5,2.05,4.15,0,2,2,98.5,97.9,0,1,0,1.13,1.139,0.571,0.568,0.571,0.568,1.0025,1,1,655,0,0,3,0,225.73,76.48,15.791,23.9,50.3,1013.1
2026-09-16T15:44:16,403.20000000000005,1,Ronda 1,4,Niquelado Químico Watts,67,300,1.13,DC,30.0,85.0,0.0,0,0.0,95.0,4400,0.0,24.0,0.0,0,0.0,105.0,4800,0.0,24.0,0.0,0,0.0,130.0,6000,0.0,29.8,30.0,1,35.0,120.0,5500,157.5,2.05,4.15,0,2,2,98.5,97.9,0,1,0,1.13,1.131,0.566,0.564,0.566,0.564,1.0025,1,1,655,0,0,3,0,226.86,76.86,15.835,23.9,50.3,1013.1
2026-09-16T15:44:16,404.20000000000005,1,Ronda 1,4,Niquelado Químico Watts,68,300,1.13,DC,30.0,85.0,0.0,0,0.0,95.0,4400,0.0,24.0,0.0,0,0.0,105.0,4800,0.0,24.0,0.0,0,0.0,130.0,6000,0.0,30.2,30.0,1,35.0,120.0,5500,157.5,2.05,4.15,0,2,2,98.5,97.9,0,1,0,1.13,1.138,0.57,0.568,0.57,0.568,1.0025,1,1,655,0,0,3,0,228.0,77.25,15.879,23.9,50.3,1013.1
2026-09-16T15:44:16,405.20000000000005,1,Ronda 1,4,Niquelado Químico Watts,69,300,1.13,DC,30.0,85.0,0.0,0,0.0,95.0,4400,0.0,24.0,0.0,0,0.0,105.0,4800,0.0,24.0,0.0,0,0.0,130.0,6000,0.0,29.9,30.0,1,35.0,120.0,5500,157.5,2.05,4.15,0,2,2,98.5,97.9,0,1,0,1.13,1.13,0.566,0.564,0.566,0.564,1.0025,1,1,655,0,0,3,0,229.13,77.63,15.922,23.9,50.3,1013.1
2026-09-16T15:44:16,406.20000000000005,1,Ronda 1,4,Niquelado Químico Watts,70,300,1.13,DC,30.0,85.0,0.0,0,0.0,95.0,4400,0.0,24.0,0.0,0,0.0,105.0,4800,0.0,24.0,0.0,0,0.0,130.0,6000,0.0,29.8,30.0,1,35.0,120.0,5500,157.5,2.05,4.15,0,2,2,98.5,97.9,0,1,0,1.13,1.127,0.564,0.562,0.564,0.562,1.0025,1,1,655,0,0,3,0,230.26,78.01,15.966,23.9,50.3,1013.1
2026-09-16T15:44:16,407.20000000000005,1,Ronda 1,4,Niquelado Químico Watts,71,300,1.13,DC,30.0,85.0,0.0,0,0.0,95.0,4400,0.0,24.0,0.0,0,0.0,105.0,4800,0.0,24.0,0.0,0,0.0,130.0,6000,0.0,29.9,30.0,1,35.0,120.0,5500,157.5,2.05,4.15,0,2,2,98.5,97.9,0,1,0,1.13,1.142,0.572,0.57,0.572,0.57,1.0025,1,1,655,0,0,3,0,231.4,78.4,16.01,23.9,50.3,1013.1
2026-09-16T15:44:16,408.20000000000005,1,Ronda 1,4,Niquelado Químico Watts,72,300,1.13,DC,30.0,85.0,0.0,0,0.0,95.0,4400,0.0,24.0,0.0,0,0.0,105.0,4800,0.0,24.0,0.0,0,0.0,130.0,6000,0.0,30.0,30.0,1,35.0,120.0,5500,157.5,2.05,4.15,0,2,2,98.5,97.9,0,1,0,1.13,1.146,0.574,0.572,0.574,0.572,1.0025,1,1,655,0,0,3,0,232.55,78.79,16.054,23.9,50.3,1013.1
2026-09-16T15:44:16,409.20000000000005,1,Ronda 1,4,Niquelado Químico Watts,73,300,1.13,DC,30.0,85.0,0.0,0,0.0,95.0,4400,0.0,24.0,0.0,0,0.0,105.0,4800,0.0,24.0,0.0,0,0.0,130.0,6000,0.0,30.1,30.0,1,35.0,120.0,5500,157.5,2.05,4.15,0,2,2,98.5,97.9,0,1,0,1.13,1.118,0.56,0.558,0.56,0.558,1.0025,1,1,655,0,0,3,0,233.66,79.17,16.097,23.9,50.3,1013.1
2026-09-16T15:44:16,410.20000000000005,1,Ronda 1,4,Niquelado Químico Watts,74,300,1.13,DC,30.0,85.0,0.0,0,0.0,95.0,4400,0.0,24.0,0.0,0,0.0,105.0,4800,0.0,24.0,0.0,0,0.0,130.0,6000,0.0,29.9,30.0,1,35.0,120.0,5500,157.5,2.05,4.15,0,2,2,98.5,97.9,0,1,0,1.13,1.122,0.562,0.56,0.562,0.56,1.0025,1,1,655,0,0,3,0,234.78,79.55,16.141,23.9,50.3,1013.1
2026-09-16T15:44:16,411.20000000000005,1,Ronda 1,4,Niquelado Químico Watts,75,300,1.13,DC,30.0,85.0,0.0,0,0.0,95.0,4400,0.0,24.0,0.0,0,0.0,105.0,4800,0.0,24.0,0.0,0,0.0,130.0,6000,0.0,30.0,30.0,1,35.0,120.0,5500,157.5,2.05,4.15,0,2,2,98.5,97.9,0,1,0,1.13,1.134,0.568,0.566,0.568,0.566,1.0025,1,1,655,0,0,3,0,235.92,79.93,16.185,23.9,50.3,1013.1
2026-09-16T15:44:16,412.20000000000005,1,Ronda 1,4,Niquelado Químico Watts,76,300,1.13,DC,30.0,85.0,0.0,0,0.0,95.0,4400,0.0,24.0,0.0,0,0.0,105.0,4800,0.0,24.0,0.0,0,0.0,130.0,6000,0.0,29.8,30.0,1,35.0,120.0,5500,157.5,2.05,4.15,0,2,2,98.5,97.9,0,1,0,1.13,1.129,0.566,0.563,0.566,0.563,1.0025,1,1,655,0,0,3,0,237.05,80.31,16.229,23.9,50.3,1013.1
2026-09-16T15:44:16,413.20000000000005,1,Ronda 1,4,Niquelado Químico Watts,77,300,1.13,DC,30.0,85.0,0.0,0,0.0,95.0,4400,0.0,24.0,0.0,0,0.0,105.0,4800,0.0,24.0,0.0,0,0.0,130.0,6000,0.0,29.9,30.0,1,35.0,120.0,5500,157.5,2.05,4.15,0,2,2,98.5,97.9,0,1,0,1.13,1.133,0.567,0.565,0.567,0.565,1.0025,1,1,655,0,0,3,0,238.18,80.7,16.272,23.9,50.3,1013.1
2026-09-16T15:44:16,414.20000000000005,1,Ronda 1,4,Niquelado Químico Watts,78,300,1.13,DC,30.0,85.0,0.0,0,0.0,95.0,4400,0.0,24.0,0.0,0,0.0,105.0,4800,0.0,24.0,0.0,0,0.0,130.0,6000,0.0,30.2,30.0,1,35.0,120.0,5500,157.5,2.05,4.15,0,2,2,98.5,97.9,0,1,0,1.13,1.125,0.564,0.562,0.564,0.562,1.0025,1,1,655,0,0,3,0,239.31,81.08,16.316,23.9,50.3,1013.1
2026-09-16T15:44:16,415.20000000000005,1,Ronda 1,4,Niquelado Químico Watts,79,300,1.13,DC,30.0,85.0,0.0,0,0.0,95.0,4400,0.0,24.0,0.0,0,0.0,105.0,4800,0.0,24.0,0.0,0,0.0,130.0,6000,0.0,29.9,30.0,1,35.0,120.0,5500,157.5,2.05,4.15,0,2,2,98.5,97.9,0,1,0,1.13,1.129,0.566,0.563,0.566,0.563,1.0025,1,1,655,0,0,3,0,240.43,81.46,16.36,23.9,50.3,1013.1
2026-09-16T15:44:16,416.20000000000005,1,Ronda 1,4,Niquelado Químico Watts,80,300,1.13,DC,30.0,85.0,0.0,0,0.0,95.0,4400,0.0,24.0,0.0,0,0.0,105.0,4800,0.0,24.0,0.0,0,0.0,130.0,6000,0.0,30.1,30.0,1,35.0,120.0,5500,157.5,2.05,4.15,0,2,2,98.5,97.9,0,1,0,1.13,1.128,0.565,0.563,0.565,0.563,1.0025,1,1,655,0,0,3,0,241.56,81.84,16.404,23.9,50.3,1013.1
2026-09-16T15:44:16,417.20000000000005,1,Ronda 1,4,Niquelado Químico Watts,81,300,1.13,DC,30.0,85.0,0.0,0,0.0,95.0,4400,0.0,24.0,0.0,0,0.0,105.0,4800,0.0,24.0,0.0,0,0.0,130.0,6000,0.0,30.2,30.0,1,35.0,120.0,5500,157.5,2.05,4.15,0,2,2,98.5,97.9,0,1,0,1.13,1.138,0.57,0.568,0.57,0.568,1.0025,1,1,655,0,0,3,0,242.7,82.23,16.447,23.9,50.3,1013.1
2026-09-16T15:44:16,418.20000000000005,1,Ronda 1,4,Niquelado Químico Watts,82,300,1.13,DC,30.0,85.0,0.0,0,0.0,95.0,4400,0.0,24.0,0.0,0,0.0,105.0,4800,0.0,24.0,0.0,0,0.0,130.0,6000,0.0,29.9,30.0,1,35.0,120.0,5500,157.5,2.05,4.15,0,2,2,98.5,97.9,0,1,0,1.13,1.124,0.563,0.561,0.563,0.561,1.0025,1,1,655,0,0,3,0,243.83,82.61,16.491,23.9,50.3,1013.1
2026-09-16T15:44:16,419.20000000000005,1,Ronda 1,4,Niquelado Químico Watts,83,300,1.13,DC,30.0,85.0,0.0,0,0.0,95.0,4400,0.0,24.0,0.0,0,0.0,105.0,4800,0.0,24.0,0.0,0,0.0,130.0,6000,0.0,30.2,30.0,1,35.0,120.0,5500,157.5,2.05,4.15,0,2,2,98.5,97.9,0,1,0,1.13,1.138,0.57,0.568,0.57,0.568,1.0025,1,1,655,0,0,3,0,244.96,82.99,16.535,23.9,50.3,1013.1
2026-09-16T15:44:16,420.20000000000005,1,Ronda 1,4,Niquelado Químico Watts,84,300,1.13,DC,30.0,85.0,0.0,0,0.0,95.0,4400,0.0,24.0,0.0,0,0.0,105.0,4800,0.0,24.0,0.0,0,0.0,130.0,6000,0.0,29.8,30.0,1,35.0,120.0,5500,157.5,2.05,4.15,0,2,2,98.5,97.9,0,1,0,1.13,1.141,0.572,0.569,0.572,0.569,1.0025,1,1,655,0,0,3,0,246.1,83.38,16.579,23.9,50.2,1013.1
2026-09-16T15:44:16,421.20000000000005,1,Ronda 1,4,Niquelado Químico Watts,85,300,1.13,DC,30.0,85.0,0.0,0,0.0,95.0,4400,0.0,24.0,0.0,0,0.0,105.0,4800,0.0,24.0,0.0,0,0.0,130.0,6000,0.0,30.3,30.0,1,35.0,120.0,5500,157.5,2.05,4.15,0,2,2,98.5,97.9,0,1,0,1.13,1.125,0.564,0.561,0.564,0.561,1.0025,1,1,655,0,0,3,0,247.23,83.76,16.622,23.9,50.2,1013.1
2026-09-16T15:44:16,422.20000000000005,1,Ronda 1,4,Niquelado Químico Watts,86,300,1.13,DC,30.0,85.0,0.0,0,0.0,95.0,4400,0.0,24.0,0.0,0,0.0,105.0,4800,0.0,24.0,0.0,0,0.0,130.0,6000,0.0,30.0,30.0,1,35.0,120.0,5500,157.5,2.05,4.15,0,2,2,98.5,97.9,0,1,0,1.13,1.124,0.563,0.561,0.563,0.561,1.0025,1,1,655,0,0,3,0,248.35,84.14,16.666,23.9,50.2,1013.1
2026-09-16T15:44:16,423.20000000000005,1,Ronda 1,4,Niquelado Químico Watts,87,300,1.13,DC,30.0,85.0,0.0,0,0.0,95.0,4400,0.0,24.0,0.0,0,0.0,105.0,4800,0.0,24.0,0.0,0,0.0,130.0,6000,0.0,30.2,30.0,1,35.0,120.0,5500,157.5,2.05,4.15,0,2,2,98.5,97.9,0,1,0,1.13,1.138,0.57,0.568,0.57,0.568,1.0025,1,1,655,0,0,3,0,249.49,84.53,16.71,23.9,50.2,1013.1
2026-09-16T15:44:16,424.20000000000005,1,Ronda 1,4,Niquelado Químico Watts,88,300,1.13,DC,30.0,85.0,0.0,0,0.0,95.0,4400,0.0,24.0,0.0,0,0.0,105.0,4800,0.0,24.0,0.0,0,0.0,130.0,6000,0.0,30.0,30.0,1,35.0,120.0,5500,157.5,2.05,4.15,0,2,2,98.5,97.9,0,1,0,1.13,1.134,0.568,0.566,0.568,0.566,1.0025,1,1,655,0,0,3,0,250.63,84.91,16.754,23.9,50.2,1013.1
2026-09-16T15:44:16,425.20000000000005,1,Ronda 1,4,Niquelado Químico Watts,89,300,1.13,DC,30.0,85.0,0.0,0,0.0,95.0,4400,0.0,24.0,0.0,0,0.0,105.0,4800,0.0,24.0,0.0,0,0.0,130.0,6000,0.0,29.9,30.0,1,35.0,120.0,5500,157.5,2.05,4.15,0,2,2,98.5,97.9,0,1,0,1.13,1.13,0.566,0.564,0.566,0.564,1.0025,1,1,655,0,0,3,0,251.76,85.29,16.797,23.9,50.2,1013.1
2026-09-16T15:44:16,426.20000000000005,1,Ronda 1,4,Niquelado Químico Watts,90,300,1.13,DC,30.0,85.0,0.0,0,0.0,95.0,4400,0.0,24.0,0.0,0,0.0,105.0,4800,0.0,24.0,0.0,0,0.0,130.0,6000,0.0,30.0,30.0,1,35.0,120.0,5500,157.5,2.05,4.15,0,2,2,98.5,97.9,0,1,0,1.13,1.116,0.559,0.557,0.559,0.557,1.0025,1,1,655,0,0,3,0,252.87,85.67,16.841,23.8,50.2,1013.1
2026-09-16T15:44:16,427.20000000000005,1,Ronda 1,4,Niquelado Químico Watts,91,300,1.13,DC,30.0,85.0,0.0,0,0.0,95.0,4400,0.0,24.0,0.0,0,0.0,105.0,4800,0.0,24.0,0.0,0,0.0,130.0,6000,0.0,30.3,30.0,1,35.0,120.0,5500,157.5,2.05,4.15,0,2,2,98.5,97.9,0,1,0,1.13,1.145,0.574,0.571,0.574,0.571,1.0025,1,1,655,0,0,3,0,254.02,86.06,16.885,23.8,50.2,1013.1
2026-09-16T15:44:16,428.20000000000005,1,Ronda 1,4,Niquelado Químico Watts,92,300,1.13,DC,30.0,85.0,0.0,0,0.0,95.0,4400,0.0,24.0,0.0,0,0.0,105.0,4800,0.0,24.0,0.0,0,0.0,130.0,6000,0.0,29.9,30.0,1,35.0,120.0,5500,157.5,2.05,4.15,0,2,2,98.5,97.9,0,1,0,1.13,1.14,0.571,0.569,0.571,0.569,1.0025,1,1,655,0,0,3,0,255.16,86.45,16.929,23.8,50.2,1013.1
2026-09-16T15:44:16,429.20000000000005,1,Ronda 1,4,Niquelado Químico Watts,93,300,1.13,DC,30.0,85.0,0.0,0,0.0,95.0,4400,0.0,24.0,0.0,0,0.0,105.0,4800,0.0,24.0,0.0,0,0.0,130.0,6000,0.0,30.0,30.0,1,35.0,120.0,5500,157.5,2.05,4.15,0,2,2,98.5,97.9,0,1,0,1.13,1.124,0.563,0.561,0.563,0.561,1.0025,1,1,655,0,0,3,0,256.28,86.83,16.972,23.8,50.2,1013.1
2026-09-16T15:44:16,430.20000000000005,1,Ronda 1,4,Niquelado Químico Watts,94,300,1.13,DC,30.0,85.0,0.0,0,0.0,95.0,4400,0.0,24.0,0.0,0,0.0,105.0,4800,0.0,24.0,0.0,0,0.0,130.0,6000,0.0,29.8,30.0,1,35.0,120.0,5500,157.5,2.05,4.15,0,2,2,98.5,97.9,0,1,0,1.13,1.123,0.563,0.561,0.563,0.561,1.0025,1,1,655,0,0,3,0,257.4,87.21,17.016,23.8,50.2,1013.1
2026-09-16T15:44:16,431.20000000000005,1,Ronda 1,4,Niquelado Químico Watts,95,300,1.13,DC,30.0,85.0,0.0,0,0.0,95.0,4400,0.0,24.0,0.0,0,0.0,105.0,4800,0.0,24.0,0.0,0,0.0,130.0,6000,0.0,30.2,30.0,1,35.0,120.0,5500,157.5,2.05,4.15,0,2,2,98.5,97.9,0,1,0,1.13,1.14,0.571,0.569,0.571,0.569,1.0025,1,1,655,0,0,3,0,258.54,87.59,17.06,23.8,50.2,1013.1
2026-09-16T15:44:16,432.20000000000005,1,Ronda 1,4,Niquelado Químico Watts,96,300,1.13,DC,30.0,85.0,0.0,0,0.0,95.0,4400,0.0,24.0,0.0,0,0.0,105.0,4800,0.0,24.0,0.0,0,0.0,130.0,6000,0.0,30.3,30.0,1,35.0,120.0,5500,157.5,2.05,4.15,0,2,2,98.5,97.9,0,1,0,1.13,1.132,0.567,0.565,0.567,0.565,1.0025,1,1,655,0,0,3,0,259.68,87.98,17.104,23.8,50.2,1013.1
2026-09-16T15:44:16,433.20000000000005,1,Ronda 1,4,Niquelado Químico Watts,97,300,1.13,DC,30.0,85.0,0.0,0,0.0,95.0,4400,0.0,24.0,0.0,0,0.0,105.0,4800,0.0,24.0,0.0,0,0.0,130.0,6000,0.0,29.8,30.0,1,35.0,120.0,5500,157.5,2.05,4.15,0,2,2,98.5,97.9,0,1,0,1.13,1.14,0.571,0.569,0.571,0.569,1.0025,1,1,655,0,0,3,0,260.82,88.36,17.147,23.8,50.2,1013.1
2026-09-16T15:44:16,434.20000000000005,1,Ronda 1,4,Niquelado Químico Watts,98,300,1.13,DC,30.0,85.0,0.0,0,0.0,95.0,4400,0.0,24.0,0.0,0,0.0,105.0,4800,0.0,24.0,0.0,0,0.0,130.0,6000,0.0,30.1,30.0,1,35.0,120.0,5500,157.5,2.05,4.15,0,2,2,98.5,97.9,0,1,0,1.13,1.126,0.564,0.562,0.564,0.562,1.0025,1,1,655,0,0,3,0,261.94,88.75,17.191,23.8,50.2,1013.1
2026-09-16T15:44:16,435.20000000000005,1,Ronda 1,4,Niquelado Químico Watts,99,300,1.13,DC,30.0,85.0,0.0,0,0.0,95.0,4400,0.0,24.0,0.0,0,0.0,105.0,4800,0.0,24.0,0.0,0,0.0,130.0,6000,0.0,29.9,30.0,1,35.0,120.0,5500,157.5,2.05,4.15,0,2,2,98.5,97.9,0,1,0,1.13,1.118,0.56,0.558,0.56,0.558,1.0025,1,1,655,0,0,3,0,263.06,89.12,17.235,23.8,50.2,1013.1
2026-09-16T15:44:16,436.20000000000005,1,Ronda 1,4,Niquelado Químico Watts,100,300,1.13,DC,30.0,85.0,0.0,0,0.0,95.0,4400,0.0,24.0,0.0,0,0.0,105.0,4800,0.0,24.0,0.0,0,0.0,130.0,6000,0.0,30.1,30.0,1,35.0,120.0,5500,157.5,2.05,4.15,0,2,2,98.5,97.9,0,1,0,1.13,1.126,0.564,0.562,0.564,0.562,1.0025,1,1,655,0,0,3,0,264.19,89.51,17.279,23.8,50.2,1013.1
2026-09-16T15:44:16,437.20000000000005,1,Ronda 1,4,Niquelado Químico Watts,101,300,1.13,DC,30.0,85.0,0.0,0,0.0,95.0,4400,0.0,24.0,0.0,0,0.0,105.0,4800,0.0,24.0,0.0,0,0.0,130.0,6000,0.0,30.1,30.0,1,35.0,120.0,5500,157.5,2.05,4.15,0,2,2,98.5,97.9,0,1,0,1.13,1.14,0.571,0.569,0.571,0.569,1.0025,1,1,655,0,0,3,0,265.33,89.89,17.322,23.8,50.2,1013.1
2026-09-16T15:44:16,438.20000000000005,1,Ronda 1,4,Niquelado Químico Watts,102,300,1.13,DC,30.0,85.0,0.0,0,0.0,95.0,4400,0.0,24.0,0.0,0,0.0,105.0,4800,0.0,24.0,0.0,0,0.0,130.0,6000,0.0,29.9,30.0,1,35.0,120.0,5500,157.5,2.05,4.15,0,2,2,98.5,97.9,0,1,0,1.13,1.127,0.565,0.563,0.565,0.563,1.0025,1,1,655,0,0,3,0,266.45,90.27,17.366,23.8,50.2,1013.1
2026-09-16T15:44:16,439.20000000000005,1,Ronda 1,4,Niquelado Químico Watts,103,300,1.13,DC,30.0,85.0,0.0,0,0.0,95.0,4400,0.0,24.0,0.0,0,0.0,105.0,4800,0.0,24.0,0.0,0,0.0,130.0,6000,0.0,30.3,30.0,1,35.0,120.0,5500,157.5,2.05,4.15,0,2,2,98.5,97.9,0,1,0,1.13,1.133,0.567,0.565,0.567,0.565,1.0025,1,1,655,0,0,3,0,267.59,90.66,17.41,23.8,50.2,1013.1
2026-09-16T15:44:16,440.20000000000005,1,Ronda 1,4,Niquelado Químico Watts,104,300,1.13,DC,30.0,85.0,0.0,0,0.0,95.0,4400,0.0,24.0,0.0,0,0.0,105.0,4800,0.0,24.0,0.0,0,0.0,130.0,6000,0.0,30.1,30.0,1,35.0,120.0,5500,157.5,2.05,4.15,0,2,2,98.5,97.9,0,1,0,1.13,1.135,0.568,0.566,0.568,0.566,1.0025,1,1,655,0,0,3,0,268.72,91.04,17.454,23.8,50.2,1013.1
2026-09-16T15:44:16,441.20000000000005,1,Ronda 1,4,Niquelado Químico Watts,105,300,1.13,DC,30.0,85.0,0.0,0,0.0,95.0,4400,0.0,24.0,0.0,0,0.0,105.0,4800,0.0,24.0,0.0,0,0.0,130.0,6000,0.0,29.9,30.0,1,35.0,120.0,5500,157.5,2.05,4.15,0,2,2,98.5,97.9,0,1,0,1.13,1.134,0.568,0.566,0.568,0.566,1.0025,1,1,655,0,0,3,0,269.85,91.43,17.497,23.8,50.2,1013.1
2026-09-16T15:44:16,442.20000000000005,1,Ronda 1,4,Niquelado Químico Watts,106,300,1.13,DC,30.0,85.0,0.0,0,0.0,95.0,4400,0.0,24.0,0.0,0,0.0,105.0,4800,0.0,24.0,0.0,0,0.0,130.0,6000,0.0,30.1,30.0,1,35.0,120.0,5500,157.5,2.05,4.15,0,2,2,98.5,97.9,0,1,0,1.13,1.133,0.568,0.565,0.568,0.565,1.0025,1,1,655,0,0,3,0,270.99,91.81,17.541,23.8,50.2,1013.1
2026-09-16T15:44:16,443.20000000000005,1,Ronda 1,4,Niquelado Químico Watts,107,300,1.13,DC,30.0,85.0,0.0,0,0.0,95.0,4400,0.0,24.0,0.0,0,0.0,105.0,4800,0.0,24.0,0.0,0,0.0,130.0,6000,0.0,30.1,30.0,1,35.0,120.0,5500,157.5,2.05,4.15,0,2,2,98.5,97.9,0,1,0,1.13,1.126,0.564,0.562,0.564,0.562,1.0025,1,1,655,0,0,3,0,272.11,92.19,17.585,23.8,50.2,1013.1
2026-09-16T15:44:16,444.20000000000005,1,Ronda 1,4,Niquelado Químico Watts,108,300,1.13,DC,30.0,85.0,0.0,0,0.0,95.0,4400,0.0,24.0,0.0,0,0.0,105.0,4800,0.0,24.0,0.0,0,0.0,130.0,6000,0.0,30.0,30.0,1,35.0,120.0,5500,157.5,2.05,4.15,0,2,2,98.5,97.9,0,1,0,1.13,1.119,0.56,0.558,0.56,0.558,1.0025,1,1,655,0,0,3,0,273.23,92.57,17.629,23.8,50.1,1013.1
2026-09-16T15:44:16,445.20000000000005,1,Ronda 1,4,Niquelado Químico Watts,109,300,1.13,DC,30.0,85.0,0.0,0,0.0,95.0,4400,0.0,24.0,0.0,0,0.0,105.0,4800,0.0,24.0,0.0,0,0.0,130.0,6000,0.0,29.9,30.0,1,35.0,120.0,5500,157.5,2.05,4.15,0,2,2,98.5,97.9,0,1,0,1.13,1.138,0.57,0.568,0.57,0.568,1.0025,1,1,655,0,0,3,0,274.37,92.96,17.672,23.8,50.1,1013.1
2026-09-16T15:44:16,446.20000000000005,1,Ronda 1,4,Niquelado Químico Watts,110,300,1.13,DC,30.0,85.0,0.0,0,0.0,95.0,4400,0.0,24.0,0.0,0,0.0,105.0,4800,0.0,24.0,0.0,0,0.0,130.0,6000,0.0,30.0,30.0,1,35.0,120.0,5500,157.5,2.05,4.15,0,2,2,98.5,97.9,0,1,0,1.13,1.129,0.565,0.563,0.565,0.563,1.0025,1,1,655,0,0,3,0,275.5,93.34,17.716,23.8,50.1,1013.1
2026-09-16T15:44:16,447.20000000000005,1,Ronda 1,4,Niquelado Químico Watts,111,300,1.13,DC,30.0,85.0,0.0,0,0.0,95.0,4400,0.0,24.0,0.0,0,0.0,105.0,4800,0.0,24.0,0.0,0,0.0,130.0,6000,0.0,30.0,30.0,1,35.0,120.0,5500,157.5,2.05,4.15,0,2,2,98.5,97.9,0,1,0,1.13,1.125,0.564,0.562,0.564,0.562,1.0025,1,1,655,0,0,3,0,276.62,93.72,17.76,23.8,50.1,1013.1
2026-09-16T15:44:16,448.20000000000005,1,Ronda 1,4,Niquelado Químico Watts,112,300,1.13,DC,30.0,85.0,0.0,0,0.0,95.0,4400,0.0,24.0,0.0,0,0.0,105.0,4800,0.0,24.0,0.0,0,0.0,130.0,6000,0.0,30.0,30.0,1,35.0,120.0,5500,157.5,2.05,4.15,0,2,2,98.5,97.9,0,1,0,1.13,1.117,0.56,0.558,0.56,0.558,1.0025,1,1,655,0,0,3,0,277.74,94.1,17.804,23.8,50.1,1013.1
2026-09-16T15:44:16,449.20000000000005,1,Ronda 1,4,Niquelado Químico Watts,113,300,1.13,DC,30.0,85.0,0.0,0,0.0,95.0,4400,0.0,24.0,0.0,0,0.0,105.0,4800,0.0,24.0,0.0,0,0.0,130.0,6000,0.0,29.9,30.0,1,35.0,120.0,5500,157.5,2.05,4.15,0,2,2,98.5,97.9,0,1,0,1.13,1.13,0.566,0.564,0.566,0.564,1.0025,1,1,655,0,0,3,0,278.87,94.48,17.847,23.8,50.1,1013.1
2026-09-16T15:44:16,450.20000000000005,1,Ronda 1,4,Niquelado Químico Watts,114,300,1.13,DC,30.0,85.0,0.0,0,0.0,95.0,4400,0.0,24.0,0.0,0,0.0,105.0,4800,0.0,24.0,0.0,0,0.0,130.0,6000,0.0,29.8,30.0,1,35.0,120.0,5500,157.5,2.05,4.15,0,2,2,98.5,97.9,0,1,0,1.13,1.118,0.56,0.558,0.56,0.558,1.0025,1,1,655,0,0,3,0,279.99,94.86,17.891,23.8,50.1,1013.1
2026-09-16T15:44:16,451.20000000000005,1,Ronda 1,4,Niquelado Químico Watts,115,300,1.13,DC,30.0,85.0,0.0,0,0.0,95.0,4400,0.0,24.0,0.0,0,0.0,105.0,4800,0.0,24.0,0.0,0,0.0,130.0,6000,0.0,30.1,30.0,1,35.0,120.0,5500,157.5,2.05,4.15,0,2,2,98.5,97.9,0,1,0,1.13,1.141,0.571,0.569,0.571,0.569,1.0025,1,1,655,0,0,3,0,281.13,95.25,17.935,23.8,50.1,1013.1
2026-09-16T15:44:16,452.20000000000005,1,Ronda 1,4,Niquelado Químico Watts,116,300,1.13,DC,30.0,85.0,0.0,0,0.0,95.0,4400,0.0,24.0,0.0,0,0.0,105.0,4800,0.0,24.0,0.0,0,0.0,130.0,6000,0.0,30.0,30.0,1,35.0,120.0,5500,157.5,2.05,4.15,0,2,2,98.5,97.9,0,1,0,1.13,1.134,0.568,0.566,0.568,0.566,1.0025,1,1,655,0,0,3,0,282.26,95.63,17.979,23.8,50.1,1013.1
2026-09-16T15:44:16,453.20000000000005,1,Ronda 1,4,Niquelado Químico Watts,117,300,1.13,DC,30.0,85.0,0.0,0,0.0,95.0,4400,0.0,24.0,0.0,0,0.0,105.0,4800,0.0,24.0,0.0,0,0.0,130.0,6000,0.0,30.0,30.0,1,35.0,120.0,5500,157.5,2.05,4.15,0,2,2,98.5,97.9,0,1,0,1.13,1.147,0.574,0.572,0.574,0.572,1.0025,1,1,655,0,0,3,0,283.41,96.02,18.022,23.8,50.1,1013.1
2026-09-16T15:44:16,454.20000000000005,1,Ronda 1,4,Niquelado Químico Watts,118,300,1.13,DC,30.0,85.0,0.0,0,0.0,95.0,4400,0.0,24.0,0.0,0,0.0,105.0,4800,0.0,24.0,0.0,0,0.0,130.0,6000,0.0,29.8,30.0,1,35.0,120.0,5500,157.5,2.05,4.15,0,2,2,98.5,97.9,0,1,0,1.13,1.125,0.563,0.561,0.563,0.561,1.0025,1,1,655,0,0,3,0,284.53,96.4,18.066,23.8,50.1,1013.1
2026-09-16T15:44:16,455.20000000000005,1,Ronda 1,4,Niquelado Químico Watts,119,300,1.13,DC,30.0,85.0,0.0,0,0.0,95.0,4400,0.0,24.0,0.0,0,0.0,105.0,4800,0.0,24.0,0.0,0,0.0,130.0,6000,0.0,29.8,30.0,1,35.0,120.0,5500,157.5,2.05,4.15,0,2,2,98.5,97.9,0,1,0,1.13,1.132,0.567,0.565,0.567,0.565,1.0025,1,1,655,0,0,3,0,285.67,96.78,18.11,23.8,50.1,1013.1
2026-09-16T15:44:16,456.20000000000005,1,Ronda 1,4,Niquelado Químico Watts,120,300,1.13,DC,30.0,85.0,0.0,0,0.0,95.0,4400,0.0,24.0,0.0,0,0.0,105.0,4800,0.0,24.0,0.0,0,0.0,130.0,6000,0.0,29.9,30.0,1,35.0,120.0,5500,157.5,2.05,4.15,0,2,2,98.5,97.9,0,1,0,1.13,1.116,0.559,0.557,0.559,0.557,1.0025,1,1,655,0,0,3,0,286.78,97.16,18.154,23.8,50.1,1013.1
2026-09-16T15:44:16,457.20000000000005,1,Ronda 1,4,Niquelado Químico Watts,121,300,1.13,DC,30.0,85.0,0.0,0,0.0,95.0,4400,0.0,24.0,0.0,0,0.0,105.0,4800,0.0,24.0,0.0,0,0.0,130.0,6000,0.0,29.7,30.0,1,35.0,120.0,5500,157.5,2.05,4.15,0,2,2,98.5,97.9,0,1,0,1.13,1.134,0.568,0.566,0.568,0.566,1.0025,1,1,655,0,0,3,0,287.92,97.55,18.197,23.8,50.1,1013.1
2026-09-16T15:44:16,458.20000000000005,1,Ronda 1,4,Niquelado Químico Watts,122,300,1.13,DC,30.0,85.0,0.0,0,0.0,95.0,4400,0.0,24.0,0.0,0,0.0,105.0,4800,0.0,24.0,0.0,0,0.0,130.0,6000,0.0,29.9,30.0,1,35.0,120.0,5500,157.5,2.05,4.15,0,2,2,98.5,97.9,0,1,0,1.13,1.142,0.572,0.57,0.572,0.57,1.0025,1,1,655,0,0,3,0,289.06,97.93,18.241,23.8,50.1,1013.1
2026-09-16T15:44:16,459.20000000000005,1,Ronda 1,4,Niquelado Químico Watts,123,300,1.13,DC,30.0,85.0,0.0,0,0.0,95.0,4400,0.0,24.0,0.0,0,0.0,105.0,4800,0.0,24.0,0.0,0,0.0,130.0,6000,0.0,30.1,30.0,1,35.0,120.0,5500,157.5,2.05,4.15,0,2,2,98.5,97.9,0,1,0,1.13,1.131,0.567,0.565,0.567,0.565,1.0025,1,1,655,0,0,3,0,290.19,98.32,18.285,23.8,50.1,1013.1
2026-09-16T15:44:16,460.20000000000005,1,Ronda 1,4,Niquelado Químico Watts,124,300,1.13,DC,30.0,85.0,0.0,0,0.0,95.0,4400,0.0,24.0,0.0,0,0.0,105.0,4800,0.0,24.0,0.0,0,0.0,130.0,6000,0.0,30.1,30.0,1,35.0,120.0,5500,157.5,2.05,4.15,0,2,2,98.5,97.9,0,1,0,1.13,1.126,0.564,0.562,0.564,0.562,1.0025,1,1,655,0,0,3,0,291.31,98.7,18.329,23.8,50.1,1013.1
2026-09-16T15:44:16,461.20000000000005,1,Ronda 1,4,Niquelado Químico Watts,125,300,1.13,DC,30.0,85.0,0.0,0,0.0,95.0,4400,0.0,24.0,0.0,0,0.0,105.0,4800,0.0,24.0,0.0,0,0.0,130.0,6000,0.0,29.9,30.0,1,35.0,120.0,5500,157.5,2.05,4.15,0,2,2,98.5,97.9,0,1,0,1.13,1.13,0.566,0.564,0.566,0.564,1.0025,1,1,655,0,0,3,0,292.45,99.08,18.372,23.8,50.1,1013.1
2026-09-16T15:44:16,462.20000000000005,1,Ronda 1,4,Niquelado Químico Watts,126,300,1.13,DC,30.0,85.0,0.0,0,0.0,95.0,4400,0.0,24.0,0.0,0,0.0,105.0,4800,0.0,24.0,0.0,0,0.0,130.0,6000,0.0,30.0,30.0,1,35.0,120.0,5500,157.5,2.05,4.15,0,2,2,98.5,97.9,0,1,0,1.13,1.143,0.573,0.57,0.573,0.57,1.0025,1,1,655,0,0,3,0,293.59,99.47,18.416,23.8,50.1,1013.1
2026-09-16T15:44:16,463.20000000000005,1,Ronda 1,4,Niquelado Químico Watts,127,300,1.13,DC,30.0,85.0,0.0,0,0.0,95.0,4400,0.0,24.0,0.0,0,0.0,105.0,4800,0.0,24.0,0.0,0,0.0,130.0,6000,0.0,30.2,30.0,1,35.0,120.0,5500,157.5,2.05,4.15,0,2,2,98.5,97.9,0,1,0,1.13,1.114,0.558,0.556,0.558,0.556,1.0025,1,1,655,0,0,3,0,294.7,99.85,18.46,23.8,50.1,1013.1
2026-09-16T15:44:16,464.20000000000005,1,Ronda 1,4,Niquelado Químico Watts,128,300,1.13,DC,30.0,85.0,0.0,0,0.0,95.0,4400,0.0,24.0,0.0,0,0.0,105.0,4800,0.0,24.0,0.0,0,0.0,130.0,6000,0.0,30.0,30.0,1,35.0,120.0,5500,157.5,2.05,4.15,0,2,2,98.5,97.9,0,1,0,1.13,1.111,0.556,0.554,0.556,0.554,1.0025,1,1,655,0,0,3,0,295.81,100.22,18.504,23.8,50.1,1013.1
2026-09-16T15:44:16,465.20000000000005,1,Ronda 1,4,Niquelado Químico Watts,129,300,1.13,DC,30.0,85.0,0.0,0,0.0,95.0,4400,0.0,24.0,0.0,0,0.0,105.0,4800,0.0,24.0,0.0,0,0.0,130.0,6000,0.0,29.7,30.0,1,35.0,120.0,5500,157.5,2.05,4.15,0,2,2,98.5,97.9,0,1,0,1.13,1.131,0.567,0.564,0.567,0.564,1.0025,1,1,655,0,0,3,0,296.94,100.6,18.547,23.8,50.1,1013.1
2026-09-16T15:44:16,466.20000000000005,1,Ronda 1,4,Niquelado Químico Watts,130,300,1.13,DC,30.0,85.0,0.0,0,0.0,95.0,4400,0.0,24.0,0.0,0,0.0,105.0,4800,0.0,24.0,0.0,0,0.0,130.0,6000,0.0,29.9,30.0,1,35.0,120.0,5500,157.5,2.05,4.15,0,2,2,98.5,97.9,0,1,0,1.13,1.122,0.562,0.56,0.562,0.56,1.0025,1,1,655,0,0,3,0,298.07,100.98,18.591,23.8,50.1,1013.1
2026-09-16T15:44:16,467.20000000000005,1,Ronda 1,4,Niquelado Químico Watts,131,300,1.13,DC,30.0,85.0,0.0,0,0.0,95.0,4400,0.0,24.0,0.0,0,0.0,105.0,4800,0.0,24.0,0.0,0,0.0,130.0,6000,0.0,30.0,30.0,1,35.0,120.0,5500,157.5,2.05,4.15,0,2,2,98.5,97.9,0,1,0,1.13,1.12,0.561,0.559,0.561,0.559,1.0025,1,1,655,0,0,3,0,299.19,101.36,18.635,23.8,50.1,1013.1
2026-09-16T15:44:16,468.20000000000005,1,Ronda 1,4,Niquelado Químico Watts,132,300,1.13,DC,30.0,85.0,0.0,0,0.0,95.0,4400,0.0,24.0,0.0,0,0.0,105.0,4800,0.0,24.0,0.0,0,0.0,130.0,6000,0.0,30.1,30.0,1,35.0,120.0,5500,157.5,2.05,4.15,0,2,2,98.5,97.9,0,1,0,1.13,1.135,0.569,0.566,0.569,0.566,1.0025,1,1,655,0,0,3,0,300.32,101.75,18.679,23.8,50.0,1013.1
2026-09-16T15:44:16,469.20000000000005,1,Ronda 1,4,Niquelado Químico Watts,133,300,1.13,DC,30.0,85.0,0.0,0,0.0,95.0,4400,0.0,24.0,0.0,0,0.0,105.0,4800,0.0,24.0,0.0,0,0.0,130.0,6000,0.0,30.1,30.0,1,35.0,120.0,5500,157.5,2.05,4.15,0,2,2,98.5,97.9,0,1,0,1.13,1.123,0.563,0.561,0.563,0.561,1.0025,1,1,655,0,0,3,0,301.44,102.13,18.722,23.8,50.0,1013.1
2026-09-16T15:44:16,470.20000000000005,1,Ronda 1,4,Niquelado Químico Watts,134,300,1.13,DC,30.0,85.0,0.0,0,0.0,95.0,4400,0.0,24.0,0.0,0,0.0,105.0,4800,0.0,24.0,0.0,0,0.0,130.0,6000,0.0,30.1,30.0,1,35.0,120.0,5500,157.5,2.05,4.15,0,2,2,98.5,97.9,0,1,0,1.13,1.139,0.57,0.568,0.57,0.568,1.0025,1,1,655,0,0,3,0,302.58,102.52,18.766,23.8,50.0,1013.1
2026-09-16T15:44:16,471.20000000000005,1,Ronda 1,4,Niquelado Químico Watts,135,300,1.13,DC,30.0,85.0,0.0,0,0.0,95.0,4400,0.0,24.0,0.0,0,0.0,105.0,4800,0.0,24.0,0.0,0,0.0,130.0,6000,0.0,29.9,30.0,1,35.0,120.0,5500,157.5,2.05,4.15,0,2,2,98.5,97.9,0,1,0,1.13,1.143,0.572,0.57,0.572,0.57,1.0025,1,1,655,0,0,3,0,303.73,102.9,18.81,23.8,50.0,1013.1
2026-09-16T15:44:16,472.20000000000005,1,Ronda 1,4,Niquelado Químico Watts,136,300,1.13,DC,30.0,85.0,0.0,0,0.0,95.0,4400,0.0,24.0,0.0,0,0.0,105.0,4800,0.0,24.0,0.0,0,0.0,130.0,6000,0.0,30.2,30.0,1,35.0,120.0,5500,157.5,2.05,4.15,0,2,2,98.5,97.9,0,1,0,1.13,1.127,0.564,0.562,0.564,0.562,1.0025,1,1,655,0,0,3,0,304.85,103.28,18.854,23.8,50.0,1013.1
2026-09-16T15:44:16,473.20000000000005,1,Ronda 1,4,Niquelado Químico Watts,137,300,1.13,DC,30.0,85.0,0.0,0,0.0,95.0,4400,0.0,24.0,0.0,0,0.0,105.0,4800,0.0,24.0,0.0,0,0.0,130.0,6000,0.0,29.9,30.0,1,35.0,120.0,5500,157.5,2.05,4.15,0,2,2,98.5,97.9,0,1,0,1.13,1.129,0.566,0.563,0.566,0.563,1.0025,1,1,655,0,0,3,0,305.98,103.67,18.897,23.8,50.0,1013.1
2026-09-16T15:44:16,474.20000000000005,1,Ronda 1,4,Niquelado Químico Watts,138,300,1.13,DC,30.0,85.0,0.0,0,0.0,95.0,4400,0.0,24.0,0.0,0,0.0,105.0,4800,0.0,24.0,0.0,0,0.0,130.0,6000,0.0,29.8,30.0,1,35.0,120.0,5500,157.5,2.05,4.15,0,2,2,98.5,97.9,0,1,0,1.13,1.135,0.569,0.566,0.569,0.566,1.0025,1,1,655,0,0,3,0,307.12,104.05,18.941,23.8,50.0,1013.1
2026-09-16T15:44:16,475.20000000000005,1,Ronda 1,4,Niquelado Químico Watts,139,300,1.13,DC,30.0,85.0,0.0,0,0.0,95.0,4400,0.0,24.0,0.0,0,0.0,105.0,4800,0.0,24.0,0.0,0,0.0,130.0,6000,0.0,29.9,30.0,1,35.0,120.0,5500,157.5,2.05,4.15,0,2,2,98.5,97.9,0,1,0,1.13,1.105,0.554,0.551,0.554,0.551,1.0025,1,1,655,0,0,3,0,308.22,104.43,18.985,23.8,50.0,1013.1
2026-09-16T15:44:16,476.20000000000005,1,Ronda 1,4,Niquelado Químico Watts,140,300,1.13,DC,30.0,85.0,0.0,0,0.0,95.0,4400,0.0,24.0,0.0,0,0.0,105.0,4800,0.0,24.0,0.0,0,0.0,130.0,6000,0.0,30.0,30.0,1,35.0,120.0,5500,157.5,2.05,4.15,0,2,2,98.5,97.9,0,1,0,1.13,1.121,0.562,0.559,0.562,0.559,1.0025,1,1,655,0,0,3,0,309.34,104.81,19.029,23.8,50.0,1013.1
2026-09-16T15:44:16,477.20000000000005,1,Ronda 1,4,Niquelado Químico Watts,141,300,1.13,DC,30.0,85.0,0.0,0,0.0,95.0,4400,0.0,24.0,0.0,0,0.0,105.0,4800,0.0,24.0,0.0,0,0.0,130.0,6000,0.0,30.0,30.0,1,35.0,120.0,5500,157.5,2.05,4.15,0,2,2,98.5,97.9,0,1,0,1.13,1.133,0.567,0.565,0.567,0.565,1.0025,1,1,655,0,0,3,0,310.47,105.19,19.072,23.8,50.0,1013.1
2026-09-16T15:44:16,478.20000000000005,1,Ronda 1,4,Niquelado Químico Watts,142,300,1.13,DC,30.0,85.0,0.0,0,0.0,95.0,4400,0.0,24.0,0.0,0,0.0,105.0,4800,0.0,24.0,0.0,0,0.0,130.0,6000,0.0,30.0,30.0,1,35.0,120.0,5500,157.5,2.05,4.15,0,2,2,98.5,97.9,0,1,0,1.13,1.141,0.572,0.569,0.572,0.569,1.0025,1,1,655,0,0,3,0,311.62,105.58,19.116,23.8,50.0,1013.1
2026-09-16T15:44:16,479.20000000000005,1,Ronda 1,4,Niquelado Químico Watts,143,300,1.13,DC,30.0,85.0,0.0,0,0.0,95.0,4400,0.0,24.0,0.0,0,0.0,105.0,4800,0.0,24.0,0.0,0,0.0,130.0,6000,0.0,30.1,30.0,1,35.0,120.0,5500,157.5,2.05,4.15,0,2,2,98.5,97.9,0,1,0,1.13,1.118,0.56,0.558,0.56,0.558,1.0025,1,1,655,0,0,3,0,312.73,105.95,19.16,23.8,50.0,1013.1
2026-09-16T15:44:16,480.20000000000005,1,Ronda 1,4,Niquelado Químico Watts,144,300,1.13,DC,30.0,85.0,0.0,0,0.0,95.0,4400,0.0,24.0,0.0,0,0.0,105.0,4800,0.0,24.0,0.0,0,0.0,130.0,6000,0.0,30.1,30.0,1,35.0,120.0,5500,157.5,2.05,4.15,0,2,2,98.5,97.9,0,1,0,1.13,1.136,0.569,0.567,0.569,0.567,1.0025,1,1,655,0,0,3,0,313.87,106.34,19.204,23.8,50.0,1013.1
2026-09-16T15:44:16,481.20000000000005,1,Ronda 1,4,Niquelado Químico Watts,145,300,1.13,DC,30.0,85.0,0.0,0,0.0,95.0,4400,0.0,24.0,0.0,0,0.0,105.0,4800,0.0,24.0,0.0,0,0.0,130.0,6000,0.0,29.8,30.0,1,35.0,120.0,5500,157.5,2.05,4.15,0,2,2,98.5,97.9,0,1,0,1.13,1.137,0.57,0.567,0.57,0.567,1.0025,1,1,655,0,0,3,0,315.01,106.72,19.247,23.8,50.0,1013.1
2026-09-16T15:44:16,482.20000000000005,1,Ronda 1,4,Niquelado Químico Watts,146,300,1.13,DC,30.0,85.0,0.0,0,0.0,95.0,4400,0.0,24.0,0.0,0,0.0,105.0,4800,0.0,24.0,0.0,0,0.0,130.0,6000,0.0,30.2,30.0,1,35.0,120.0,5500,157.5,2.05,4.15,0,2,2,98.5,97.9,0,1,0,1.13,1.136,0.569,0.567,0.569,0.567,1.0025,1,1,655,0,0,3,0,316.14,107.11,19.291,23.8,50.0,1013.1
2026-09-16T15:44:16,483.20000000000005,1,Ronda 1,4,Niquelado Químico Watts,147,300,1.13,DC,30.0,85.0,0.0,0,0.0,95.0,4400,0.0,24.0,0.0,0,0.0,105.0,4800,0.0,24.0,0.0,0,0.0,130.0,6000,0.0,30.1,30.0,1,35.0,120.0,5500,157.5,2.05,4.15,0,2,2,98.5,97.9,0,1,0,1.13,1.132,0.567,0.565,0.567,0.565,1.0025,1,1,655,0,0,3,0,317.27,107.49,19.335,23.8,50.0,1013.1
2026-09-16T15:44:16,484.20000000000005,1,Ronda 1,4,Niquelado Químico Watts,148,300,1.13,DC,30.0,85.0,0.0,0,0.0,95.0,4400,0.0,24.0,0.0,0,0.0,105.0,4800,0.0,24.0,0.0,0,0.0,130.0,6000,0.0,30.4,30.0,1,35.0,120.0,5500,157.5,2.05,4.15,0,2,2,98.5,97.9,0,1,0,1.13,1.132,0.567,0.565,0.567,0.565,1.0025,1,1,655,0,0,3,0,318.41,107.88,19.379,23.8,50.0,1013.1
2026-09-16T15:44:16,485.20000000000005,1,Ronda 1,4,Niquelado Químico Watts,149,300,1.13,DC,30.0,85.0,0.0,0,0.0,95.0,4400,0.0,24.0,0.0,0,0.0,105.0,4800,0.0,24.0,0.0,0,0.0,130.0,6000,0.0,30.0,30.0,1,35.0,120.0,5500,157.5,2.05,4.15,0,2,2,98.5,97.9,0,1,0,1.13,1.134,0.568,0.566,0.568,0.566,1.0025,1,1,655,0,0,3,0,319.54,108.26,19.422,23.8,50.0,1013.1
2026-09-16T15:44:16,486.20000000000005,1,Ronda 1,4,Niquelado Químico Watts,150,300,1.13,DC,30.0,85.0,0.0,0,0.0,95.0,4400,0.0,24.0,0.0,0,0.0,105.0,4800,0.0,24.0,0.0,0,0.0,130.0,6000,0.0,30.2,30.0,1,35.0,120.0,5500,157.5,2.05,4.15,0,2,2,98.5,97.9,0,1,0,1.13,1.14,0.571,0.569,0.571,0.569,1.0025,1,1,655,0,0,3,0,320.68,108.65,19.466,23.8,50.0,1013.1
2026-09-16T15:44:16,487.20000000000005,1,Ronda 1,4,Niquelado Químico Watts,151,300,1.13,DC,30.0,85.0,0.0,0,0.0,95.0,4400,0.0,24.0,0.0,0,0.0,105.0,4800,0.0,24.0,0.0,0,0.0,130.0,6000,0.0,30.1,30.0,1,35.0,120.0,5500,157.5,2.05,4.15,0,2,2,98.5,97.9,0,1,0,1.13,1.139,0.571,0.568,0.571,0.568,1.0025,1,1,655,0,0,3,0,321.82,109.03,19.51,23.8,50.0,1013.1
2026-09-16T15:44:16,488.20000000000005,1,Ronda 1,4,Niquelado Químico Watts,152,300,1.13,DC,30.0,85.0,0.0,0,0.0,95.0,4400,0.0,24.0,0.0,0,0.0,105.0,4800,0.0,24.0,0.0,0,0.0,130.0,6000,0.0,30.0,30.0,1,35.0,120.0,5500,157.5,2.05,4.15,0,2,2,98.5,97.9,0,1,0,1.13,1.124,0.563,0.561,0.563,0.561,1.0025,1,1,655,0,0,3,0,322.94,109.41,19.554,23.8,50.0,1013.1
2026-09-16T15:44:16,489.20000000000005,1,Ronda 1,4,Niquelado Químico Watts,153,300,1.13,DC,30.0,85.0,0.0,0,0.0,95.0,4400,0.0,24.0,0.0,0,0.0,105.0,4800,0.0,24.0,0.0,0,0.0,130.0,6000,0.0,30.0,30.0,1,35.0,120.0,5500,157.5,2.05,4.15,0,2,2,98.5,97.9,0,1,0,1.13,1.135,0.568,0.566,0.568,0.566,1.0025,1,1,655,0,0,3,0,324.08,109.8,19.597,23.8,50.0,1013.1
2026-09-16T15:44:16,490.20000000000005,1,Ronda 1,4,Niquelado Químico Watts,154,300,1.13,DC,30.0,85.0,0.0,0,0.0,95.0,4400,0.0,24.0,0.0,0,0.0,105.0,4800,0.0,24.0,0.0,0,0.0,130.0,6000,0.0,29.8,30.0,1,35.0,120.0,5500,157.5,2.05,4.15,0,2,2,98.5,97.9,0,1,0,1.13,1.127,0.565,0.563,0.565,0.563,1.0025,1,1,655,0,0,3,0,325.21,110.18,19.641,23.8,50.0,1013.1
2026-09-16T15:44:16,491.20000000000005,1,Ronda 1,4,Niquelado Químico Watts,155,300,1.13,DC,30.0,85.0,0.0,0,0.0,95.0,4400,0.0,24.0,0.0,0,0.0,105.0,4800,0.0,24.0,0.0,0,0.0,130.0,6000,0.0,29.9,30.0,1,35.0,120.0,5500,157.5,2.05,4.15,0,2,2,98.5,97.9,0,1,0,1.13,1.122,0.562,0.56,0.562,0.56,1.0025,1,1,655,0,0,3,0,326.33,110.56,19.685,23.8,50.0,1013.1
2026-09-16T15:44:16,492.20000000000005,1,Ronda 1,4,Niquelado Químico Watts,156,300,1.13,DC,30.0,85.0,0.0,0,0.0,95.0,4400,0.0,24.0,0.0,0,0.0,105.0,4800,0.0,24.0,0.0,0,0.0,130.0,6000,0.0,29.7,30.0,1,35.0,120.0,5500,157.5,2.05,4.15,0,2,2,98.5,97.9,0,1,0,1.13,1.132,0.567,0.565,0.567,0.565,1.0025,1,1,655,0,0,3,0,327.46,110.94,19.729,23.8,49.9,1013.1
2026-09-16T15:44:16,493.20000000000005,1,Ronda 1,4,Niquelado Químico Watts,157,300,1.13,DC,30.0,85.0,0.0,0,0.0,95.0,4400,0.0,24.0,0.0,0,0.0,105.0,4800,0.0,24.0,0.0,0,0.0,130.0,6000,0.0,30.0,30.0,1,35.0,120.0,5500,157.5,2.05,4.15,0,2,2,98.5,97.9,0,1,0,1.13,1.133,0.568,0.565,0.568,0.565,1.0025,1,1,655,0,0,3,0,328.59,111.33,19.772,23.8,49.9,1013.1
2026-09-16T15:44:16,494.20000000000005,1,Ronda 1,4,Niquelado Químico Watts,158,300,1.13,DC,30.0,85.0,0.0,0,0.0,95.0,4400,0.0,24.0,0.0,0,0.0,105.0,4800,0.0,24.0,0.0,0,0.0,130.0,6000,0.0,29.9,30.0,1,35.0,120.0,5500,157.5,2.05,4.15,0,2,2,98.5,97.9,0,1,0,1.13,1.121,0.562,0.56,0.562,0.56,1.0025,1,1,655,0,0,3,0,329.71,111.71,19.816,23.8,49.9,1013.1
2026-09-16T15:44:16,495.20000000000005,1,Ronda 1,4,Niquelado Químico Watts,159,300,1.13,DC,30.0,85.0,0.0,0,0.0,95.0,4400,0.0,24.0,0.0,0,0.0,105.0,4800,0.0,24.0,0.0,0,0.0,130.0,6000,0.0,30.1,30.0,1,35.0,120.0,5500,157.5,2.05,4.15,0,2,2,98.5,97.9,0,1,0,1.13,1.129,0.566,0.563,0.566,0.563,1.0025,1,1,655,0,0,3,0,330.84,112.09,19.86,23.8,49.9,1013.1
2026-09-16T15:44:16,496.20000000000005,1,Ronda 1,4,Niquelado Químico Watts,160,300,1.13,DC,30.0,85.0,0.0,0,0.0,95.0,4400,0.0,24.0,0.0,0,0.0,105.0,4800,0.0,24.0,0.0,0,0.0,130.0,6000,0.0,30.1,30.0,1,35.0,120.0,5500,157.5,2.05,4.15,0,2,2,98.5,97.9,0,1,0,1.13,1.123,0.563,0.56,0.563,0.56,1.0025,1,1,655,0,0,3,0,331.97,112.47,19.904,23.8,49.9,1013.1
2026-09-16T15:44:16,497.20000000000005,1,Ronda 1,4,Niquelado Químico Watts,161,300,1.13,DC,30.0,85.0,0.0,0,0.0,95.0,4400,0.0,24.0,0.0,0,0.0,105.0,4800,0.0,24.0,0.0,0,0.0,130.0,6000,0.0,30.0,30.0,1,35.0,120.0,5500,157.5,2.05,4.15,0,2,2,98.5,97.9,0,1,0,1.13,1.117,0.56,0.557,0.56,0.557,1.0025,1,1,655,0,0,3,0,333.08,112.85,19.947,23.8,49.9,1013.1
2026-09-16T15:44:16,498.20000000000005,1,Ronda 1,4,Niquelado Químico Watts,162,300,1.13,DC,30.0,85.0,0.0,0,0.0,95.0,4400,0.0,24.0,0.0,0,0.0,105.0,4800,0.0,24.0,0.0,0,0.0,130.0,6000,0.0,30.0,30.0,1,35.0,120.0,5500,157.5,2.05,4.15,0,2,2,98.5,97.9,0,1,0,1.13,1.123,0.563,0.56,0.563,0.56,1.0025,1,1,655,0,0,3,0,334.21,113.23,19.991,23.8,49.9,1013.1
2026-09-16T15:44:16,499.20000000000005,1,Ronda 1,4,Niquelado Químico Watts,163,300,1.13,DC,30.0,85.0,0.0,0,0.0,95.0,4400,0.0,24.0,0.0,0,0.0,105.0,4800,0.0,24.0,0.0,0,0.0,130.0,6000,0.0,30.1,30.0,1,35.0,120.0,5500,157.5,2.05,4.15,0,2,2,98.5,97.9,0,1,0,1.13,1.131,0.567,0.564,0.567,0.564,1.0025,1,1,655,0,0,3,0,335.34,113.61,20.035,23.8,49.9,1013.1
2026-09-16T15:44:16,500.20000000000005,1,Ronda 1,4,Niquelado Químico Watts,164,300,1.13,DC,30.0,85.0,0.0,0,0.0,95.0,4400,0.0,24.0,0.0,0,0.0,105.0,4800,0.0,24.0,0.0,0,0.0,130.0,6000,0.0,29.8,30.0,1,35.0,120.0,5500,157.5,2.05,4.15,0,2,2,98.5,97.9,0,1,0,1.13,1.119,0.561,0.559,0.561,0.559,1.0025,1,1,655,0,0,3,0,336.46,113.99,20.079,23.8,49.9,1013.1
2026-09-16T15:44:16,501.20000000000005,1,Ronda 1,4,Niquelado Químico Watts,165,300,1.13,DC,30.0,85.0,0.0,0,0.0,95.0,4400,0.0,24.0,0.0,0,0.0,105.0,4800,0.0,24.0,0.0,0,0.0,130.0,6000,0.0,29.9,30.0,1,35.0,120.0,5500,157.5,2.05,4.15,0,2,2,98.5,97.9,0,1,0,1.13,1.125,0.564,0.561,0.564,0.561,1.0025,1,1,655,0,0,3,0,337.58,114.37,20.122,23.8,49.9,1013.1
2026-09-16T15:44:16,502.20000000000005,1,Ronda 1,4,Niquelado Químico Watts,166,300,1.13,DC,30.0,85.0,0.0,0,0.0,95.0,4400,0.0,24.0,0.0,0,0.0,105.0,4800,0.0,24.0,0.0,0,0.0,130.0,6000,0.0,29.9,30.0,1,35.0,120.0,5500,157.5,2.05,4.15,0,2,2,98.5,97.9,0,1,0,1.13,1.128,0.565,0.563,0.565,0.563,1.0025,1,1,655,0,0,3,0,338.71,114.75,20.166,23.8,49.9,1013.1
2026-09-16T15:44:16,503.20000000000005,1,Ronda 1,4,Niquelado Químico Watts,167,300,1.13,DC,30.0,85.0,0.0,0,0.0,95.0,4400,0.0,24.0,0.0,0,0.0,105.0,4800,0.0,24.0,0.0,0,0.0,130.0,6000,0.0,30.2,30.0,1,35.0,120.0,5500,157.5,2.05,4.15,0,2,2,98.5,97.9,0,1,0,1.13,1.138,0.57,0.568,0.57,0.568,1.0025,1,1,655,0,0,3,0,339.85,115.14,20.21,23.8,49.9,1013.1
2026-09-16T15:44:16,504.20000000000005,1,Ronda 1,4,Niquelado Químico Watts,168,300,1.13,DC,30.0,85.0,0.0,0,0.0,95.0,4400,0.0,24.0,0.0,0,0.0,105.0,4800,0.0,24.0,0.0,0,0.0,130.0,6000,0.0,30.2,30.0,1,35.0,120.0,5500,157.5,2.05,4.15,0,2,2,98.5,97.9,0,1,0,1.13,1.129,0.565,0.563,0.565,0.563,1.0025,1,1,655,0,0,3,0,340.98,115.52,20.254,23.8,49.9,1013.1
2026-09-16T15:44:16,505.20000000000005,1,Ronda 1,4,Niquelado Químico Watts,169,300,1.13,DC,30.0,85.0,0.0,0,0.0,95.0,4400,0.0,24.0,0.0,0,0.0,105.0,4800,0.0,24.0,0.0,0,0.0,130.0,6000,0.0,29.9,30.0,1,35.0,120.0,5500,157.5,2.05,4.15,0,2,2,98.5,97.9,0,1,0,1.13,1.136,0.569,0.567,0.569,0.567,1.0025,1,1,655,0,0,3,0,342.11,115.91,20.297,23.8,49.9,1013.1
2026-09-16T15:44:16,506.20000000000005,1,Ronda 1,4,Niquelado Químico Watts,170,300,1.13,DC,30.0,85.0,0.0,0,0.0,95.0,4400,0.0,24.0,0.0,0,0.0,105.0,4800,0.0,24.0,0.0,0,0.0,130.0,6000,0.0,30.0,30.0,1,35.0,120.0,5500,157.5,2.05,4.15,0,2,2,98.5,97.9,0,1,0,1.13,1.133,0.568,0.565,0.568,0.565,1.0025,1,1,655,0,0,3,0,343.25,116.29,20.341,23.8,49.9,1013.1
2026-09-16T15:44:16,507.20000000000005,1,Ronda 1,4,Niquelado Químico Watts,171,300,1.13,DC,30.0,85.0,0.0,0,0.0,95.0,4400,0.0,24.0,0.0,0,0.0,105.0,4800,0.0,24.0,0.0,0,0.0,130.0,6000,0.0,30.1,30.0,1,35.0,120.0,5500,157.5,2.05,4.15,0,2,2,98.5,97.9,0,1,0,1.13,1.133,0.568,0.565,0.568,0.565,1.0025,1,1,655,0,0,3,0,344.38,116.68,20.385,23.8,49.9,1013.1
2026-09-16T15:44:16,508.20000000000005,1,Ronda 1,4,Niquelado Químico Watts,172,300,1.13,DC,30.0,85.0,0.0,0,0.0,95.0,4400,0.0,24.0,0.0,0,0.0,105.0,4800,0.0,24.0,0.0,0,0.0,130.0,6000,0.0,30.1,30.0,1,35.0,120.0,5500,157.5,2.05,4.15,0,2,2,98.5,97.9,0,1,0,1.13,1.129,0.565,0.563,0.565,0.563,1.0025,1,1,655,0,0,3,0,345.51,117.06,20.429,23.8,49.9,1013.1
2026-09-16T15:44:16,509.20000000000005,1,Ronda 1,4,Niquelado Químico Watts,173,300,1.13,DC,30.0,85.0,0.0,0,0.0,95.0,4400,0.0,24.0,0.0,0,0.0,105.0,4800,0.0,24.0,0.0,0,0.0,130.0,6000,0.0,30.1,30.0,1,35.0,120.0,5500,157.5,2.05,4.15,0,2,2,98.5,97.9,0,1,0,1.13,1.129,0.566,0.563,0.566,0.563,1.0025,1,1,655,0,0,3,0,346.64,117.44,20.472,23.8,49.9,1013.1
2026-09-16T15:44:16,510.20000000000005,1,Ronda 1,4,Niquelado Químico Watts,174,300,1.13,DC,30.0,85.0,0.0,0,0.0,95.0,4400,0.0,24.0,0.0,0,0.0,105.0,4800,0.0,24.0,0.0,0,0.0,130.0,6000,0.0,29.9,30.0,1,35.0,120.0,5500,157.5,2.05,4.15,0,2,2,98.5,97.9,0,1,0,1.13,1.131,0.566,0.564,0.566,0.564,1.0025,1,1,655,0,0,3,0,347.77,117.82,20.516,23.8,49.9,1013.1
2026-09-16T15:44:16,511.20000000000005,1,Ronda 1,4,Niquelado Químico Watts,175,300,1.13,DC,30.0,85.0,0.0,0,0.0,95.0,4400,0.0,24.0,0.0,0,0.0,105.0,4800,0.0,24.0,0.0,0,0.0,130.0,6000,0.0,30.1,30.0,1,35.0,120.0,5500,157.5,2.05,4.15,0,2,2,98.5,97.9,0,1,0,1.13,1.121,0.562,0.56,0.562,0.56,1.0025,1,1,655,0,0,3,0,348.89,118.2,20.56,23.8,49.9,1013.1
2026-09-16T15:44:16,512.2,1,Ronda 1,4,Niquelado Químico Watts,176,300,1.13,DC,30.0,85.0,0.0,0,0.0,95.0,4400,0.0,24.0,0.0,0,0.0,105.0,4800,0.0,24.0,0.0,0,0.0,130.0,6000,0.0,30.1,30.0,1,35.0,120.0,5500,157.5,2.05,4.15,0,2,2,98.5,97.9,0,1,0,1.13,1.134,0.568,0.566,0.568,0.566,1.0025,1,1,655,0,0,3,0,350.02,118.59,20.604,23.8,49.9,1013.1
2026-09-16T15:44:16,513.2,1,Ronda 1,4,Niquelado Químico Watts,177,300,1.13,DC,30.0,85.0,0.0,0,0.0,95.0,4400,0.0,24.0,0.0,0,0.0,105.0,4800,0.0,24.0,0.0,0,0.0,130.0,6000,0.0,29.8,30.0,1,35.0,120.0,5500,157.5,2.05,4.15,0,2,2,98.5,97.9,0,1,0,1.13,1.134,0.568,0.566,0.568,0.566,1.0025,1,1,655,0,0,3,0,351.16,118.97,20.647,23.8,49.9,1013.1
2026-09-16T15:44:16,514.2,1,Ronda 1,4,Niquelado Químico Watts,178,300,1.13,DC,30.0,85.0,0.0,0,0.0,95.0,4400,0.0,24.0,0.0,0,0.0,105.0,4800,0.0,24.0,0.0,0,0.0,130.0,6000,0.0,29.9,30.0,1,35.0,120.0,5500,157.5,2.05,4.15,0,2,2,98.5,97.9,0,1,0,1.13,1.126,0.564,0.562,0.564,0.562,1.0025,1,1,655,0,0,3,0,352.28,119.35,20.691,23.8,49.9,1013.1
2026-09-16T15:44:16,515.2,1,Ronda 1,4,Niquelado Químico Watts,179,300,1.13,DC,30.0,85.0,0.0,0,0.0,95.0,4400,0.0,24.0,0.0,0,0.0,105.0,4800,0.0,24.0,0.0,0,0.0,130.0,6000,0.0,30.2,30.0,1,35.0,120.0,5500,157.5,2.05,4.15,0,2,2,98.5,97.9,0,1,0,1.13,1.122,0.562,0.56,0.562,0.56,1.0025,1,1,655,0,0,3,0,353.4,119.73,20.735,23.8,49.9,1013.1
2026-09-16T15:44:16,516.2,1,Ronda 1,4,Niquelado Químico Watts,180,300,1.13,DC,30.0,85.0,0.0,0,0.0,95.0,4400,0.0,24.0,0.0,0,0.0,105.0,4800,0.0,24.0,0.0,0,0.0,130.0,6000,0.0,29.9,30.0,1,35.0,120.0,5500,157.5,2.05,4.15,0,2,2,98.5,97.9,0,1,0,1.13,1.141,0.571,0.569,0.571,0.569,1.0025,1,1,655,0,0,3,0,354.54,120.12,20.779,23.8,49.8,1013.1
2026-09-16T15:44:16,517.2,1,Ronda 1,4,Niquelado Químico Watts,181,300,1.13,DC,30.0,85.0,0.0,0,0.0,95.0,4400,0.0,24.0,0.0,0,0.0,105.0,4800,0.0,24.0,0.0,0,0.0,130.0,6000,0.0,29.8,30.0,1,35.0,120.0,5500,157.5,2.05,4.15,0,2,2,98.5,97.9,0,1,0,1.13,1.134,0.568,0.566,0.568,0.566,1.0025,1,1,655,0,0,3,0,355.68,120.5,20.822,23.9,49.8,1013.1
2026-09-16T15:44:16,518.2,1,Ronda 1,4,Niquelado Químico Watts,182,300,1.13,DC,30.0,85.0,0.0,0,0.0,95.0,4400,0.0,24.0,0.0,0,0.0,105.0,4800,0.0,24.0,0.0,0,0.0,130.0,6000,0.0,30.3,30.0,1,35.0,120.0,5500,157.5,2.05,4.15,0,2,2,98.5,97.9,0,1,0,1.13,1.121,0.561,0.559,0.561,0.559,1.0025,1,1,655,0,0,3,0,356.8,120.88,20.866,23.9,49.8,1013.1
2026-09-16T15:44:16,519.2,1,Ronda 1,4,Niquelado Químico Watts,183,300,1.13,DC,30.0,85.0,0.0,0,0.0,95.0,4400,0.0,24.0,0.0,0,0.0,105.0,4800,0.0,24.0,0.0,0,0.0,130.0,6000,0.0,29.8,30.0,1,35.0,120.0,5500,157.5,2.05,4.15,0,2,2,98.5,97.9,0,1,0,1.13,1.138,0.57,0.568,0.57,0.568,1.0025,1,1,655,0,0,3,0,357.94,121.27,20.91,23.9,49.8,1013.1
2026-09-16T15:44:16,520.2,1,Ronda 1,4,Niquelado Químico Watts,184,300,1.13,DC,30.0,85.0,0.0,0,0.0,95.0,4400,0.0,24.0,0.0,0,0.0,105.0,4800,0.0,24.0,0.0,0,0.0,130.0,6000,0.0,30.1,30.0,1,35.0,120.0,5500,157.5,2.05,4.15,0,2,2,98.5,97.9,0,1,0,1.13,1.135,0.569,0.566,0.569,0.566,1.0025,1,1,655,0,0,3,0,359.07,121.65,20.954,23.9,49.8,1013.1
2026-09-16T15:44:16,521.2,1,Ronda 1,4,Niquelado Químico Watts,185,300,1.13,DC,30.0,85.0,0.0,0,0.0,95.0,4400,0.0,24.0,0.0,0,0.0,105.0,4800,0.0,24.0,0.0,0,0.0,130.0,6000,0.0,29.9,30.0,1,35.0,120.0,5500,157.5,2.05,4.15,0,2,2,98.5,97.9,0,1,0,1.13,1.126,0.564,0.562,0.564,0.562,1.0025,1,1,655,0,0,3,0,360.2,122.04,20.997,23.9,49.8,1013.1
2026-09-16T15:44:16,522.2,1,Ronda 1,4,Niquelado Químico Watts,186,300,1.13,DC,30.0,85.0,0.0,0,0.0,95.0,4400,0.0,24.0,0.0,0,0.0,105.0,4800,0.0,24.0,0.0,0,0.0,130.0,6000,0.0,29.8,30.0,1,35.0,120.0,5500,157.5,2.05,4.15,0,2,2,98.5,97.9,0,1,0,1.13,1.128,0.565,0.563,0.565,0.563,1.0025,1,1,655,0,0,3,0,361.33,122.42,21.041,23.9,49.8,1013.1
2026-09-16T15:44:16,523.2,1,Ronda 1,4,Niquelado Químico Watts,187,300,1.13,DC,30.0,85.0,0.0,0,0.0,95.0,4400,0.0,24.0,0.0,0,0.0,105.0,4800,0.0,24.0,0.0,0,0.0,130.0,6000,0.0,30.0,30.0,1,35.0,120.0,5500,157.5,2.05,4.15,0,2,2,98.5,97.9,0,1,0,1.13,1.132,0.567,0.565,0.567,0.565,1.0025,1,1,655,0,0,3,0,362.46,122.8,21.085,23.9,49.8,1013.1
2026-09-16T15:44:16,524.2,1,Ronda 1,4,Niquelado Químico Watts,188,300,1.13,DC,30.0,85.0,0.0,0,0.0,95.0,4400,0.0,24.0,0.0,0,0.0,105.0,4800,0.0,24.0,0.0,0,0.0,130.0,6000,0.0,30.0,30.0,1,35.0,120.0,5500,157.5,2.05,4.15,0,2,2,98.5,97.9,0,1,0,1.13,1.121,0.561,0.559,0.561,0.559,1.0025,1,1,655,0,0,3,0,363.58,123.18,21.129,23.9,49.8,1013.1
2026-09-16T15:44:16,525.2,1,Ronda 1,4,Niquelado Químico Watts,189,300,1.13,DC,30.0,85.0,0.0,0,0.0,95.0,4400,0.0,24.0,0.0,0,0.0,105.0,4800,0.0,24.0,0.0,0,0.0,130.0,6000,0.0,30.2,30.0,1,35.0,120.0,5500,157.5,2.05,4.15,0,2,2,98.5,97.9,0,1,0,1.13,1.117,0.559,0.557,0.559,0.557,1.0025,1,1,655,0,0,3,0,364.7,123.56,21.172,23.9,49.8,1013.1
2026-09-16T15:44:16,526.2,1,Ronda 1,4,Niquelado Químico Watts,190,300,1.13,DC,30.0,85.0,0.0,0,0.0,95.0,4400,0.0,24.0,0.0,0,0.0,105.0,4800,0.0,24.0,0.0,0,0.0,130.0,6000,0.0,29.8,30.0,1,35.0,120.0,5500,157.5,2.05,4.15,0,2,2,98.5,97.9,0,1,0,1.13,1.128,0.565,0.563,0.565,0.563,1.0025,1,1,655,0,0,3,0,365.82,123.94,21.216,23.9,49.8,1013.1
2026-09-16T15:44:16,527.2,1,Ronda 1,4,Niquelado Químico Watts,191,300,1.13,DC,30.0,85.0,0.0,0,0.0,95.0,4400,0.0,24.0,0.0,0,0.0,105.0,4800,0.0,24.0,0.0,0,0.0,130.0,6000,0.0,30.0,30.0,1,35.0,120.0,5500,157.5,2.05,4.15,0,2,2,98.5,97.9,0,1,0,1.13,1.143,0.573,0.571,0.573,0.571,1.0025,1,1,655,0,0,3,0,366.97,124.33,21.26,23.9,49.8,1013.1
2026-09-16T15:44:16,528.2,1,Ronda 1,4,Niquelado Químico Watts,192,300,1.13,DC,30.0,85.0,0.0,0,0.0,95.0,4400,0.0,24.0,0.0,0,0.0,105.0,4800,0.0,24.0,0.0,0,0.0,130.0,6000,0.0,29.9,30.0,1,35.0,120.0,5500,157.5,2.05,4.15,0,2,2,98.5,97.9,0,1,0,1.13,1.108,0.555,0.553,0.555,0.553,1.0025,1,1,655,0,0,3,0,368.07,124.7,21.304,23.9,49.8,1013.1
2026-09-16T15:44:16,529.2,1,Ronda 1,4,Niquelado Químico Watts,193,300,1.13,DC,30.0,85.0,0.0,0,0.0,95.0,4400,0.0,24.0,0.0,0,0.0,105.0,4800,0.0,24.0,0.0,0,0.0,130.0,6000,0.0,30.1,30.0,1,35.0,120.0,5500,157.5,2.05,4.15,0,2,2,98.5,97.9,0,1,0,1.13,1.133,0.568,0.565,0.568,0.565,1.0025,1,1,655,0,0,3,0,369.21,125.09,21.347,23.9,49.8,1013.1
2026-09-16T15:44:16,530.2,1,Ronda 1,4,Niquelado Químico Watts,194,300,1.13,DC,30.0,85.0,0.0,0,0.0,95.0,4400,0.0,24.0,0.0,0,0.0,105.0,4800,0.0,24.0,0.0,0,0.0,130.0,6000,0.0,30.1,30.0,1,35.0,120.0,5500,157.5,2.05,4.15,0,2,2,98.5,97.9,0,1,0,1.13,1.14,0.571,0.569,0.571,0.569,1.0025,1,1,655,0,0,3,0,370.35,125.47,21.391,23.9,49.8,1013.1
2026-09-16T15:44:16,531.2,1,Ronda 1,4,Niquelado Químico Watts,195,300,1.13,DC,30.0,85.0,0.0,0,0.0,95.0,4400,0.0,24.0,0.0,0,0.0,105.0,4800,0.0,24.0,0.0,0,0.0,130.0,6000,0.0,30.0,30.0,1,35.0,120.0,5500,157.5,2.05,4.15,0,2,2,98.5,97.9,0,1,0,1.13,1.125,0.564,0.561,0.564,0.561,1.0025,1,1,655,0,0,3,0,371.47,125.85,21.435,23.9,49.8,1013.1
2026-09-16T15:44:16,532.2,1,Ronda 1,4,Niquelado Químico Watts,196,300,1.13,DC,30.0,85.0,0.0,0,0.0,95.0,4400,0.0,24.0,0.0,0,0.0,105.0,4800,0.0,24.0,0.0,0,0.0,130.0,6000,0.0,30.1,30.0,1,35.0,120.0,5500,157.5,2.05,4.15,0,2,2,98.5,97.9,0,1,0,1.13,1.132,0.567,0.565,0.567,0.565,1.0025,1,1,655,0,0,3,0,372.6,126.24,21.479,23.9,49.8,1013.1
2026-09-16T15:44:16,533.2,1,Ronda 1,4,Niquelado Químico Watts,197,300,1.13,DC,30.0,85.0,0.0,0,0.0,95.0,4400,0.0,24.0,0.0,0,0.0,105.0,4800,0.0,24.0,0.0,0,0.0,130.0,6000,0.0,29.9,30.0,1,35.0,120.0,5500,157.5,2.05,4.15,0,2,2,98.5,97.9,0,1,0,1.13,1.125,0.563,0.561,0.563,0.561,1.0025,1,1,655,0,0,3,0,373.73,126.62,21.522,23.9,49.8,1013.1
2026-09-16T15:44:16,534.2,1,Ronda 1,4,Niquelado Químico Watts,198,300,1.13,DC,30.0,85.0,0.0,0,0.0,95.0,4400,0.0,24.0,0.0,0,0.0,105.0,4800,0.0,24.0,0.0,0,0.0,130.0,6000,0.0,29.9,30.0,1,35.0,120.0,5500,157.5,2.05,4.15,0,2,2,98.5,97.9,0,1,0,1.13,1.137,0.57,0.567,0.57,0.567,1.0025,1,1,655,0,0,3,0,374.87,127.0,21.566,23.9,49.8,1013.1
2026-09-16T15:44:16,535.2,1,Ronda 1,4,Niquelado Químico Watts,199,300,1.13,DC,30.0,85.0,0.0,0,0.0,95.0,4400,0.0,24.0,0.0,0,0.0,105.0,4800,0.0,24.0,0.0,0,0.0,130.0,6000,0.0,30.1,30.0,1,35.0,120.0,5500,157.5,2.05,4.15,0,2,2,98.5,97.9,0,1,0,1.13,1.129,0.566,0.564,0.566,0.564,1.0025,1,1,655,0,0,3,0,375.99,127.39,21.61,23.9,49.8,1013.1
2026-09-16T15:44:16,536.2,1,Ronda 1,4,Niquelado Químico Watts,200,300,1.13,DC,30.0,85.0,0.0,0,0.0,95.0,4400,0.0,24.0,0.0,0,0.0,105.0,4800,0.0,24.0,0.0,0,0.0,130.0,6000,0.0,30.3,30.0,1,35.0,120.0,5500,157.5,2.05,4.15,0,2,2,98.5,97.9,0,1,0,1.13,1.131,0.567,0.565,0.567,0.565,1.0025,1,1,655,0,0,3,0,377.13,127.77,21.654,23.9,49.8,1013.1
2026-09-16T15:44:16,537.2,1,Ronda 1,4,Niquelado Químico Watts,201,300,1.13,DC,30.0,85.0,0.0,0,0.0,95.0,4400,0.0,24.0,0.0,0,0.0,105.0,4800,0.0,24.0,0.0,0,0.0,130.0,6000,0.0,29.8,30.0,1,35.0,120.0,5500,157.5,2.05,4.15,0,2,2,98.5,97.9,0,1,0,1.13,1.136,0.569,0.567,0.569,0.567,1.0025,1,1,655,0,0,3,0,378.26,128.16,21.697,23.9,49.8,1013.1
2026-09-16T15:44:16,538.2,1,Ronda 1,4,Niquelado Químico Watts,202,300,1.13,DC,30.0,85.0,0.0,0,0.0,95.0,4400,0.0,24.0,0.0,0,0.0,105.0,4800,0.0,24.0,0.0,0,0.0,130.0,6000,0.0,30.0,30.0,1,35.0,120.0,5500,157.5,2.05,4.15,0,2,2,98.5,97.9,0,1,0,1.13,1.131,0.566,0.564,0.566,0.564,1.0025,1,1,655,0,0,3,0,379.39,128.54,21.741,23.9,49.8,1013.1
2026-09-16T15:44:16,539.2,1,Ronda 1,4,Niquelado Químico Watts,203,300,1.13,DC,30.0,85.0,0.0,0,0.0,95.0,4400,0.0,24.0,0.0,0,0.0,105.0,4800,0.0,24.0,0.0,0,0.0,130.0,6000,0.0,30.0,30.0,1,35.0,120.0,5500,157.5,2.05,4.15,0,2,2,98.5,97.9,0,1,0,1.13,1.133,0.568,0.566,0.568,0.566,1.0025,1,1,655,0,0,3,0,380.53,128.92,21.785,23.9,49.8,1013.1
2026-09-16T15:44:16,540.2,1,Ronda 1,4,Niquelado Químico Watts,204,300,1.13,DC,30.0,85.0,0.0,0,0.0,95.0,4400,0.0,24.0,0.0,0,0.0,105.0,4800,0.0,24.0,0.0,0,0.0,130.0,6000,0.0,29.7,30.0,1,35.0,120.0,5500,157.5,2.05,4.15,0,2,2,98.5,97.9,0,1,0,1.13,1.14,0.571,0.569,0.571,0.569,1.0025,1,1,655,0,0,3,0,381.67,129.31,21.829,23.9,49.7,1013.1
2026-09-16T15:44:16,541.2,1,Ronda 1,4,Niquelado Químico Watts,205,300,1.13,DC,30.0,85.0,0.0,0,0.0,95.0,4400,0.0,24.0,0.0,0,0.0,105.0,4800,0.0,24.0,0.0,0,0.0,130.0,6000,0.0,29.9,30.0,1,35.0,120.0,5500,157.5,2.05,4.15,0,2,2,98.5,97.9,0,1,0,1.13,1.132,0.567,0.565,0.567,0.565,1.0025,1,1,655,0,0,3,0,382.8,129.69,21.872,23.9,49.7,1013.1
2026-09-16T15:44:16,542.2,1,Ronda 1,4,Niquelado Químico Watts,206,300,1.13,DC,30.0,85.0,0.0,0,0.0,95.0,4400,0.0,24.0,0.0,0,0.0,105.0,4800,0.0,24.0,0.0,0,0.0,130.0,6000,0.0,30.0,30.0,1,35.0,120.0,5500,157.5,2.05,4.15,0,2,2,98.5,97.9,0,1,0,1.13,1.138,0.57,0.568,0.57,0.568,1.0025,1,1,655,0,0,3,0,383.94,130.08,21.916,23.9,49.7,1013.1
2026-09-16T15:44:16,543.2,1,Ronda 1,4,Niquelado Químico Watts,207,300,1.13,DC,30.0,85.0,0.0,0,0.0,95.0,4400,0.0,24.0,0.0,0,0.0,105.0,4800,0.0,24.0,0.0,0,0.0,130.0,6000,0.0,30.1,30.0,1,35.0,120.0,5500,157.5,2.05,4.15,0,2,2,98.5,97.9,0,1,0,1.13,1.12,0.561,0.559,0.561,0.559,1.0025,1,1,655,0,0,3,0,385.05,130.46,21.96,23.9,49.7,1013.1
2026-09-16T15:44:16,544.2,1,Ronda 1,4,Niquelado Químico Watts,208,300,1.13,DC,30.0,85.0,0.0,0,0.0,95.0,4400,0.0,24.0,0.0,0,0.0,105.0,4800,0.0,24.0,0.0,0,0.0,130.0,6000,0.0,30.3,30.0,1,35.0,120.0,5500,157.5,2.05,4.15,0,2,2,98.5,97.9,0,1,0,1.13,1.132,0.567,0.565,0.567,0.565,1.0025,1,1,655,0,0,3,0,386.19,130.84,22.004,23.9,49.7,1013.1
2026-09-16T15:44:16,545.2,1,Ronda 1,4,Niquelado Químico Watts,209,300,1.13,DC,30.0,85.0,0.0,0,0.0,95.0,4400,0.0,24.0,0.0,0,0.0,105.0,4800,0.0,24.0,0.0,0,0.0,130.0,6000,0.0,30.1,30.0,1,35.0,120.0,5500,157.5,2.05,4.15,0,2,2,98.5,97.9,0,1,0,1.13,1.117,0.56,0.557,0.56,0.557,1.0025,1,1,655,0,0,3,0,387.3,131.22,22.047,23.9,49.7,1013.1
2026-09-16T15:44:16,546.2,1,Ronda 1,4,Niquelado Químico Watts,210,300,1.13,DC,30.0,85.0,0.0,0,0.0,95.0,4400,0.0,24.0,0.0,0,0.0,105.0,4800,0.0,24.0,0.0,0,0.0,130.0,6000,0.0,29.8,30.0,1,35.0,120.0,5500,157.5,2.05,4.15,0,2,2,98.5,97.9,0,1,0,1.13,1.138,0.57,0.568,0.57,0.568,1.0025,1,1,655,0,0,3,0,388.44,131.6,22.091,23.9,49.7,1013.1
2026-09-16T15:44:16,547.2,1,Ronda 1,4,Niquelado Químico Watts,211,300,1.13,DC,30.0,85.0,0.0,0,0.0,95.0,4400,0.0,24.0,0.0,0,0.0,105.0,4800,0.0,24.0,0.0,0,0.0,130.0,6000,0.0,29.9,30.0,1,35.0,120.0,5500,157.5,2.05,4.15,0,2,2,98.5,97.9,0,1,0,1.13,1.142,0.572,0.57,0.572,0.57,1.0025,1,1,655,0,0,3,0,389.58,131.99,22.135,23.9,49.7,1013.1
2026-09-16T15:44:16,548.2,1,Ronda 1,4,Niquelado Químico Watts,212,300,1.13,DC,30.0,85.0,0.0,0,0.0,95.0,4400,0.0,24.0,0.0,0,0.0,105.0,4800,0.0,24.0,0.0,0,0.0,130.0,6000,0.0,30.0,30.0,1,35.0,120.0,5500,157.5,2.05,4.15,0,2,2,98.5,97.9,0,1,0,1.13,1.135,0.568,0.566,0.568,0.566,1.0025,1,1,655,0,0,3,0,390.72,132.38,22.179,23.9,49.7,1013.1
2026-09-16T15:44:16,549.2,1,Ronda 1,4,Niquelado Químico Watts,213,300,1.13,DC,30.0,85.0,0.0,0,0.0,95.0,4400,0.0,24.0,0.0,0,0.0,105.0,4800,0.0,24.0,0.0,0,0.0,130.0,6000,0.0,29.9,30.0,1,35.0,120.0,5500,157.5,2.05,4.15,0,2,2,98.5,97.9,0,1,0,1.13,1.131,0.566,0.564,0.566,0.564,1.0025,1,1,655,0,0,3,0,391.85,132.76,22.222,23.9,49.7,1013.1
2026-09-16T15:44:16,550.2,1,Ronda 1,4,Niquelado Químico Watts,214,300,1.13,DC,30.0,85.0,0.0,0,0.0,95.0,4400,0.0,24.0,0.0,0,0.0,105.0,4800,0.0,24.0,0.0,0,0.0,130.0,6000,0.0,29.8,30.0,1,35.0,120.0,5500,157.5,2.05,4.15,0,2,2,98.5,97.9,0,1,0,1.13,1.144,0.573,0.571,0.573,0.571,1.0025,1,1,655,0,0,3,0,392.99,133.15,22.266,23.9,49.7,1013.1
2026-09-16T15:44:16,551.2,1,Ronda 1,4,Niquelado Químico Watts,215,300,1.13,DC,30.0,85.0,0.0,0,0.0,95.0,4400,0.0,24.0,0.0,0,0.0,105.0,4800,0.0,24.0,0.0,0,0.0,130.0,6000,0.0,30.3,30.0,1,35.0,120.0,5500,157.5,2.05,4.15,0,2,2,98.5,97.9,0,1,0,1.13,1.129,0.566,0.563,0.566,0.563,1.0025,1,1,655,0,0,3,0,394.12,133.53,22.31,24.0,49.7,1013.1
2026-09-16T15:44:16,552.2,1,Ronda 1,4,Niquelado Químico Watts,216,300,1.13,DC,30.0,85.0,0.0,0,0.0,95.0,4400,0.0,24.0,0.0,0,0.0,105.0,4800,0.0,24.0,0.0,0,0.0,130.0,6000,0.0,30.0,30.0,1,35.0,120.0,5500,157.5,2.05,4.15,0,2,2,98.5,97.9,0,1,0,1.13,1.13,0.566,0.564,0.566,0.564,1.0025,1,1,655,0,0,3,0,395.25,133.91,22.354,24.0,49.7,1013.1
2026-09-16T15:44:16,553.2,1,Ronda 1,4,Niquelado Químico Watts,217,300,1.13,DC,30.0,85.0,0.0,0,0.0,95.0,4400,0.0,24.0,0.0,0,0.0,105.0,4800,0.0,24.0,0.0,0,0.0,130.0,6000,0.0,30.5,30.0,1,35.0,120.0,5500,157.5,2.05,4.15,0,2,2,98.5,97.9,0,1,0,1.13,1.141,0.572,0.57,0.572,0.57,1.0025,1,1,655,0,0,3,0,396.39,134.3,22.397,24.0,49.7,1013.1
2026-09-16T15:44:16,554.2,1,Ronda 1,4,Niquelado Químico Watts,218,300,1.13,DC,30.0,85.0,0.0,0,0.0,95.0,4400,0.0,24.0,0.0,0,0.0,105.0,4800,0.0,24.0,0.0,0,0.0,130.0,6000,0.0,29.8,30.0,1,35.0,120.0,5500,157.5,2.05,4.15,0,2,2,98.5,97.9,0,1,0,1.13,1.133,0.568,0.565,0.568,0.565,1.0025,1,1,655,0,0,3,0,397.53,134.68,22.441,24.0,49.7,1013.1
2026-09-16T15:44:16,555.2,1,Ronda 1,4,Niquelado Químico Watts,219,300,1.13,DC,30.0,85.0,0.0,0,0.0,95.0,4400,0.0,24.0,0.0,0,0.0,105.0,4800,0.0,24.0,0.0,0,0.0,130.0,6000,0.0,29.9,30.0,1,35.0,120.0,5500,157.5,2.05,4.15,0,2,2,98.5,97.9,0,1,0,1.13,1.127,0.564,0.562,0.564,0.562,1.0025,1,1,655,0,0,3,0,398.65,135.06,22.485,24.0,49.7,1013.1
2026-09-16T15:44:16,556.2,1,Ronda 1,4,Niquelado Químico Watts,220,300,1.13,DC,30.0,85.0,0.0,0,0.0,95.0,4400,0.0,24.0,0.0,0,0.0,105.0,4800,0.0,24.0,0.0,0,0.0,130.0,6000,0.0,30.0,30.0,1,35.0,120.0,5500,157.5,2.05,4.15,0,2,2,98.5,97.9,0,1,0,1.13,1.144,0.573,0.571,0.573,0.571,1.0025,1,1,655,0,0,3,0,399.8,135.45,22.529,24.0,49.7,1013.1
2026-09-16T15:44:16,557.2,1,Ronda 1,4,Niquelado Químico Watts,221,300,1.13,DC,30.0,85.0,0.0,0,0.0,95.0,4400,0.0,24.0,0.0,0,0.0,105.0,4800,0.0,24.0,0.0,0,0.0,130.0,6000,0.0,30.1,30.0,1,35.0,120.0,5500,157.5,2.05,4.15,0,2,2,98.5,97.9,0,1,0,1.13,1.129,0.566,0.563,0.566,0.563,1.0025,1,1,655,0,0,3,0,400.93,135.83,22.572,24.0,49.7,1013.1
2026-09-16T15:44:16,558.2,1,Ronda 1,4,Niquelado Químico Watts,222,300,1.13,DC,30.0,85.0,0.0,0,0.0,95.0,4400,0.0,24.0,0.0,0,0.0,105.0,4800,0.0,24.0,0.0,0,0.0,130.0,6000,0.0,30.4,30.0,1,35.0,120.0,5500,157.5,2.05,4.15,0,2,2,98.5,97.9,0,1,0,1.13,1.142,0.572,0.57,0.572,0.57,1.0025,1,1,655,0,0,3,0,402.07,136.22,22.616,24.0,49.7,1013.1
2026-09-16T15:44:16,559.2,1,Ronda 1,4,Niquelado Químico Watts,223,300,1.13,DC,30.0,85.0,0.0,0,0.0,95.0,4400,0.0,24.0,0.0,0,0.0,105.0,4800,0.0,24.0,0.0,0,0.0,130.0,6000,0.0,30.0,30.0,1,35.0,120.0,5500,157.5,2.05,4.15,0,2,2,98.5,97.9,0,1,0,1.13,1.145,0.574,0.571,0.574,0.571,1.0025,1,1,655,0,0,3,0,403.21,136.61,22.66,24.0,49.7,1013.1
2026-09-16T15:44:16,560.2,1,Ronda 1,4,Niquelado Químico Watts,224,300,1.13,DC,30.0,85.0,0.0,0,0.0,95.0,4400,0.0,24.0,0.0,0,0.0,105.0,4800,0.0,24.0,0.0,0,0.0,130.0,6000,0.0,30.0,30.0,1,35.0,120.0,5500,157.5,2.05,4.15,0,2,2,98.5,97.9,0,1,0,1.13,1.133,0.567,0.565,0.567,0.565,1.0025,1,1,655,0,0,3,0,404.35,136.99,22.704,24.0,49.7,1013.1
2026-09-16T15:44:16,561.2,1,Ronda 1,4,Niquelado Químico Watts,225,300,1.13,DC,30.0,85.0,0.0,0,0.0,95.0,4400,0.0,24.0,0.0,0,0.0,105.0,4800,0.0,24.0,0.0,0,0.0,130.0,6000,0.0,30.1,30.0,1,35.0,120.0,5500,157.5,2.05,4.15,0,2,2,98.5,97.9,0,1,0,1.13,1.129,0.565,0.563,0.565,0.563,1.0025,1,1,655,0,0,3,0,405.47,137.37,22.747,24.0,49.7,1013.1
2026-09-16T15:44:16,562.2,1,Ronda 1,4,Niquelado Químico Watts,226,300,1.13,DC,30.0,85.0,0.0,0,0.0,95.0,4400,0.0,24.0,0.0,0,0.0,105.0,4800,0.0,24.0,0.0,0,0.0,130.0,6000,0.0,29.9,30.0,1,35.0,120.0,5500,157.5,2.05,4.15,0,2,2,98.5,97.9,0,1,0,1.13,1.131,0.567,0.564,0.567,0.564,1.0025,1,1,655,0,0,3,0,406.61,137.76,22.791,24.0,49.7,1013.1
2026-09-16T15:44:16,563.2,1,Ronda 1,4,Niquelado Químico Watts,227,300,1.13,DC,30.0,85.0,0.0,0,0.0,95.0,4400,0.0,24.0,0.0,0,0.0,105.0,4800,0.0,24.0,0.0,0,0.0,130.0,6000,0.0,29.8,30.0,1,35.0,120.0,5500,157.5,2.05,4.15,0,2,2,98.5,97.9,0,1,0,1.13,1.133,0.568,0.565,0.568,0.565,1.0025,1,1,655,0,0,3,0,407.74,138.14,22.835,24.0,49.7,1013.1
2026-09-16T15:44:16,564.2,1,Ronda 1,4,Niquelado Químico Watts,228,300,1.13,DC,30.0,85.0,0.0,0,0.0,95.0,4400,0.0,24.0,0.0,0,0.0,105.0,4800,0.0,24.0,0.0,0,0.0,130.0,6000,0.0,30.1,30.0,1,35.0,120.0,5500,157.5,2.05,4.15,0,2,2,98.5,97.9,0,1,0,1.13,1.135,0.569,0.566,0.569,0.566,1.0025,1,1,655,0,0,3,0,408.87,138.53,22.879,24.0,49.6,1013.1
2026-09-16T15:44:16,565.2,1,Ronda 1,4,Niquelado Químico Watts,229,300,1.13,DC,30.0,85.0,0.0,0,0.0,95.0,4400,0.0,24.0,0.0,0,0.0,105.0,4800,0.0,24.0,0.0,0,0.0,130.0,6000,0.0,30.1,30.0,1,35.0,120.0,5500,157.5,2.05,4.15,0,2,2,98.5,97.9,0,1,0,1.13,1.13,0.566,0.564,0.566,0.564,1.0025,1,1,655,0,0,3,0,410.0,138.91,22.922,24.0,49.6,1013.1
2026-09-16T15:44:16,566.2,1,Ronda 1,4,Niquelado Químico Watts,230,300,1.13,DC,30.0,85.0,0.0,0,0.0,95.0,4400,0.0,24.0,0.0,0,0.0,105.0,4800,0.0,24.0,0.0,0,0.0,130.0,6000,0.0,30.0,30.0,1,35.0,120.0,5500,157.5,2.05,4.15,0,2,2,98.5,97.9,0,1,0,1.13,1.137,0.569,0.567,0.569,0.567,1.0025,1,1,655,0,0,3,0,411.14,139.29,22.966,24.0,49.6,1013.1
2026-09-16T15:44:16,567.2,1,Ronda 1,4,Niquelado Químico Watts,231,300,1.13,DC,30.0,85.0,0.0,0,0.0,95.0,4400,0.0,24.0,0.0,0,0.0,105.0,4800,0.0,24.0,0.0,0,0.0,130.0,6000,0.0,29.9,30.0,1,35.0,120.0,5500,157.5,2.05,4.15,0,2,2,98.5,97.9,0,1,0,1.13,1.146,0.574,0.572,0.574,0.572,1.0025,1,1,655,0,0,3,0,412.28,139.68,23.01,24.0,49.6,1013.1
2026-09-16T15:44:16,568.2,1,Ronda 1,4,Niquelado Químico Watts,232,300,1.13,DC,30.0,85.0,0.0,0,0.0,95.0,4400,0.0,24.0,0.0,0,0.0,105.0,4800,0.0,24.0,0.0,0,0.0,130.0,6000,0.0,30.2,30.0,1,35.0,120.0,5500,157.5,2.05,4.15,0,2,2,98.5,97.9,0,1,0,1.13,1.116,0.559,0.557,0.559,0.557,1.0025,1,1,655,0,0,3,0,413.4,140.06,23.054,24.0,49.6,1013.1
2026-09-16T15:44:16,569.2,1,Ronda 1,4,Niquelado Químico Watts,233,300,1.13,DC,30.0,85.0,0.0,0,0.0,95.0,4400,0.0,24.0,0.0,0,0.0,105.0,4800,0.0,24.0,0.0,0,0.0,130.0,6000,0.0,30.1,30.0,1,35.0,120.0,5500,157.5,2.05,4.15,0,2,2,98.5,97.9,0,1,0,1.13,1.135,0.569,0.567,0.569,0.567,1.0025,1,1,655,0,0,3,0,414.54,140.44,23.097,24.0,49.6,1013.1
2026-09-16T15:44:16,570.2,1,Ronda 1,4,Niquelado Químico Watts,234,300,1.13,DC,30.0,85.0,0.0,0,0.0,95.0,4400,0.0,24.0,0.0,0,0.0,105.0,4800,0.0,24.0,0.0,0,0.0,130.0,6000,0.0,30.1,30.0,1,35.0,120.0,5500,157.5,2.05,4.15,0,2,2,98.5,97.9,0,1,0,1.13,1.137,0.57,0.567,0.57,0.567,1.0025,1,1,655,0,0,3,0,415.67,140.83,23.141,24.0,49.6,1013.1
2026-09-16T15:44:16,571.2,1,Ronda 1,4,Niquelado Químico Watts,235,300,1.13,DC,30.0,85.0,0.0,0,0.0,95.0,4400,0.0,24.0,0.0,0,0.0,105.0,4800,0.0,24.0,0.0,0,0.0,130.0,6000,0.0,29.9,30.0,1,35.0,120.0,5500,157.5,2.05,4.15,0,2,2,98.5,97.9,0,1,0,1.13,1.129,0.566,0.564,0.566,0.564,1.0025,1,1,655,0,0,3,0,416.8,141.21,23.185,24.0,49.6,1013.1
2026-09-16T15:44:16,572.2,1,Ronda 1,4,Niquelado Químico Watts,236,300,1.13,DC,30.0,85.0,0.0,0,0.0,95.0,4400,0.0,24.0,0.0,0,0.0,105.0,4800,0.0,24.0,0.0,0,0.0,130.0,6000,0.0,30.2,30.0,1,35.0,120.0,5500,157.5,2.05,4.15,0,2,2,98.5,97.9,0,1,0,1.13,1.134,0.568,0.566,0.568,0.566,1.0025,1,1,655,0,0,3,0,417.94,141.6,23.229,24.0,49.6,1013.1
2026-09-16T15:44:16,573.2,1,Ronda 1,4,Niquelado Químico Watts,237,300,1.13,DC,30.0,85.0,0.0,0,0.0,95.0,4400,0.0,24.0,0.0,0,0.0,105.0,4800,0.0,24.0,0.0,0,0.0,130.0,6000,0.0,29.6,30.0,1,35.0,120.0,5500,157.5,2.05,4.15,0,2,2,98.5,97.9,0,1,0,1.13,1.133,0.567,0.565,0.567,0.565,1.0025,1,1,655,0,0,3,0,419.07,141.98,23.272,24.0,49.6,1013.1
2026-09-16T15:44:16,574.2,1,Ronda 1,4,Niquelado Químico Watts,238,300,1.13,DC,30.0,85.0,0.0,0,0.0,95.0,4400,0.0,24.0,0.0,0,0.0,105.0,4800,0.0,24.0,0.0,0,0.0,130.0,6000,0.0,30.2,30.0,1,35.0,120.0,5500,157.5,2.05,4.15,0,2,2,98.5,97.9,0,1,0,1.13,1.129,0.566,0.563,0.566,0.563,1.0025,1,1,655,0,0,3,0,420.2,142.36,23.316,24.0,49.6,1013.1
2026-09-16T15:44:16,575.2,1,Ronda 1,4,Niquelado Químico Watts,239,300,1.13,DC,30.0,85.0,0.0,0,0.0,95.0,4400,0.0,24.0,0.0,0,0.0,105.0,4800,0.0,24.0,0.0,0,0.0,130.0,6000,0.0,30.1,30.0,1,35.0,120.0,5500,157.5,2.05,4.15,0,2,2,98.5,97.9,0,1,0,1.13,1.129,0.566,0.564,0.566,0.564,1.0025,1,1,655,0,0,3,0,421.33,142.75,23.36,24.0,49.6,1013.1
2026-09-16T15:44:16,576.2,1,Ronda 1,4,Niquelado Químico Watts,240,300,1.13,DC,30.0,85.0,0.0,0,0.0,95.0,4400,0.0,24.0,0.0,0,0.0,105.0,4800,0.0,24.0,0.0,0,0.0,130.0,6000,0.0,29.8,30.0,1,35.0,120.0,5500,157.5,2.05,4.15,0,2,2,98.5,97.9,0,1,0,1.13,1.135,0.568,0.566,0.568,0.566,1.0025,1,1,655,0,0,3,0,422.46,143.13,23.404,24.1,49.6,1013.1
2026-09-16T15:44:16,577.2,1,Ronda 1,4,Niquelado Químico Watts,241,300,1.13,DC,30.0,85.0,0.0,0,0.0,95.0,4400,0.0,24.0,0.0,0,0.0,105.0,4800,0.0,24.0,0.0,0,0.0,130.0,6000,0.0,30.0,30.0,1,35.0,120.0,5500,157.5,2.05,4.15,0,2,2,98.5,97.9,0,1,0,1.13,1.127,0.564,0.562,0.564,0.562,1.0025,1,1,655,0,0,3,0,423.59,143.51,23.447,24.1,49.6,1013.1
2026-09-16T15:44:16,578.2,1,Ronda 1,4,Niquelado Químico Watts,242,300,1.13,DC,30.0,85.0,0.0,0,0.0,95.0,4400,0.0,24.0,0.0,0,0.0,105.0,4800,0.0,24.0,0.0,0,0.0,130.0,6000,0.0,30.0,30.0,1,35.0,120.0,5500,157.5,2.05,4.15,0,2,2,98.5,97.9,0,1,0,1.13,1.124,0.563,0.561,0.563,0.561,1.0025,1,1,655,0,0,3,0,424.71,143.89,23.491,24.1,49.6,1013.1
2026-09-16T15:44:16,579.2,1,Ronda 1,4,Niquelado Químico Watts,243,300,1.13,DC,30.0,85.0,0.0,0,0.0,95.0,4400,0.0,24.0,0.0,0,0.0,105.0,4800,0.0,24.0,0.0,0,0.0,130.0,6000,0.0,30.0,30.0,1,35.0,120.0,5500,157.5,2.05,4.15,0,2,2,98.5,97.9,0,1,0,1.13,1.124,0.563,0.561,0.563,0.561,1.0025,1,1,655,0,0,3,0,425.84,144.27,23.535,24.1,49.6,1013.1
2026-09-16T15:44:16,580.2,1,Ronda 1,4,Niquelado Químico Watts,244,300,1.13,DC,30.0,85.0,0.0,0,0.0,95.0,4400,0.0,24.0,0.0,0,0.0,105.0,4800,0.0,24.0,0.0,0,0.0,130.0,6000,0.0,29.9,30.0,1,35.0,120.0,5500,157.5,2.05,4.15,0,2,2,98.5,97.9,0,1,0,1.13,1.124,0.563,0.561,0.563,0.561,1.0025,1,1,655,0,0,3,0,426.96,144.65,23.579,24.1,49.6,1013.1
2026-09-16T15:44:16,581.2,1,Ronda 1,4,Niquelado Químico Watts,245,300,1.13,DC,30.0,85.0,0.0,0,0.0,95.0,4400,0.0,24.0,0.0,0,0.0,105.0,4800,0.0,24.0,0.0,0,0.0,130.0,6000,0.0,30.3,30.0,1,35.0,120.0,5500,157.5,2.05,4.15,0,2,2,98.5,97.9,0,1,0,1.13,1.139,0.571,0.568,0.571,0.568,1.0025,1,1,655,0,0,3,0,428.1,145.04,23.622,24.1,49.6,1013.1
2026-09-16T15:44:16,582.2,1,Ronda 1,4,Niquelado Químico Watts,246,300,1.13,DC,30.0,85.0,0.0,0,0.0,95.0,4400,0.0,24.0,0.0,0,0.0,105.0,4800,0.0,24.0,0.0,0,0.0,130.0,6000,0.0,30.0,30.0,1,35.0,120.0,5500,157.5,2.05,4.15,0,2,2,98.5,97.9,0,1,0,1.13,1.135,0.569,0.566,0.569,0.566,1.0025,1,1,655,0,0,3,0,429.23,145.42,23.666,24.1,49.6,1013.1
2026-09-16T15:44:16,583.2,1,Ronda 1,4,Niquelado Químico Watts,247,300,1.13,DC,30.0,85.0,0.0,0,0.0,95.0,4400,0.0,24.0,0.0,0,0.0,105.0,4800,0.0,24.0,0.0,0,0.0,130.0,6000,0.0,30.1,30.0,1,35.0,120.0,5500,157.5,2.05,4.15,0,2,2,98.5,97.9,0,1,0,1.13,1.144,0.573,0.571,0.573,0.571,1.0025,1,1,655,0,0,3,0,430.38,145.81,23.71,24.1,49.6,1013.1
2026-09-16T15:44:16,584.2,1,Ronda 1,4,Niquelado Químico Watts,248,300,1.13,DC,30.0,85.0,0.0,0,0.0,95.0,4400,0.0,24.0,0.0,0,0.0,105.0,4800,0.0,24.0,0.0,0,0.0,130.0,6000,0.0,30.1,30.0,1,35.0,120.0,5500,157.5,2.05,4.15,0,2,2,98.5,97.9,0,1,0,1.13,1.123,0.563,0.56,0.563,0.56,1.0025,1,1,655,0,0,3,0,431.5,146.19,23.754,24.1,49.6,1013.1
2026-09-16T15:44:16,585.2,1,Ronda 1,4,Niquelado Químico Watts,249,300,1.13,DC,30.0,85.0,0.0,0,0.0,95.0,4400,0.0,24.0,0.0,0,0.0,105.0,4800,0.0,24.0,0.0,0,0.0,130.0,6000,0.0,29.8,30.0,1,35.0,120.0,5500,157.5,2.05,4.15,0,2,2,98.5,97.9,0,1,0,1.13,1.128,0.565,0.563,0.565,0.563,1.0025,1,1,655,0,0,3,0,432.63,146.58,23.797,24.1,49.6,1013.1
2026-09-16T15:44:16,586.2,1,Ronda 1,4,Niquelado Químico Watts,250,300,1.13,DC,30.0,85.0,0.0,0,0.0,95.0,4400,0.0,24.0,0.0,0,0.0,105.0,4800,0.0,24.0,0.0,0,0.0,130.0,6000,0.0,30.1,30.0,1,35.0,120.0,5500,157.5,2.05,4.15,0,2,2,98.5,97.9,0,1,0,1.13,1.123,0.562,0.56,0.562,0.56,1.0025,1,1,655,0,0,3,0,433.75,146.96,23.841,24.1,49.6,1013.1
2026-09-16T15:44:16,587.2,1,Ronda 1,4,Niquelado Químico Watts,251,300,1.13,DC,30.0,85.0,0.0,0,0.0,95.0,4400,0.0,24.0,0.0,0,0.0,105.0,4800,0.0,24.0,0.0,0,0.0,130.0,6000,0.0,30.0,30.0,1,35.0,120.0,5500,157.5,2.05,4.15,0,2,2,98.5,97.9,0,1,0,1.13,1.132,0.567,0.565,0.567,0.565,1.0025,1,1,655,0,0,3,0,434.88,147.34,23.885,24.1,49.6,1013.1
2026-09-16T15:44:16,588.2,1,Ronda 1,4,Niquelado Químico Watts,252,300,1.13,DC,30.0,85.0,0.0,0,0.0,95.0,4400,0.0,24.0,0.0,0,0.0,105.0,4800,0.0,24.0,0.0,0,0.0,130.0,6000,0.0,30.2,30.0,1,35.0,120.0,5500,157.5,2.05,4.15,0,2,2,98.5,97.9,0,1,0,1.13,1.124,0.563,0.561,0.563,0.561,1.0025,1,1,655,0,0,3,0,436.01,147.72,23.929,24.1,49.5,1013.1
2026-09-16T15:44:16,589.2,1,Ronda 1,4,Niquelado Químico Watts,253,300,1.13,DC,30.0,85.0,0.0,0,0.0,95.0,4400,0.0,24.0,0.0,0,0.0,105.0,4800,0.0,24.0,0.0,0,0.0,130.0,6000,0.0,29.9,30.0,1,35.0,120.0,5500,157.5,2.05,4.15,0,2,2,98.5,97.9,0,1,0,1.13,1.13,0.566,0.564,0.566,0.564,1.0025,1,1,655,0,0,3,0,437.14,148.1,23.972,24.1,49.5,1013.1
2026-09-16T15:44:16,590.2,1,Ronda 1,4,Niquelado Químico Watts,254,300,1.13,DC,30.0,85.0,0.0,0,0.0,95.0,4400,0.0,24.0,0.0,0,0.0,105.0,4800,0.0,24.0,0.0,0,0.0,130.0,6000,0.0,29.9,30.0,1,35.0,120.0,5500,157.5,2.05,4.15,0,2,2,98.5,97.9,0,1,0,1.13,1.122,0.562,0.56,0.562,0.56,1.0025,1,1,655,0,0,3,0,438.26,148.48,24.016,24.1,49.5,1013.1
2026-09-16T15:44:16,591.2,1,Ronda 1,4,Niquelado Químico Watts,255,300,1.13,DC,30.0,85.0,0.0,0,0.0,95.0,4400,0.0,24.0,0.0,0,0.0,105.0,4800,0.0,24.0,0.0,0,0.0,130.0,6000,0.0,30.3,30.0,1,35.0,120.0,5500,157.5,2.05,4.15,0,2,2,98.5,97.9,0,1,0,1.13,1.128,0.565,0.563,0.565,0.563,1.0025,1,1,655,0,0,3,0,439.39,148.86,24.06,24.1,49.5,1013.1
2026-09-16T15:44:16,592.2,1,Ronda 1,4,Niquelado Químico Watts,256,300,1.13,DC,30.0,85.0,0.0,0,0.0,95.0,4400,0.0,24.0,0.0,0,0.0,105.0,4800,0.0,24.0,0.0,0,0.0,130.0,6000,0.0,29.9,30.0,1,35.0,120.0,5500,157.5,2.05,4.15,0,2,2,98.5,97.9,0,1,0,1.13,1.126,0.564,0.562,0.564,0.562,1.0025,1,1,655,0,0,3,0,440.51,149.25,24.104,24.1,49.5,1013.1
2026-09-16T15:44:16,593.2,1,Ronda 1,4,Niquelado Químico Watts,257,300,1.13,DC,30.0,85.0,0.0,0,0.0,95.0,4400,0.0,24.0,0.0,0,0.0,105.0,4800,0.0,24.0,0.0,0,0.0,130.0,6000,0.0,30.1,30.0,1,35.0,120.0,5500,157.5,2.05,4.15,0,2,2,98.5,97.9,0,1,0,1.13,1.137,0.57,0.567,0.57,0.567,1.0025,1,1,655,0,0,3,0,441.65,149.63,24.147,24.1,49.5,1013.1
2026-09-16T15:44:16,594.2,1,Ronda 1,4,Niquelado Químico Watts,258,300,1.13,DC,30.0,85.0,0.0,0,0.0,95.0,4400,0.0,24.0,0.0,0,0.0,105.0,4800,0.0,24.0,0.0,0,0.0,130.0,6000,0.0,30.0,30.0,1,35.0,120.0,5500,157.5,2.05,4.15,0,2,2,98.5,97.9,0,1,0,1.13,1.143,0.573,0.57,0.573,0.57,1.0025,1,1,655,0,0,3,0,442.79,150.02,24.191,24.1,49.5,1013.1
2026-09-16T15:44:16,595.2,1,Ronda 1,4,Niquelado Químico Watts,259,300,1.13,DC,30.0,85.0,0.0,0,0.0,95.0,4400,0.0,24.0,0.0,0,0.0,105.0,4800,0.0,24.0,0.0,0,0.0,130.0,6000,0.0,29.9,30.0,1,35.0,120.0,5500,157.5,2.05,4.15,0,2,2,98.5,97.9,0,1,0,1.13,1.136,0.569,0.567,0.569,0.567,1.0025,1,1,655,0,0,3,0,443.93,150.4,24.235,24.1,49.5,1013.1
2026-09-16T15:44:16,596.2,1,Ronda 1,4,Niquelado Químico Watts,260,300,1.13,DC,30.0,85.0,0.0,0,0.0,95.0,4400,0.0,24.0,0.0,0,0.0,105.0,4800,0.0,24.0,0.0,0,0.0,130.0,6000,0.0,30.2,30.0,1,35.0,120.0,5500,157.5,2.05,4.15,0,2,2,98.5,97.9,0,1,0,1.13,1.114,0.558,0.556,0.558,0.556,1.0025,1,1,655,0,0,3,0,445.04,150.78,24.279,24.1,49.5,1013.1
2026-09-16T15:44:16,597.2,1,Ronda 1,4,Niquelado Químico Watts,261,300,1.13,DC,30.0,85.0,0.0,0,0.0,95.0,4400,0.0,24.0,0.0,0,0.0,105.0,4800,0.0,24.0,0.0,0,0.0,130.0,6000,0.0,29.8,30.0,1,35.0,120.0,5500,157.5,2.05,4.15,0,2,2,98.5,97.9,0,1,0,1.13,1.136,0.569,0.567,0.569,0.567,1.0025,1,1,655,0,0,3,0,446.18,151.17,24.322,24.1,49.5,1013.1
2026-09-16T15:44:16,598.2,1,Ronda 1,4,Niquelado Químico Watts,262,300,1.13,DC,30.0,85.0,0.0,0,0.0,95.0,4400,0.0,24.0,0.0,0,0.0,105.0,4800,0.0,24.0,0.0,0,0.0,130.0,6000,0.0,30.1,30.0,1,35.0,120.0,5500,157.5,2.05,4.15,0,2,2,98.5,97.9,0,1,0,1.13,1.127,0.564,0.562,0.564,0.562,1.0025,1,1,655,0,0,3,0,447.31,151.55,24.366,24.2,49.5,1013.1
2026-09-16T15:44:16,599.2,1,Ronda 1,4,Niquelado Químico Watts,263,300,1.13,DC,30.0,85.0,0.0,0,0.0,95.0,4400,0.0,24.0,0.0,0,0.0,105.0,4800,0.0,24.0,0.0,0,0.0,130.0,6000,0.0,30.4,30.0,1,35.0,120.0,5500,157.5,2.05,4.15,0,2,2,98.5,97.9,0,1,0,1.13,1.139,0.57,0.568,0.57,0.568,1.0025,1,1,655,0,0,3,0,448.45,151.93,24.41,24.2,49.5,1013.1
2026-09-16T15:44:16,600.2,1,Ronda 1,4,Niquelado Químico Watts,264,300,1.13,DC,30.0,85.0,0.0,0,0.0,95.0,4400,0.0,24.0,0.0,0,0.0,105.0,4800,0.0,24.0,0.0,0,0.0,130.0,6000,0.0,30.1,30.0,1,35.0,120.0,5500,157.5,2.05,4.15,0,2,2,98.5,97.9,0,1,0,1.13,1.127,0.565,0.562,0.565,0.562,1.0025,1,1,655,0,0,3,0,449.57,152.32,24.454,24.2,49.5,1013.1
2026-09-16T15:44:16,601.2,1,Ronda 1,4,Niquelado Químico Watts,265,300,1.13,DC,30.0,85.0,0.0,0,0.0,95.0,4400,0.0,24.0,0.0,0,0.0,105.0,4800,0.0,24.0,0.0,0,0.0,130.0,6000,0.0,29.9,30.0,1,35.0,120.0,5500,157.5,2.05,4.15,0,2,2,98.5,97.9,0,1,0,1.13,1.117,0.56,0.558,0.56,0.558,1.0025,1,1,655,0,0,3,0,450.69,152.69,24.497,24.2,49.5,1013.1
2026-09-16T15:44:16,602.2,1,Ronda 1,4,Niquelado Químico Watts,266,300,1.13,DC,30.0,85.0,0.0,0,0.0,95.0,4400,0.0,24.0,0.0,0,0.0,105.0,4800,0.0,24.0,0.0,0,0.0,130.0,6000,0.0,29.9,30.0,1,35.0,120.0,5500,157.5,2.05,4.15,0,2,2,98.5,97.9,0,1,0,1.13,1.129,0.566,0.563,0.566,0.563,1.0025,1,1,655,0,0,3,0,451.82,153.08,24.541,24.2,49.5,1013.1
2026-09-16T15:44:16,603.2,1,Ronda 1,4,Niquelado Químico Watts,267,300,1.13,DC,30.0,85.0,0.0,0,0.0,95.0,4400,0.0,24.0,0.0,0,0.0,105.0,4800,0.0,24.0,0.0,0,0.0,130.0,6000,0.0,29.9,30.0,1,35.0,120.0,5500,157.5,2.05,4.15,0,2,2,98.5,97.9,0,1,0,1.13,1.13,0.566,0.564,0.566,0.564,1.0025,1,1,655,0,0,3,0,452.95,153.46,24.585,24.2,49.5,1013.1
2026-09-16T15:44:16,604.2,1,Ronda 1,4,Niquelado Químico Watts,268,300,1.13,DC,30.0,85.0,0.0,0,0.0,95.0,4400,0.0,24.0,0.0,0,0.0,105.0,4800,0.0,24.0,0.0,0,0.0,130.0,6000,0.0,30.1,30.0,1,35.0,120.0,5500,157.5,2.05,4.15,0,2,2,98.5,97.9,0,1,0,1.13,1.124,0.563,0.561,0.563,0.561,1.0025,1,1,655,0,0,3,0,454.07,153.84,24.629,24.2,49.5,1013.1
2026-09-16T15:44:16,605.2,1,Ronda 1,4,Niquelado Químico Watts,269,300,1.13,DC,30.0,85.0,0.0,0,0.0,95.0,4400,0.0,24.0,0.0,0,0.0,105.0,4800,0.0,24.0,0.0,0,0.0,130.0,6000,0.0,29.7,30.0,1,35.0,120.0,5500,157.5,2.05,4.15,0,2,2,98.5,97.9,0,1,0,1.13,1.13,0.566,0.564,0.566,0.564,1.0025,1,1,655,0,0,3,0,455.2,154.22,24.672,24.2,49.5,1013.1
2026-09-16T15:44:16,606.2,1,Ronda 1,4,Niquelado Químico Watts,270,300,1.13,DC,30.0,85.0,0.0,0,0.0,95.0,4400,0.0,24.0,0.0,0,0.0,105.0,4800,0.0,24.0,0.0,0,0.0,130.0,6000,0.0,29.8,30.0,1,35.0,120.0,5500,157.5,2.05,4.15,0,2,2,98.5,97.9,0,1,0,1.13,1.116,0.559,0.557,0.559,0.557,1.0025,1,1,655,0,0,3,0,456.32,154.6,24.716,24.2,49.5,1013.1
2026-09-16T15:44:16,607.2,1,Ronda 1,4,Niquelado Químico Watts,271,300,1.13,DC,30.0,85.0,0.0,0,0.0,95.0,4400,0.0,24.0,0.0,0,0.0,105.0,4800,0.0,24.0,0.0,0,0.0,130.0,6000,0.0,30.0,30.0,1,35.0,120.0,5500,157.5,2.05,4.15,0,2,2,98.5,97.9,0,1,0,1.13,1.129,0.566,0.564,0.566,0.564,1.0025,1,1,655,0,0,3,0,457.45,154.98,24.76,24.2,49.5,1013.1
2026-09-16T15:44:16,608.2,1,Ronda 1,4,Niquelado Químico Watts,272,300,1.13,DC,30.0,85.0,0.0,0,0.0,95.0,4400,0.0,24.0,0.0,0,0.0,105.0,4800,0.0,24.0,0.0,0,0.0,130.0,6000,0.0,29.9,30.0,1,35.0,120.0,5500,157.5,2.05,4.15,0,2,2,98.5,97.9,0,1,0,1.13,1.136,0.569,0.567,0.569,0.567,1.0025,1,1,655,0,0,3,0,458.59,155.37,24.804,24.2,49.5,1013.1
2026-09-16T15:44:16,609.2,1,Ronda 1,4,Niquelado Químico Watts,273,300,1.13,DC,30.0,85.0,0.0,0,0.0,95.0,4400,0.0,24.0,0.0,0,0.0,105.0,4800,0.0,24.0,0.0,0,0.0,130.0,6000,0.0,29.9,30.0,1,35.0,120.0,5500,157.5,2.05,4.15,0,2,2,98.5,97.9,0,1,0,1.13,1.133,0.568,0.565,0.568,0.565,1.0025,1,1,655,0,0,3,0,459.72,155.75,24.847,24.2,49.5,1013.1
2026-09-16T15:44:16,610.2,1,Ronda 1,4,Niquelado Químico Watts,274,300,1.13,DC,30.0,85.0,0.0,0,0.0,95.0,4400,0.0,24.0,0.0,0,0.0,105.0,4800,0.0,24.0,0.0,0,0.0,130.0,6000,0.0,30.1,30.0,1,35.0,120.0,5500,157.5,2.05,4.15,0,2,2,98.5,97.9,0,1,0,1.13,1.121,0.562,0.56,0.562,0.56,1.0025,1,1,655,0,0,3,0,460.84,156.13,24.891,24.2,49.5,1013.1
2026-09-16T15:44:16,611.2,1,Ronda 1,4,Niquelado Químico Watts,275,300,1.13,DC,30.0,85.0,0.0,0,0.0,95.0,4400,0.0,24.0,0.0,0,0.0,105.0,4800,0.0,24.0,0.0,0,0.0,130.0,6000,0.0,30.1,30.0,1,35.0,120.0,5500,157.5,2.05,4.15,0,2,2,98.5,97.9,0,1,0,1.13,1.121,0.562,0.56,0.562,0.56,1.0025,1,1,655,0,0,3,0,461.96,156.51,24.935,24.2,49.5,1013.1
2026-09-16T15:44:16,612.2,1,Ronda 1,4,Niquelado Químico Watts,276,300,1.13,DC,30.0,85.0,0.0,0,0.0,95.0,4400,0.0,24.0,0.0,0,0.0,105.0,4800,0.0,24.0,0.0,0,0.0,130.0,6000,0.0,30.1,30.0,1,35.0,120.0,5500,157.5,2.05,4.15,0,2,2,98.5,97.9,0,1,0,1.13,1.119,0.56,0.558,0.56,0.558,1.0025,1,1,655,0,0,3,0,463.08,156.89,24.979,24.2,49.4,1013.1
2026-09-16T15:44:16,613.2,1,Ronda 1,4,Niquelado Químico Watts,277,300,1.13,DC,30.0,85.0,0.0,0,0.0,95.0,4400,0.0,24.0,0.0,0,0.0,105.0,4800,0.0,24.0,0.0,0,0.0,130.0,6000,0.0,30.0,30.0,1,35.0,120.0,5500,157.5,2.05,4.15,0,2,2,98.5,97.9,0,1,0,1.13,1.14,0.571,0.569,0.571,0.569,1.0025,1,1,655,0,0,3,0,464.22,157.28,25.022,24.2,49.4,1013.1
2026-09-16T15:44:16,614.2,1,Ronda 1,4,Niquelado Químico Watts,278,300,1.13,DC,30.0,85.0,0.0,0,0.0,95.0,4400,0.0,24.0,0.0,0,0.0,105.0,4800,0.0,24.0,0.0,0,0.0,130.0,6000,0.0,29.9,30.0,1,35.0,120.0,5500,157.5,2.05,4.15,0,2,2,98.5,97.9,0,1,0,1.13,1.137,0.57,0.567,0.57,0.567,1.0025,1,1,655,0,0,3,0,465.36,157.66,25.066,24.2,49.4,1013.1
2026-09-16T15:44:16,615.2,1,Ronda 1,4,Niquelado Químico Watts,279,300,1.13,DC,30.0,85.0,0.0,0,0.0,95.0,4400,0.0,24.0,0.0,0,0.0,105.0,4800,0.0,24.0,0.0,0,0.0,130.0,6000,0.0,30.1,30.0,1,35.0,120.0,5500,157.5,2.05,4.15,0,2,2,98.5,97.9,0,1,0,1.13,1.131,0.566,0.564,0.566,0.564,1.0025,1,1,655,0,0,3,0,466.49,158.05,25.11,24.2,49.4,1013.1
2026-09-16T15:44:16,616.2,1,Ronda 1,4,Niquelado Químico Watts,280,300,1.13,DC,30.0,85.0,0.0,0,0.0,95.0,4400,0.0,24.0,0.0,0,0.0,105.0,4800,0.0,24.0,0.0,0,0.0,130.0,6000,0.0,29.8,30.0,1,35.0,120.0,5500,157.5,2.05,4.15,0,2,2,98.5,97.9,0,1,0,1.13,1.133,0.568,0.565,0.568,0.565,1.0025,1,1,655,0,0,3,0,467.62,158.43,25.154,24.2,49.4,1013.1
2026-09-16T15:44:16,617.2,1,Ronda 1,4,Niquelado Químico Watts,281,300,1.13,DC,30.0,85.0,0.0,0,0.0,95.0,4400,0.0,24.0,0.0,0,0.0,105.0,4800,0.0,24.0,0.0,0,0.0,130.0,6000,0.0,29.8,30.0,1,35.0,120.0,5500,157.5,2.05,4.15,0,2,2,98.5,97.9,0,1,0,1.13,1.133,0.568,0.566,0.568,0.566,1.0025,1,1,655,0,0,3,0,468.75,158.81,25.197,24.2,49.4,1013.1
2026-09-16T15:44:16,618.2,1,Ronda 1,4,Niquelado Químico Watts,282,300,1.13,DC,30.0,85.0,0.0,0,0.0,95.0,4400,0.0,24.0,0.0,0,0.0,105.0,4800,0.0,24.0,0.0,0,0.0,130.0,6000,0.0,29.9,30.0,1,35.0,120.0,5500,157.5,2.05,4.15,0,2,2,98.5,97.9,0,1,0,1.13,1.129,0.566,0.564,0.566,0.564,1.0025,1,1,655,0,0,3,0,469.88,159.2,25.241,24.2,49.4,1013.1
2026-09-16T15:44:16,619.2,1,Ronda 1,4,Niquelado Químico Watts,283,300,1.13,DC,30.0,85.0,0.0,0,0.0,95.0,4400,0.0,24.0,0.0,0,0.0,105.0,4800,0.0,24.0,0.0,0,0.0,130.0,6000,0.0,29.9,30.0,1,35.0,120.0,5500,157.5,2.05,4.15,0,2,2,98.5,97.9,0,1,0,1.13,1.118,0.56,0.558,0.56,0.558,1.0025,1,1,655,0,0,3,0,471.0,159.58,25.285,24.3,49.4,1013.1
2026-09-16T15:44:16,620.2,1,Ronda 1,4,Niquelado Químico Watts,284,300,1.13,DC,30.0,85.0,0.0,0,0.0,95.0,4400,0.0,24.0,0.0,0,0.0,105.0,4800,0.0,24.0,0.0,0,0.0,130.0,6000,0.0,29.8,30.0,1,35.0,120.0,5500,157.5,2.05,4.15,0,2,2,98.5,97.9,0,1,0,1.13,1.141,0.572,0.569,0.572,0.569,1.0025,1,1,655,0,0,3,0,472.14,159.96,25.329,24.3,49.4,1013.1
2026-09-16T15:44:16,621.2,1,Ronda 1,4,Niquelado Químico Watts,285,300,1.13,DC,30.0,85.0,0.0,0,0.0,95.0,4400,0.0,24.0,0.0,0,0.0,105.0,4800,0.0,24.0,0.0,0,0.0,130.0,6000,0.0,29.8,30.0,1,35.0,120.0,5500,157.5,2.05,4.15,0,2,2,98.5,97.9,0,1,0,1.13,1.125,0.563,0.561,0.563,0.561,1.0025,1,1,655,0,0,3,0,473.27,160.34,25.372,24.3,49.4,1013.1
2026-09-16T15:44:16,622.2,1,Ronda 1,4,Niquelado Químico Watts,286,300,1.13,DC,30.0,85.0,0.0,0,0.0,95.0,4400,0.0,24.0,0.0,0,0.0,105.0,4800,0.0,24.0,0.0,0,0.0,130.0,6000,0.0,29.9,30.0,1,35.0,120.0,5500,157.5,2.05,4.15,0,2,2,98.5,97.9,0,1,0,1.13,1.128,0.565,0.563,0.565,0.563,1.0025,1,1,655,0,0,3,0,474.4,160.73,25.416,24.3,49.4,1013.1
2026-09-16T15:44:16,623.2,1,Ronda 1,4,Niquelado Químico Watts,287,300,1.13,DC,30.0,85.0,0.0,0,0.0,95.0,4400,0.0,24.0,0.0,0,0.0,105.0,4800,0.0,24.0,0.0,0,0.0,130.0,6000,0.0,30.2,30.0,1,35.0,120.0,5500,157.5,2.05,4.15,0,2,2,98.5,97.9,0,1,0,1.13,1.139,0.571,0.568,0.571,0.568,1.0025,1,1,655,0,0,3,0,475.53,161.11,25.46,24.3,49.4,1013.1
2026-09-16T15:44:16,624.2,1,Ronda 1,4,Niquelado Químico Watts,288,300,1.13,DC,30.0,85.0,0.0,0,0.0,95.0,4400,0.0,24.0,0.0,0,0.0,105.0,4800,0.0,24.0,0.0,0,0.0,130.0,6000,0.0,30.1,30.0,1,35.0,120.0,5500,157.5,2.05,4.15,0,2,2,98.5,97.9,0,1,0,1.13,1.124,0.563,0.561,0.563,0.561,1.0025,1,1,655,0,0,3,0,476.66,161.49,25.504,24.3,49.4,1013.1
2026-09-16T15:44:16,625.2,1,Ronda 1,4,Niquelado Químico Watts,289,300,1.13,DC,30.0,85.0,0.0,0,0.0,95.0,4400,0.0,24.0,0.0,0,0.0,105.0,4800,0.0,24.0,0.0,0,0.0,130.0,6000,0.0,29.8,30.0,1,35.0,120.0,5500,157.5,2.05,4.15,0,2,2,98.5,97.9,0,1,0,1.13,1.128,0.565,0.563,0.565,0.563,1.0025,1,1,655,0,0,3,0,477.79,161.87,25.547,24.3,49.4,1013.1
2026-09-16T15:44:16,626.2,1,Ronda 1,4,Niquelado Químico Watts,290,300,1.13,DC,30.0,85.0,0.0,0,0.0,95.0,4400,0.0,24.0,0.0,0,0.0,105.0,4800,0.0,24.0,0.0,0,0.0,130.0,6000,0.0,29.9,30.0,1,35.0,120.0,5500,157.5,2.05,4.15,0,2,2,98.5,97.9,0,1,0,1.13,1.124,0.563,0.561,0.563,0.561,1.0025,1,1,655,0,0,3,0,478.91,162.25,25.591,24.3,49.4,1013.1
2026-09-16T15:44:16,627.2,1,Ronda 1,4,Niquelado Químico Watts,291,300,1.13,DC,30.0,85.0,0.0,0,0.0,95.0,4400,0.0,24.0,0.0,0,0.0,105.0,4800,0.0,24.0,0.0,0,0.0,130.0,6000,0.0,30.3,30.0,1,35.0,120.0,5500,157.5,2.05,4.15,0,2,2,98.5,97.9,0,1,0,1.13,1.129,0.566,0.564,0.566,0.564,1.0025,1,1,655,0,0,3,0,480.04,162.64,25.635,24.3,49.4,1013.1
2026-09-16T15:44:16,628.2,1,Ronda 1,4,Niquelado Químico Watts,292,300,1.13,DC,30.0,85.0,0.0,0,0.0,95.0,4400,0.0,24.0,0.0,0,0.0,105.0,4800,0.0,24.0,0.0,0,0.0,130.0,6000,0.0,30.0,30.0,1,35.0,120.0,5500,157.5,2.05,4.15,0,2,2,98.5,97.9,0,1,0,1.13,1.141,0.572,0.569,0.572,0.569,1.0025,1,1,655,0,0,3,0,481.18,163.02,25.679,24.3,49.4,1013.1
2026-09-16T15:44:16,629.2,1,Ronda 1,4,Niquelado Químico Watts,293,300,1.13,DC,30.0,85.0,0.0,0,0.0,95.0,4400,0.0,24.0,0.0,0,0.0,105.0,4800,0.0,24.0,0.0,0,0.0,130.0,6000,0.0,29.8,30.0,1,35.0,120.0,5500,157.5,2.05,4.15,0,2,2,98.5,97.9,0,1,0,1.13,1.126,0.564,0.562,0.564,0.562,1.0025,1,1,655,0,0,3,0,482.31,163.41,25.722,24.3,49.4,1013.1
2026-09-16T15:44:16,630.2,1,Ronda 1,4,Niquelado Químico Watts,294,300,1.13,DC,30.0,85.0,0.0,0,0.0,95.0,4400,0.0,24.0,0.0,0,0.0,105.0,4800,0.0,24.0,0.0,0,0.0,130.0,6000,0.0,29.8,30.0,1,35.0,120.0,5500,157.5,2.05,4.15,0,2,2,98.5,97.9,0,1,0,1.13,1.128,0.565,0.563,0.565,0.563,1.0025,1,1,655,0,0,3,0,483.43,163.79,25.766,24.3,49.4,1013.1
2026-09-16T15:44:16,631.2,1,Ronda 1,4,Niquelado Químico Watts,295,300,1.13,DC,30.0,85.0,0.0,0,0.0,95.0,4400,0.0,24.0,0.0,0,0.0,105.0,4800,0.0,24.0,0.0,0,0.0,130.0,6000,0.0,29.9,30.0,1,35.0,120.0,5500,157.5,2.05,4.15,0,2,2,98.5,97.9,0,1,0,1.13,1.129,0.566,0.563,0.566,0.563,1.0025,1,1,655,0,0,3,0,484.56,164.17,25.81,24.3,49.4,1013.1
2026-09-16T15:44:16,632.2,1,Ronda 1,4,Niquelado Químico Watts,296,300,1.13,DC,30.0,85.0,0.0,0,0.0,95.0,4400,0.0,24.0,0.0,0,0.0,105.0,4800,0.0,24.0,0.0,0,0.0,130.0,6000,0.0,29.7,30.0,1,35.0,120.0,5500,157.5,2.05,4.15,0,2,2,98.5,97.9,0,1,0,1.13,1.14,0.571,0.569,0.571,0.569,1.0025,1,1,655,0,0,3,0,485.7,164.56,25.854,24.3,49.4,1013.1
2026-09-16T15:44:16,633.2,1,Ronda 1,4,Niquelado Químico Watts,297,300,1.13,DC,30.0,85.0,0.0,0,0.0,95.0,4400,0.0,24.0,0.0,0,0.0,105.0,4800,0.0,24.0,0.0,0,0.0,130.0,6000,0.0,30.1,30.0,1,35.0,120.0,5500,157.5,2.05,4.15,0,2,2,98.5,97.9,0,1,0,1.13,1.125,0.563,0.561,0.563,0.561,1.0025,1,1,655,0,0,3,0,486.83,164.94,25.897,24.3,49.4,1013.1
2026-09-16T15:44:16,634.2,1,Ronda 1,4,Niquelado Químico Watts,298,300,1.13,DC,30.0,85.0,0.0,0,0.0,95.0,4400,0.0,24.0,0.0,0,0.0,105.0,4800,0.0,24.0,0.0,0,0.0,130.0,6000,0.0,30.2,30.0,1,35.0,120.0,5500,157.5,2.05,4.15,0,2,2,98.5,97.9,0,1,0,1.13,1.137,0.57,0.568,0.57,0.568,1.0025,1,1,655,0,0,3,0,487.97,165.32,25.941,24.3,49.4,1013.1
2026-09-16T15:44:16,635.2,1,Ronda 1,4,Niquelado Químico Watts,299,300,1.13,DC,30.0,85.0,0.0,0,0.0,95.0,4400,0.0,24.0,0.0,0,0.0,105.0,4800,0.0,24.0,0.0,0,0.0,130.0,6000,0.0,30.1,30.0,1,35.0,120.0,5500,157.5,2.05,4.15,0,2,2,98.5,97.9,0,1,0,1.13,1.116,0.559,0.557,0.559,0.557,1.0025,1,1,655,0,0,3,0,489.08,165.7,25.985,24.3,49.4,1013.1
