Timestamp_ISO,Tiempo_Relativo_s,Placa_ID,Ronda,Etapa_Num,Etapa_Nombre,Etapa_Tiempo_s,Etapa_Duracion_s,Corriente_Target_A,Modo_Corriente,Temp_SP_Target_C,T1_Limpieza_Temp_C,T1_Limpieza_SP_C,T1_Limpieza_Activo,T1_TRIAC_Potencia_Pct,T1_TRIAC_Alpha_Deg,T1_TRIAC_Delay_us,T1_TRIAC_Watts_W,T2_Decapado_Temp_C,T2_Decapado_SP_C,T2_Decapado_Activo,T2_TRIAC_Potencia_Pct,T2_TRIAC_Alpha_Deg,T2_TRIAC_Delay_us,T2_TRIAC_Watts_W,T3_CeldaHull_Temp_C,T3_CeldaHull_SP_C,T3_CeldaHull_Activo,T3_TRIAC_Potencia_Pct,T3_TRIAC_Alpha_Deg,T3_TRIAC_Delay_us,T3_TRIAC_Watts_W,T4_Niquelado_Temp_C,T4_Niquelado_SP_C,T4_Niquelado_Activo,T4_TRIAC_Potencia_Pct,T4_TRIAC_Alpha_Deg,T4_TRIAC_Delay_us,T4_TRIAC_Watts_W,pH_Tina1,pH_Tina2,pH_Modulo_Activo,pH_Modo_Cal_T1,pH_Modo_Cal_T2,pH_Slope_Pct_T1,pH_Slope_Pct_T2,pH_Interlock_Activo,Fuente_Activa,Fuente_Modo_Pulsado,Fuente_Corriente_Consigna_A,Fuente_Corriente_Real_A,Fuente_Corriente_Shunt1_A,Fuente_Corriente_Shunt2_A,Fuente_Voltaje_Shunt1_V,Fuente_Voltaje_Shunt2_V,Fuente_Factor_Gm,Fuente_Compensacion_Activa,Fuente_Rele_VDD,Fuente_Amplitud_DAC,Fuente_Frecuencia_Hz,Fuente_DutyCycle_Pct,Fuente_PI_Estado,Fuente_Salud_Celda,Carga_Acumulada_Coulombs,Masa_Teorica_Faraday_mg,Energia_Termica_Wh,Ambiente_Temp_C,Ambiente_Humedad_Pct,Ambiente_Presion_hPa
2026-09-16T15:44:06,1.0,1,Ronda 1,1,Limpieza Química,0,120,0.0,DC,85.0,84.9,85.0,1,55.0,95.0,4400,247.5,24.0,0.0,0,0.0,105.0,4800,0.0,24.0,0.0,0,0.0,130.0,6000,0.0,24.0,0.0,0,0.0,120.0,5500,0.0,2.05,4.15,0,2,2,98.5,97.9,0,0,0,0.0,0.0,0.0,0.0,0.0,0.0,1.0025,1,0,0,0,0,0,0,0.0,0.0,0.069,24.3,52.0,1013.1
2026-09-16T15:44:06,2.0,1,Ronda 1,1,Limpieza Química,1,120,0.0,DC,85.0,85.1,85.0,1,55.0,95.0,4400,247.5,24.0,0.0,0,0.0,105.0,4800,0.0,24.0,0.0,0,0.0,130.0,6000,0.0,24.0,0.0,0,0.0,120.0,5500,0.0,2.05,4.15,0,2,2,98.5,97.9,0,0,0,0.0,0.0,0.0,0.0,0.0,0.0,1.0025,1,0,0,0,0,0,0,0.0,0.0,0.138,24.3,52.0,1013.1
2026-09-16T15:44:06,3.0,1,Ronda 1,1,Limpieza Química,2,120,0.0,DC,85.0,85.0,85.0,1,55.0,95.0,4400,247.5,24.0,0.0,0,0.0,105.0,4800,0.0,24.0,0.0,0,0.0,130.0,6000,0.0,24.0,0.0,0,0.0,120.0,5500,0.0,2.05,4.15,0,2,2,98.5,97.9,0,0,0,0.0,0.0,0.0,0.0,0.0,0.0,1.0025,1,0,0,0,0,0,0,0.0,0.0,0.206,24.3,52.0,1013.1
2026-09-16T15:44:06,4.0,1,Ronda 1,1,Limpieza Química,3,120,0.0,DC,85.0,85.1,85.0,1,55.0,95.0,4400,247.5,24.0,0.0,0,0.0,105.0,4800,0.0,24.0,0.0,0,0.0,130.0,6000,0.0,24.0,0.0,0,0.0,120.0,5500,0.0,2.05,4.15,0,2,2,98.5,97.9,0,0,0,0.0,0.0,0.0,0.0,0.0,0.0,1.0025,1,0,0,0,0,0,0,0.0,0.0,0.275,24.3,52.0,1013.1
2026-09-16T15:44:06,5.0,1,Ronda 1,1,Limpieza Química,4,120,0.0,DC,85.0,85.1,85.0,1,55.0,95.0,4400,247.5,24.0,0.0,0,0.0,105.0,4800,0.0,24.0,0.0,0,0.0,130.0,6000,0.0,24.0,0.0,0,0.0,120.0,5500,0.0,2.05,4.15,0,2,2,98.5,97.9,0,0,0,0.0,0.0,0.0,0.0,0.0,0.0,1.0025,1,0,0,0,0,0,0,0.0,0.0,0.344,24.3,52.0,1013.1
2026-09-16T15:44:06,6.0,1,Ronda 1,1,Limpieza Química,5,120,0.0,DC,85.0,84.5,85.0,1,55.0,95.0,4400,247.5,24.0,0.0,0,0.0,105.0,4800,0.0,24.0,0.0,0,0.0,130.0,6000,0.0,24.0,0.0,0,0.0,120.0,5500,0.0,2.05,4.15,0,2,2,98.5,97.9,0,0,0,0.0,0.0,0.0,0.0,0.0,0.0,1.0025,1,0,0,0,0,0,0,0.0,0.0,0.412,24.3,52.0,1013.1
2026-09-16T15:44:06,7.0,1,Ronda 1,1,Limpieza Química,6,120,0.0,DC,85.0,85.0,85.0,1,55.0,95.0,4400,247.5,24.0,0.0,0,0.0,105.0,4800,0.0,24.0,0.0,0,0.0,130.0,6000,0.0,24.0,0.0,0,0.0,120.0,5500,0.0,2.05,4.15,0,2,2,98.5,97.9,0,0,0,0.0,0.0,0.0,0.0,0.0,0.0,1.0025,1,0,0,0,0,0,0,0.0,0.0,0.481,24.3,52.0,1013.1
2026-09-16T15:44:06,8.0,1,Ronda 1,1,Limpieza Química,7,120,0.0,DC,85.0,84.6,85.0,1,55.0,95.0,4400,247.5,24.0,0.0,0,0.0,105.0,4800,0.0,24.0,0.0,0,0.0,130.0,6000,0.0,24.0,0.0,0,0.0,120.0,5500,0.0,2.05,4.15,0,2,2,98.5,97.9,0,0,0,0.0,0.0,0.0,0.0,0.0,0.0,1.0025,1,0,0,0,0,0,0,0.0,0.0,0.55,24.3,52.0,1013.1
2026-09-16T15:44:06,9.0,1,Ronda 1,1,Limpieza Química,8,120,0.0,DC,85.0,85.0,85.0,1,55.0,95.0,4400,247.5,24.0,0.0,0,0.0,105.0,4800,0.0,24.0,0.0,0,0.0,130.0,6000,0.0,24.0,0.0,0,0.0,120.0,5500,0.0,2.05,4.15,0,2,2,98.5,97.9,0,0,0,0.0,0.0,0.0,0.0,0.0,0.0,1.0025,1,0,0,0,0,0,0,0.0,0.0,0.619,24.3,52.0,1013.1
2026-09-16T15:44:06,10.0,1,Ronda 1,1,Limpieza Química,9,120,0.0,DC,85.0,84.8,85.0,1,55.0,95.0,4400,247.5,24.0,0.0,0,0.0,105.0,4800,0.0,24.0,0.0,0,0.0,130.0,6000,0.0,24.0,0.0,0,0.0,120.0,5500,0.0,2.05,4.15,0,2,2,98.5,97.9,0,0,0,0.0,0.0,0.0,0.0,0.0,0.0,1.0025,1,0,0,0,0,0,0,0.0,0.0,0.687,24.3,52.0,1013.1
2026-09-16T15:44:06,11.0,1,Ronda 1,1,Limpieza Química,10,120,0.0,DC,85.0,85.1,85.0,1,55.0,95.0,4400,247.5,24.0,0.0,0,0.0,105.0,4800,0.0,24.0,0.0,0,0.0,130.0,6000,0.0,24.0,0.0,0,0.0,120.0,5500,0.0,2.05,4.15,0,2,2,98.5,97.9,0,0,0,0.0,0.0,0.0,0.0,0.0,0.0,1.0025,1,0,0,0,0,0,0,0.0,0.0,0.756,24.4,52.0,1013.1
2026-09-16T15:44:06,12.0,1,Ronda 1,1,Limpieza Química,11,120,0.0,DC,85.0,85.3,85.0,1,55.0,95.0,4400,247.5,24.0,0.0,0,0.0,105.0,4800,0.0,24.0,0.0,0,0.0,130.0,6000,0.0,24.0,0.0,0,0.0,120.0,5500,0.0,2.05,4.15,0,2,2,98.5,97.9,0,0,0,0.0,0.0,0.0,0.0,0.0,0.0,1.0025,1,0,0,0,0,0,0,0.0,0.0,0.825,24.4,52.0,1013.1
2026-09-16T15:44:06,13.0,1,Ronda 1,1,Limpieza Química,12,120,0.0,DC,85.0,84.9,85.0,1,55.0,95.0,4400,247.5,24.0,0.0,0,0.0,105.0,4800,0.0,24.0,0.0,0,0.0,130.0,6000,0.0,24.0,0.0,0,0.0,120.0,5500,0.0,2.05,4.15,0,2,2,98.5,97.9,0,0,0,0.0,0.0,0.0,0.0,0.0,0.0,1.0025,1,0,0,0,0,0,0,0.0,0.0,0.894,24.4,51.9,1013.1
2026-09-16T15:44:06,14.0,1,Ronda 1,1,Limpieza Química,13,120,0.0,DC,85.0,84.9,85.0,1,55.0,95.0,4400,247.5,24.0,0.0,0,0.0,105.0,4800,0.0,24.0,0.0,0,0.0,130.0,6000,0.0,24.0,0.0,0,0.0,120.0,5500,0.0,2.05,4.15,0,2,2,98.5,97.9,0,0,0,0.0,0.0,0.0,0.0,0.0,0.0,1.0025,1,0,0,0,0,0,0,0.0,0.0,0.962,24.4,51.9,1013.1
2026-09-16T15:44:06,15.0,1,Ronda 1,1,Limpieza Química,14,120,0.0,DC,85.0,84.9,85.0,1,55.0,95.0,4400,247.5,24.0,0.0,0,0.0,105.0,4800,0.0,24.0,0.0,0,0.0,130.0,6000,0.0,24.0,0.0,0,0.0,120.0,5500,0.0,2.05,4.15,0,2,2,98.5,97.9,0,0,0,0.0,0.0,0.0,0.0,0.0,0.0,1.0025,1,0,0,0,0,0,0,0.0,0.0,1.031,24.4,51.9,1013.1
2026-09-16T15:44:06,16.0,1,Ronda 1,1,Limpieza Química,15,120,0.0,DC,85.0,85.3,85.0,1,55.0,95.0,4400,247.5,24.0,0.0,0,0.0,105.0,4800,0.0,24.0,0.0,0,0.0,130.0,6000,0.0,24.0,0.0,0,0.0,120.0,5500,0.0,2.05,4.15,0,2,2,98.5,97.9,0,0,0,0.0,0.0,0.0,0.0,0.0,0.0,1.0025,1,0,0,0,0,0,0,0.0,0.0,1.1,24.4,51.9,1013.1
2026-09-16T15:44:06,17.0,1,Ronda 1,1,Limpieza Química,16,120,0.0,DC,85.0,84.6,85.0,1,55.0,95.0,4400,247.5,24.0,0.0,0,0.0,105.0,4800,0.0,24.0,0.0,0,0.0,130.0,6000,0.0,24.0,0.0,0,0.0,120.0,5500,0.0,2.05,4.15,0,2,2,98.5,97.9,0,0,0,0.0,0.0,0.0,0.0,0.0,0.0,1.0025,1,0,0,0,0,0,0,0.0,0.0,1.169,24.4,51.9,1013.1
2026-09-16T15:44:06,18.0,1,Ronda 1,1,Limpieza Química,17,120,0.0,DC,85.0,85.1,85.0,1,55.0,95.0,4400,247.5,24.0,0.0,0,0.0,105.0,4800,0.0,24.0,0.0,0,0.0,130.0,6000,0.0,24.0,0.0,0,0.0,120.0,5500,0.0,2.05,4.15,0,2,2,98.5,97.9,0,0,0,0.0,0.0,0.0,0.0,0.0,0.0,1.0025,1,0,0,0,0,0,0,0.0,0.0,1.238,24.4,51.9,1013.1
2026-09-16T15:44:06,19.0,1,Ronda 1,1,Limpieza Química,18,120,0.0,DC,85.0,85.1,85.0,1,55.0,95.0,4400,247.5,24.0,0.0,0,0.0,105.0,4800,0.0,24.0,0.0,0,0.0,130.0,6000,0.0,24.0,0.0,0,0.0,120.0,5500,0.0,2.05,4.15,0,2,2,98.5,97.9,0,0,0,0.0,0.0,0.0,0.0,0.0,0.0,1.0025,1,0,0,0,0,0,0,0.0,0.0,1.306,24.4,51.9,1013.1
2026-09-16T15:44:06,20.0,1,Ronda 1,1,Limpieza Química,19,120,0.0,DC,85.0,84.7,85.0,1,55.0,95.0,4400,247.5,24.0,0.0,0,0.0,105.0,4800,0.0,24.0,0.0,0,0.0,130.0,6000,0.0,24.0,0.0,0,0.0,120.0,5500,0.0,2.05,4.15,0,2,2,98.5,97.9,0,0,0,0.0,0.0,0.0,0.0,0.0,0.0,1.0025,1,0,0,0,0,0,0,0.0,0.0,1.375,24.4,51.9,1013.1
2026-09-16T15:44:06,21.0,1,Ronda 1,1,Limpieza Química,20,120,0.0,DC,85.0,84.7,85.0,1,55.0,95.0,4400,247.5,24.0,0.0,0,0.0,105.0,4800,0.0,24.0,0.0,0,0.0,130.0,6000,0.0,24.0,0.0,0,0.0,120.0,5500,0.0,2.05,4.15,0,2,2,98.5,97.9,0,0,0,0.0,0.0,0.0,0.0,0.0,0.0,1.0025,1,0,0,0,0,0,0,0.0,0.0,1.444,24.4,51.9,1013.1
2026-09-16T15:44:06,22.0,1,Ronda 1,1,Limpieza Química,21,120,0.0,DC,85.0,85.2,85.0,1,55.0,95.0,4400,247.5,24.0,0.0,0,0.0,105.0,4800,0.0,24.0,0.0,0,0.0,130.0,6000,0.0,24.0,0.0,0,0.0,120.0,5500,0.0,2.05,4.15,0,2,2,98.5,97.9,0,0,0,0.0,0.0,0.0,0.0,0.0,0.0,1.0025,1,0,0,0,0,0,0,0.0,0.0,1.513,24.4,51.9,1013.1
2026-09-16T15:44:06,23.0,1,Ronda 1,1,Limpieza Química,22,120,0.0,DC,85.0,84.8,85.0,1,55.0,95.0,4400,247.5,24.0,0.0,0,0.0,105.0,4800,0.0,24.0,0.0,0,0.0,130.0,6000,0.0,24.0,0.0,0,0.0,120.0,5500,0.0,2.05,4.15,0,2,2,98.5,97.9,0,0,0,0.0,0.0,0.0,0.0,0.0,0.0,1.0025,1,0,0,0,0,0,0,0.0,0.0,1.581,24.4,51.9,1013.1
2026-09-16T15:44:06,24.0,1,Ronda 1,1,Limpieza Química,23,120,0.0,DC,85.0,85.0,85.0,1,55.0,95.0,4400,247.5,24.0,0.0,0,0.0,105.0,4800,0.0,24.0,0.0,0,0.0,130.0,6000,0.0,24.0,0.0,0,0.0,120.0,5500,0.0,2.05,4.15,0,2,2,98.5,97.9,0,0,0,0.0,0.0,0.0,0.0,0.0,0.0,1.0025,1,0,0,0,0,0,0,0.0,0.0,1.65,24.4,51.9,1013.1
2026-09-16T15:44:06,25.0,1,Ronda 1,1,Limpieza Química,24,120,0.0,DC,85.0,84.8,85.0,1,55.0,95.0,4400,247.5,24.0,0.0,0,0.0,105.0,4800,0.0,24.0,0.0,0,0.0,130.0,6000,0.0,24.0,0.0,0,0.0,120.0,5500,0.0,2.05,4.15,0,2,2,98.5,97.9,0,0,0,0.0,0.0,0.0,0.0,0.0,0.0,1.0025,1,0,0,0,0,0,0,0.0,0.0,1.719,24.4,51.9,1013.1
2026-09-16T15:44:06,26.0,1,Ronda 1,1,Limpieza Química,25,120,0.0,DC,85.0,85.3,85.0,1,55.0,95.0,4400,247.5,24.0,0.0,0,0.0,105.0,4800,0.0,24.0,0.0,0,0.0,130.0,6000,0.0,24.0,0.0,0,0.0,120.0,5500,0.0,2.05,4.15,0,2,2,98.5,97.9,0,0,0,0.0,0.0,0.0,0.0,0.0,0.0,1.0025,1,0,0,0,0,0,0,0.0,0.0,1.788,24.4,51.9,1013.1
2026-09-16T15:44:06,27.0,1,Ronda 1,1,Limpieza Química,26,120,0.0,DC,85.0,85.2,85.0,1,55.0,95.0,4400,247.5,24.0,0.0,0,0.0,105.0,4800,0.0,24.0,0.0,0,0.0,130.0,6000,0.0,24.0,0.0,0,0.0,120.0,5500,0.0,2.05,4.15,0,2,2,98.5,97.9,0,0,0,0.0,0.0,0.0,0.0,0.0,0.0,1.0025,1,0,0,0,0,0,0,0.0,0.0,1.856,24.4,51.9,1013.1
2026-09-16T15:44:06,28.0,1,Ronda 1,1,Limpieza Química,27,120,0.0,DC,85.0,85.1,85.0,1,55.0,95.0,4400,247.5,24.0,0.0,0,0.0,105.0,4800,0.0,24.0,0.0,0,0.0,130.0,6000,0.0,24.0,0.0,0,0.0,120.0,5500,0.0,2.05,4.15,0,2,2,98.5,97.9,0,0,0,0.0,0.0,0.0,0.0,0.0,0.0,1.0025,1,0,0,0,0,0,0,0.0,0.0,1.925,24.4,51.9,1013.1
2026-09-16T15:44:06,29.0,1,Ronda 1,1,Limpieza Química,28,120,0.0,DC,85.0,85.1,85.0,1,55.0,95.0,4400,247.5,24.0,0.0,0,0.0,105.0,4800,0.0,24.0,0.0,0,0.0,130.0,6000,0.0,24.0,0.0,0,0.0,120.0,5500,0.0,2.05,4.15,0,2,2,98.5,97.9,0,0,0,0.0,0.0,0.0,0.0,0.0,0.0,1.0025,1,0,0,0,0,0,0,0.0,0.0,1.994,24.4,51.9,1013.1
2026-09-16T15:44:06,30.0,1,Ronda 1,1,Limpieza Química,29,120,0.0,DC,85.0,85.2,85.0,1,55.0,95.0,4400,247.5,24.0,0.0,0,0.0,105.0,4800,0.0,24.0,0.0,0,0.0,130.0,6000,0.0,24.0,0.0,0,0.0,120.0,5500,0.0,2.05,4.15,0,2,2,98.5,97.9,0,0,0,0.0,0.0,0.0,0.0,0.0,0.0,1.0025,1,0,0,0,0,0,0,0.0,0.0,2.063,24.4,51.9,1013.1
2026-09-16T15:44:06,31.0,1,Ronda 1,1,Limpieza Química,30,120,0.0,DC,85.0,84.9,85.0,1,55.0,95.0,4400,247.5,24.0,0.0,0,0.0,105.0,4800,0.0,24.0,0.0,0,0.0,130.0,6000,0.0,24.0,0.0,0,0.0,120.0,5500,0.0,2.05,4.15,0,2,2,98.5,97.9,0,0,0,0.0,0.0,0.0,0.0,0.0,0.0,1.0025,1,0,0,0,0,0,0,0.0,0.0,2.131,24.5,51.9,1013.1
2026-09-16T15:44:06,32.0,1,Ronda 1,1,Limpieza Química,31,120,0.0,DC,85.0,84.9,85.0,1,55.0,95.0,4400,247.5,24.0,0.0,0,0.0,105.0,4800,0.0,24.0,0.0,0,0.0,130.0,6000,0.0,24.0,0.0,0,0.0,120.0,5500,0.0,2.05,4.15,0,2,2,98.5,97.9,0,0,0,0.0,0.0,0.0,0.0,0.0,0.0,1.0025,1,0,0,0,0,0,0,0.0,0.0,2.2,24.5,51.9,1013.1
2026-09-16T15:44:06,33.0,1,Ronda 1,1,Limpieza Química,32,120,0.0,DC,85.0,84.8,85.0,1,55.0,95.0,4400,247.5,24.0,0.0,0,0.0,105.0,4800,0.0,24.0,0.0,0,0.0,130.0,6000,0.0,24.0,0.0,0,0.0,120.0,5500,0.0,2.05,4.15,0,2,2,98.5,97.9,0,0,0,0.0,0.0,0.0,0.0,0.0,0.0,1.0025,1,0,0,0,0,0,0,0.0,0.0,2.269,24.5,51.9,1013.1
2026-09-16T15:44:06,34.0,1,Ronda 1,1,Limpieza Química,33,120,0.0,DC,85.0,85.0,85.0,1,55.0,95.0,4400,247.5,24.0,0.0,0,0.0,105.0,4800,0.0,24.0,0.0,0,0.0,130.0,6000,0.0,24.0,0.0,0,0.0,120.0,5500,0.0,2.05,4.15,0,2,2,98.5,97.9,0,0,0,0.0,0.0,0.0,0.0,0.0,0.0,1.0025,1,0,0,0,0,0,0,0.0,0.0,2.338,24.5,51.9,1013.1
2026-09-16T15:44:06,35.0,1,Ronda 1,1,Limpieza Química,34,120,0.0,DC,85.0,85.0,85.0,1,55.0,95.0,4400,247.5,24.0,0.0,0,0.0,105.0,4800,0.0,24.0,0.0,0,0.0,130.0,6000,0.0,24.0,0.0,0,0.0,120.0,5500,0.0,2.05,4.15,0,2,2,98.5,97.9,0,0,0,0.0,0.0,0.0,0.0,0.0,0.0,1.0025,1,0,0,0,0,0,0,0.0,0.0,2.406,24.5,51.9,1013.1
2026-09-16T15:44:06,36.0,1,Ronda 1,1,Limpieza Química,35,120,0.0,DC,85.0,84.5,85.0,1,55.0,95.0,4400,247.5,24.0,0.0,0,0.0,105.0,4800,0.0,24.0,0.0,0,0.0,130.0,6000,0.0,24.0,0.0,0,0.0,120.0,5500,0.0,2.05,4.15,0,2,2,98.5,97.9,0,0,0,0.0,0.0,0.0,0.0,0.0,0.0,1.0025,1,0,0,0,0,0,0,0.0,0.0,2.475,24.5,51.9,1013.1
2026-09-16T15:44:06,37.0,1,Ronda 1,1,Limpieza Química,36,120,0.0,DC,85.0,84.9,85.0,1,55.0,95.0,4400,247.5,24.0,0.0,0,0.0,105.0,4800,0.0,24.0,0.0,0,0.0,130.0,6000,0.0,24.0,0.0,0,0.0,120.0,5500,0.0,2.05,4.15,0,2,2,98.5,97.9,0,0,0,0.0,0.0,0.0,0.0,0.0,0.0,1.0025,1,0,0,0,0,0,0,0.0,0.0,2.544,24.5,51.8,1013.1
2026-09-16T15:44:06,38.0,1,Ronda 1,1,Limpieza Química,37,120,0.0,DC,85.0,85.1,85.0,1,55.0,95.0,4400,247.5,24.0,0.0,0,0.0,105.0,4800,0.0,24.0,0.0,0,0.0,130.0,6000,0.0,24.0,0.0,0,0.0,120.0,5500,0.0,2.05,4.15,0,2,2,98.5,97.9,0,0,0,0.0,0.0,0.0,0.0,0.0,0.0,1.0025,1,0,0,0,0,0,0,0.0,0.0,2.613,24.5,51.8,1013.1
2026-09-16T15:44:06,39.0,1,Ronda 1,1,Limpieza Química,38,120,0.0,DC,85.0,85.0,85.0,1,55.0,95.0,4400,247.5,24.0,0.0,0,0.0,105.0,4800,0.0,24.0,0.0,0,0.0,130.0,6000,0.0,24.0,0.0,0,0.0,120.0,5500,0.0,2.05,4.15,0,2,2,98.5,97.9,0,0,0,0.0,0.0,0.0,0.0,0.0,0.0,1.0025,1,0,0,0,0,0,0,0.0,0.0,2.681,24.5,51.8,1013.1
2026-09-16T15:44:06,40.0,1,Ronda 1,1,Limpieza Química,39,120,0.0,DC,85.0,84.8,85.0,1,55.0,95.0,4400,247.5,24.0,0.0,0,0.0,105.0,4800,0.0,24.0,0.0,0,0.0,130.0,6000,0.0,24.0,0.0,0,0.0,120.0,5500,0.0,2.05,4.15,0,2,2,98.5,97.9,0,0,0,0.0,0.0,0.0,0.0,0.0,0.0,1.0025,1,0,0,0,0,0,0,0.0,0.0,2.75,24.5,51.8,1013.1
2026-09-16T15:44:06,41.0,1,Ronda 1,1,Limpieza Química,40,120,0.0,DC,85.0,84.8,85.0,1,55.0,95.0,4400,247.5,24.0,0.0,0,0.0,105.0,4800,0.0,24.0,0.0,0,0.0,130.0,6000,0.0,24.0,0.0,0,0.0,120.0,5500,0.0,2.05,4.15,0,2,2,98.5,97.9,0,0,0,0.0,0.0,0.0,0.0,0.0,0.0,1.0025,1,0,0,0,0,0,0,0.0,0.0,2.819,24.5,51.8,1013.1
2026-09-16T15:44:06,42.0,1,Ronda 1,1,Limpieza Química,41,120,0.0,DC,85.0,85.0,85.0,1,55.0,95.0,4400,247.5,24.0,0.0,0,0.0,105.0,4800,0.0,24.0,0.0,0,0.0,130.0,6000,0.0,24.0,0.0,0,0.0,120.0,5500,0.0,2.05,4.15,0,2,2,98.5,97.9,0,0,0,0.0,0.0,0.0,0.0,0.0,0.0,1.0025,1,0,0,0,0,0,0,0.0,0.0,2.888,24.5,51.8,1013.1
2026-09-16T15:44:06,43.0,1,Ronda 1,1,Limpieza Química,42,120,0.0,DC,85.0,85.1,85.0,1,55.0,95.0,4400,247.5,24.0,0.0,0,0.0,105.0,4800,0.0,24.0,0.0,0,0.0,130.0,6000,0.0,24.0,0.0,0,0.0,120.0,5500,0.0,2.05,4.15,0,2,2,98.5,97.9,0,0,0,0.0,0.0,0.0,0.0,0.0,0.0,1.0025,1,0,0,0,0,0,0,0.0,0.0,2.956,24.5,51.8,1013.1
2026-09-16T15:44:06,44.0,1,Ronda 1,1,Limpieza Química,43,120,0.0,DC,85.0,85.1,85.0,1,55.0,95.0,4400,247.5,24.0,0.0,0,0.0,105.0,4800,0.0,24.0,0.0,0,0.0,130.0,6000,0.0,24.0,0.0,0,0.0,120.0,5500,0.0,2.05,4.15,0,2,2,98.5,97.9,0,0,0,0.0,0.0,0.0,0.0,0.0,0.0,1.0025,1,0,0,0,0,0,0,0.0,0.0,3.025,24.5,51.8,1013.1
2026-09-16T15:44:06,45.0,1,Ronda 1,1,Limpieza Química,44,120,0.0,DC,85.0,85.5,85.0,1,55.0,95.0,4400,247.5,24.0,0.0,0,0.0,105.0,4800,0.0,24.0,0.0,0,0.0,130.0,6000,0.0,24.0,0.0,0,0.0,120.0,5500,0.0,2.05,4.15,0,2,2,98.5,97.9,0,0,0,0.0,0.0,0.0,0.0,0.0,0.0,1.0025,1,0,0,0,0,0,0,0.0,0.0,3.094,24.5,51.8,1013.1
2026-09-16T15:44:06,46.0,1,Ronda 1,1,Limpieza Química,45,120,0.0,DC,85.0,84.9,85.0,1,55.0,95.0,4400,247.5,24.0,0.0,0,0.0,105.0,4800,0.0,24.0,0.0,0,0.0,130.0,6000,0.0,24.0,0.0,0,0.0,120.0,5500,0.0,2.05,4.15,0,2,2,98.5,97.9,0,0,0,0.0,0.0,0.0,0.0,0.0,0.0,1.0025,1,0,0,0,0,0,0,0.0,0.0,3.163,24.5,51.8,1013.1
2026-09-16T15:44:06,47.0,1,Ronda 1,1,Limpieza Química,46,120,0.0,DC,85.0,85.2,85.0,1,55.0,95.0,4400,247.5,24.0,0.0,0,0.0,105.0,4800,0.0,24.0,0.0,0,0.0,130.0,6000,0.0,24.0,0.0,0,0.0,120.0,5500,0.0,2.05,4.15,0,2,2,98.5,97.9,0,0,0,0.0,0.0,0.0,0.0,0.0,0.0,1.0025,1,0,0,0,0,0,0,0.0,0.0,3.231,24.5,51.8,1013.1
2026-09-16T15:44:06,48.0,1,Ronda 1,1,Limpieza Química,47,120,0.0,DC,85.0,84.9,85.0,1,55.0,95.0,4400,247.5,24.0,0.0,0,0.0,105.0,4800,0.0,24.0,0.0,0,0.0,130.0,6000,0.0,24.0,0.0,0,0.0,120.0,5500,0.0,2.05,4.15,0,2,2,98.5,97.9,0,0,0,0.0,0.0,0.0,0.0,0.0,0.0,1.0025,1,0,0,0,0,0,0,0.0,0.0,3.3,24.5,51.8,1013.1
2026-09-16T15:44:06,49.0,1,Ronda 1,1,Limpieza Química,48,120,0.0,DC,85.0,85.3,85.0,1,55.0,95.0,4400,247.5,24.0,0.0,0,0.0,105.0,4800,0.0,24.0,0.0,0,0.0,130.0,6000,0.0,24.0,0.0,0,0.0,120.0,5500,0.0,2.05,4.15,0,2,2,98.5,97.9,0,0,0,0.0,0.0,0.0,0.0,0.0,0.0,1.0025,1,0,0,0,0,0,0,0.0,0.0,3.369,24.5,51.8,1013.1
2026-09-16T15:44:06,50.0,1,Ronda 1,1,Limpieza Química,49,120,0.0,DC,85.0,85.1,85.0,1,55.0,95.0,4400,247.5,24.0,0.0,0,0.0,105.0,4800,0.0,24.0,0.0,0,0.0,130.0,6000,0.0,24.0,0.0,0,0.0,120.0,5500,0.0,2.05,4.15,0,2,2,98.5,97.9,0,0,0,0.0,0.0,0.0,0.0,0.0,0.0,1.0025,1,0,0,0,0,0,0,0.0,0.0,3.438,24.5,51.8,1013.1
2026-09-16T15:44:06,51.0,1,Ronda 1,1,Limpieza Química,50,120,0.0,DC,85.0,85.0,85.0,1,55.0,95.0,4400,247.5,24.0,0.0,0,0.0,105.0,4800,0.0,24.0,0.0,0,0.0,130.0,6000,0.0,24.0,0.0,0,0.0,120.0,5500,0.0,2.05,4.15,0,2,2,98.5,97.9,0,0,0,0.0,0.0,0.0,0.0,0.0,0.0,1.0025,1,0,0,0,0,0,0,0.0,0.0,3.506,24.5,51.8,1013.1
2026-09-16T15:44:06,52.0,1,Ronda 1,1,Limpieza Química,51,120,0.0,DC,85.0,84.9,85.0,1,55.0,95.0,4400,247.5,24.0,0.0,0,0.0,105.0,4800,0.0,24.0,0.0,0,0.0,130.0,6000,0.0,24.0,0.0,0,0.0,120.0,5500,0.0,2.05,4.15,0,2,2,98.5,97.9,0,0,0,0.0,0.0,0.0,0.0,0.0,0.0,1.0025,1,0,0,0,0,0,0,0.0,0.0,3.575,24.5,51.8,1013.1
2026-09-16T15:44:06,53.0,1,Ronda 1,1,Limpieza Química,52,120,0.0,DC,85.0,85.1,85.0,1,55.0,95.0,4400,247.5,24.0,0.0,0,0.0,105.0,4800,0.0,24.0,0.0,0,0.0,130.0,6000,0.0,24.0,0.0,0,0.0,120.0,5500,0.0,2.05,4.15,0,2,2,98.5,97.9,0,0,0,0.0,0.0,0.0,0.0,0.0,0.0,1.0025,1,0,0,0,0,0,0,0.0,0.0,3.644,24.6,51.8,1013.1
2026-09-16T15:44:06,54.0,1,Ronda 1,1,Limpieza Química,53,120,0.0,DC,85.0,85.4,85.0,1,55.0,95.0,4400,247.5,24.0,0.0,0,0.0,105.0,4800,0.0,24.0,0.0,0,0.0,130.0,6000,0.0,24.0,0.0,0,0.0,120.0,5500,0.0,2.05,4.15,0,2,2,98.5,97.9,0,0,0,0.0,0.0,0.0,0.0,0.0,0.0,1.0025,1,0,0,0,0,0,0,0.0,0.0,3.713,24.6,51.8,1013.1
2026-09-16T15:44:06,55.0,1,Ronda 1,1,Limpieza Química,54,120,0.0,DC,85.0,85.0,85.0,1,55.0,95.0,4400,247.5,24.0,0.0,0,0.0,105.0,4800,0.0,24.0,0.0,0,0.0,130.0,6000,0.0,24.0,0.0,0,0.0,120.0,5500,0.0,2.05,4.15,0,2,2,98.5,97.9,0,0,0,0.0,0.0,0.0,0.0,0.0,0.0,1.0025,1,0,0,0,0,0,0,0.0,0.0,3.781,24.6,51.8,1013.1
2026-09-16T15:44:06,56.0,1,Ronda 1,1,Limpieza Química,55,120,0.0,DC,85.0,84.9,85.0,1,55.0,95.0,4400,247.5,24.0,0.0,0,0.0,105.0,4800,0.0,24.0,0.0,0,0.0,130.0,6000,0.0,24.0,0.0,0,0.0,120.0,5500,0.0,2.05,4.15,0,2,2,98.5,97.9,0,0,0,0.0,0.0,0.0,0.0,0.0,0.0,1.0025,1,0,0,0,0,0,0,0.0,0.0,3.85,24.6,51.8,1013.1
2026-09-16T15:44:06,57.0,1,Ronda 1,1,Limpieza Química,56,120,0.0,DC,85.0,84.8,85.0,1,55.0,95.0,4400,247.5,24.0,0.0,0,0.0,105.0,4800,0.0,24.0,0.0,0,0.0,130.0,6000,0.0,24.0,0.0,0,0.0,120.0,5500,0.0,2.05,4.15,0,2,2,98.5,97.9,0,0,0,0.0,0.0,0.0,0.0,0.0,0.0,1.0025,1,0,0,0,0,0,0,0.0,0.0,3.919,24.6,51.8,1013.1
2026-09-16T15:44:06,58.0,1,Ronda 1,1,Limpieza Química,57,120,0.0,DC,85.0,84.8,85.0,1,55.0,95.0,4400,247.5,24.0,0.0,0,0.0,105.0,4800,0.0,24.0,0.0,0,0.0,130.0,6000,0.0,24.0,0.0,0,0.0,120.0,5500,0.0,2.05,4.15,0,2,2,98.5,97.9,0,0,0,0.0,0.0,0.0,0.0,0.0,0.0,1.0025,1,0,0,0,0,0,0,0.0,0.0,3.988,24.6,51.8,1013.1
2026-09-16T15:44:06,59.0,1,Ronda 1,1,Limpieza Química,58,120,0.0,DC,85.0,85.1,85.0,1,55.0,95.0,4400,247.5,24.0,0.0,0,0.0,105.0,4800,0.0,24.0,0.0,0,0.0,130.0,6000,0.0,24.0,0.0,0,0.0,120.0,5500,0.0,2.05,4.15,0,2,2,98.5,97.9,0,0,0,0.0,0.0,0.0,0.0,0.0,0.0,1.0025,1,0,0,0,0,0,0,0.0,0.0,4.056,24.6,51.8,1013.1
2026-09-16T15:44:06,60.0,1,Ronda 1,1,Limpieza Química,59,120,0.0,DC,85.0,84.7,85.0,1,55.0,95.0,4400,247.5,24.0,0.0,0,0.0,105.0,4800,0.0,24.0,0.0,0,0.0,130.0,6000,0.0,24.0,0.0,0,0.0,120.0,5500,0.0,2.05,4.15,0,2,2,98.5,97.9,0,0,0,0.0,0.0,0.0,0.0,0.0,0.0,1.0025,1,0,0,0,0,0,0,0.0,0.0,4.125,24.6,51.8,1013.1
2026-09-16T15:44:06,61.0,1,Ronda 1,1,Limpieza Química,60,120,0.0,DC,85.0,84.8,85.0,1,55.0,95.0,4400,247.5,24.0,0.0,0,0.0,105.0,4800,0.0,24.0,0.0,0,0.0,130.0,6000,0.0,24.0,0.0,0,0.0,120.0,5500,0.0,2.05,4.15,0,2,2,98.5,97.9,0,0,0,0.0,0.0,0.0,0.0,0.0,0.0,1.0025,1,0,0,0,0,0,0,0.0,0.0,4.194,24.6,51.7,1013.1
2026-09-16T15:44:06,62.0,1,Ronda 1,1,Limpieza Química,61,120,0.0,DC,85.0,85.0,85.0,1,55.0,95.0,4400,247.5,24.0,0.0,0,0.0,105.0,4800,0.0,24.0,0.0,0,0.0,130.0,6000,0.0,24.0,0.0,0,0.0,120.0,5500,0.0,2.05,4.15,0,2,2,98.5,97.9,0,0,0,0.0,0.0,0.0,0.0,0.0,0.0,1.0025,1,0,0,0,0,0,0,0.0,0.0,4.263,24.6,51.7,1013.1
2026-09-16T15:44:06,63.0,1,Ronda 1,1,Limpieza Química,62,120,0.0,DC,85.0,84.7,85.0,1,55.0,95.0,4400,247.5,24.0,0.0,0,0.0,105.0,4800,0.0,24.0,0.0,0,0.0,130.0,6000,0.0,24.0,0.0,0,0.0,120.0,5500,0.0,2.05,4.15,0,2,2,98.5,97.9,0,0,0,0.0,0.0,0.0,0.0,0.0,0.0,1.0025,1,0,0,0,0,0,0,0.0,0.0,4.331,24.6,51.7,1013.1
2026-09-16T15:44:06,64.0,1,Ronda 1,1,Limpieza Química,63,120,0.0,DC,85.0,84.6,85.0,1,55.0,95.0,4400,247.5,24.0,0.0,0,0.0,105.0,4800,0.0,24.0,0.0,0,0.0,130.0,6000,0.0,24.0,0.0,0,0.0,120.0,5500,0.0,2.05,4.15,0,2,2,98.5,97.9,0,0,0,0.0,0.0,0.0,0.0,0.0,0.0,1.0025,1,0,0,0,0,0,0,0.0,0.0,4.4,24.6,51.7,1013.1
2026-09-16T15:44:06,65.0,1,Ronda 1,1,Limpieza Química,64,120,0.0,DC,85.0,85.0,85.0,1,55.0,95.0,4400,247.5,24.0,0.0,0,0.0,105.0,4800,0.0,24.0,0.0,0,0.0,130.0,6000,0.0,24.0,0.0,0,0.0,120.0,5500,0.0,2.05,4.15,0,2,2,98.5,97.9,0,0,0,0.0,0.0,0.0,0.0,0.0,0.0,1.0025,1,0,0,0,0,0,0,0.0,0.0,4.469,24.6,51.7,1013.1
2026-09-16T15:44:06,66.0,1,Ronda 1,1,Limpieza Química,65,120,0.0,DC,85.0,84.9,85.0,1,55.0,95.0,4400,247.5,24.0,0.0,0,0.0,105.0,4800,0.0,24.0,0.0,0,0.0,130.0,6000,0.0,24.0,0.0,0,0.0,120.0,5500,0.0,2.05,4.15,0,2,2,98.5,97.9,0,0,0,0.0,0.0,0.0,0.0,0.0,0.0,1.0025,1,0,0,0,0,0,0,0.0,0.0,4.538,24.6,51.7,1013.1
2026-09-16T15:44:06,67.0,1,Ronda 1,1,Limpieza Química,66,120,0.0,DC,85.0,85.3,85.0,1,55.0,95.0,4400,247.5,24.0,0.0,0,0.0,105.0,4800,0.0,24.0,0.0,0,0.0,130.0,6000,0.0,24.0,0.0,0,0.0,120.0,5500,0.0,2.05,4.15,0,2,2,98.5,97.9,0,0,0,0.0,0.0,0.0,0.0,0.0,0.0,1.0025,1,0,0,0,0,0,0,0.0,0.0,4.606,24.6,51.7,1013.1
2026-09-16T15:44:06,68.0,1,Ronda 1,1,Limpieza Química,67,120,0.0,DC,85.0,84.7,85.0,1,55.0,95.0,4400,247.5,24.0,0.0,0,0.0,105.0,4800,0.0,24.0,0.0,0,0.0,130.0,6000,0.0,24.0,0.0,0,0.0,120.0,5500,0.0,2.05,4.15,0,2,2,98.5,97.9,0,0,0,0.0,0.0,0.0,0.0,0.0,0.0,1.0025,1,0,0,0,0,0,0,0.0,0.0,4.675,24.6,51.7,1013.1
2026-09-16T15:44:06,69.0,1,Ronda 1,1,Limpieza Química,68,120,0.0,DC,85.0,85.1,85.0,1,55.0,95.0,4400,247.5,24.0,0.0,0,0.0,105.0,4800,0.0,24.0,0.0,0,0.0,130.0,6000,0.0,24.0,0.0,0,0.0,120.0,5500,0.0,2.05,4.15,0,2,2,98.5,97.9,0,0,0,0.0,0.0,0.0,0.0,0.0,0.0,1.0025,1,0,0,0,0,0,0,0.0,0.0,4.744,24.6,51.7,1013.1
2026-09-16T15:44:06,70.0,1,Ronda 1,1,Limpieza Química,69,120,0.0,DC,85.0,85.0,85.0,1,55.0,95.0,4400,247.5,24.0,0.0,0,0.0,105.0,4800,0.0,24.0,0.0,0,0.0,130.0,6000,0.0,24.0,0.0,0,0.0,120.0,5500,0.0,2.05,4.15,0,2,2,98.5,97.9,0,0,0,0.0,0.0,0.0,0.0,0.0,0.0,1.0025,1,0,0,0,0,0,0,0.0,0.0,4.812,24.6,51.7,1013.1
2026-09-16T15:44:06,71.0,1,Ronda 1,1,Limpieza Química,70,120,0.0,DC,85.0,84.8,85.0,1,55.0,95.0,4400,247.5,24.0,0.0,0,0.0,105.0,4800,0.0,24.0,0.0,0,0.0,130.0,6000,0.0,24.0,0.0,0,0.0,120.0,5500,0.0,2.05,4.15,0,2,2,98.5,97.9,0,0,0,0.0,0.0,0.0,0.0,0.0,0.0,1.0025,1,0,0,0,0,0,0,0.0,0.0,4.881,24.6,51.7,1013.1
2026-09-16T15:44:06,72.0,1,Ronda 1,1,Limpieza Química,71,120,0.0,DC,85.0,85.0,85.0,1,55.0,95.0,4400,247.5,24.0,0.0,0,0.0,105.0,4800,0.0,24.0,0.0,0,0.0,130.0,6000,0.0,24.0,0.0,0,0.0,120.0,5500,0.0,2.05,4.15,0,2,2,98.5,97.9,0,0,0,0.0,0.0,0.0,0.0,0.0,0.0,1.0025,1,0,0,0,0,0,0,0.0,0.0,4.95,24.6,51.7,1013.1
2026-09-16T15:44:06,73.0,1,Ronda 1,1,Limpieza Química,72,120,0.0,DC,85.0,84.9,85.0,1,55.0,95.0,4400,247.5,24.0,0.0,0,0.0,105.0,4800,0.0,24.0,0.0,0,0.0,130.0,6000,0.0,24.0,0.0,0,0.0,120.0,5500,0.0,2.05,4.15,0,2,2,98.5,97.9,0,0,0,0.0,0.0,0.0,0.0,0.0,0.0,1.0025,1,0,0,0,0,0,0,0.0,0.0,5.019,24.6,51.7,1013.1
2026-09-16T15:44:06,74.0,1,Ronda 1,1,Limpieza Química,73,120,0.0,DC,85.0,85.0,85.0,1,55.0,95.0,4400,247.5,24.0,0.0,0,0.0,105.0,4800,0.0,24.0,0.0,0,0.0,130.0,6000,0.0,24.0,0.0,0,0.0,120.0,5500,0.0,2.05,4.15,0,2,2,98.5,97.9,0,0,0,0.0,0.0,0.0,0.0,0.0,0.0,1.0025,1,0,0,0,0,0,0,0.0,0.0,5.087,24.6,51.7,1013.1
2026-09-16T15:44:06,75.0,1,Ronda 1,1,Limpieza Química,74,120,0.0,DC,85.0,85.1,85.0,1,55.0,95.0,4400,247.5,24.0,0.0,0,0.0,105.0,4800,0.0,24.0,0.0,0,0.0,130.0,6000,0.0,24.0,0.0,0,0.0,120.0,5500,0.0,2.05,4.15,0,2,2,98.5,97.9,0,0,0,0.0,0.0,0.0,0.0,0.0,0.0,1.0025,1,0,0,0,0,0,0,0.0,0.0,5.156,24.6,51.7,1013.1
2026-09-16T15:44:06,76.0,1,Ronda 1,1,Limpieza Química,75,120,0.0,DC,85.0,85.0,85.0,1,55.0,95.0,4400,247.5,24.0,0.0,0,0.0,105.0,4800,0.0,24.0,0.0,0,0.0,130.0,6000,0.0,24.0,0.0,0,0.0,120.0,5500,0.0,2.05,4.15,0,2,2,98.5,97.9,0,0,0,0.0,0.0,0.0,0.0,0.0,0.0,1.0025,1,0,0,0,0,0,0,0.0,0.0,5.225,24.6,51.7,1013.1
2026-09-16T15:44:06,77.0,1,Ronda 1,1,Limpieza Química,76,120,0.0,DC,85.0,84.8,85.0,1,55.0,95.0,4400,247.5,24.0,0.0,0,0.0,105.0,4800,0.0,24.0,0.0,0,0.0,130.0,6000,0.0,24.0,0.0,0,0.0,120.0,5500,0.0,2.05,4.15,0,2,2,98.5,97.9,0,0,0,0.0,0.0,0.0,0.0,0.0,0.0,1.0025,1,0,0,0,0,0,0,0.0,0.0,5.294,24.6,51.7,1013.1
2026-09-16T15:44:06,78.0,1,Ronda 1,1,Limpieza Química,77,120,0.0,DC,85.0,85.0,85.0,1,55.0,95.0,4400,247.5,24.0,0.0,0,0.0,105.0,4800,0.0,24.0,0.0,0,0.0,130.0,6000,0.0,24.0,0.0,0,0.0,120.0,5500,0.0,2.05,4.15,0,2,2,98.5,97.9,0,0,0,0.0,0.0,0.0,0.0,0.0,0.0,1.0025,1,0,0,0,0,0,0,0.0,0.0,5.362,24.7,51.7,1013.1
2026-09-16T15:44:06,79.0,1,Ronda 1,1,Limpieza Química,78,120,0.0,DC,85.0,85.2,85.0,1,55.0,95.0,4400,247.5,24.0,0.0,0,0.0,105.0,4800,0.0,24.0,0.0,0,0.0,130.0,6000,0.0,24.0,0.0,0,0.0,120.0,5500,0.0,2.05,4.15,0,2,2,98.5,97.9,0,0,0,0.0,0.0,0.0,0.0,0.0,0.0,1.0025,1,0,0,0,0,0,0,0.0,0.0,5.431,24.7,51.7,1013.1
2026-09-16T15:44:06,80.0,1,Ronda 1,1,Limpieza Química,79,120,0.0,DC,85.0,85.2,85.0,1,55.0,95.0,4400,247.5,24.0,0.0,0,0.0,105.0,4800,0.0,24.0,0.0,0,0.0,130.0,6000,0.0,24.0,0.0,0,0.0,120.0,5500,0.0,2.05,4.15,0,2,2,98.5,97.9,0,0,0,0.0,0.0,0.0,0.0,0.0,0.0,1.0025,1,0,0,0,0,0,0,0.0,0.0,5.5,24.7,51.7,1013.1
2026-09-16T15:44:06,81.0,1,Ronda 1,1,Limpieza Química,80,120,0.0,DC,85.0,84.8,85.0,1,55.0,95.0,4400,247.5,24.0,0.0,0,0.0,105.0,4800,0.0,24.0,0.0,0,0.0,130.0,6000,0.0,24.0,0.0,0,0.0,120.0,5500,0.0,2.05,4.15,0,2,2,98.5,97.9,0,0,0,0.0,0.0,0.0,0.0,0.0,0.0,1.0025,1,0,0,0,0,0,0,0.0,0.0,5.569,24.7,51.7,1013.1
2026-09-16T15:44:06,82.0,1,Ronda 1,1,Limpieza Química,81,120,0.0,DC,85.0,85.0,85.0,1,55.0,95.0,4400,247.5,24.0,0.0,0,0.0,105.0,4800,0.0,24.0,0.0,0,0.0,130.0,6000,0.0,24.0,0.0,0,0.0,120.0,5500,0.0,2.05,4.15,0,2,2,98.5,97.9,0,0,0,0.0,0.0,0.0,0.0,0.0,0.0,1.0025,1,0,0,0,0,0,0,0.0,0.0,5.637,24.7,51.7,1013.1
2026-09-16T15:44:06,83.0,1,Ronda 1,1,Limpieza Química,82,120,0.0,DC,85.0,85.2,85.0,1,55.0,95.0,4400,247.5,24.0,0.0,0,0.0,105.0,4800,0.0,24.0,0.0,0,0.0,130.0,6000,0.0,24.0,0.0,0,0.0,120.0,5500,0.0,2.05,4.15,0,2,2,98.5,97.9,0,0,0,0.0,0.0,0.0,0.0,0.0,0.0,1.0025,1,0,0,0,0,0,0,0.0,0.0,5.706,24.7,51.7,1013.1
2026-09-16T15:44:06,84.0,1,Ronda 1,1,Limpieza Química,83,120,0.0,DC,85.0,85.0,85.0,1,55.0,95.0,4400,247.5,24.0,0.0,0,0.0,105.0,4800,0.0,24.0,0.0,0,0.0,130.0,6000,0.0,24.0,0.0,0,0.0,120.0,5500,0.0,2.05,4.15,0,2,2,98.5,97.9,0,0,0,0.0,0.0,0.0,0.0,0.0,0.0,1.0025,1,0,0,0,0,0,0,0.0,0.0,5.775,24.7,51.6,1013.1
2026-09-16T15:44:06,85.0,1,Ronda 1,1,Limpieza Química,84,120,0.0,DC,85.0,84.7,85.0,1,55.0,95.0,4400,247.5,24.0,0.0,0,0.0,105.0,4800,0.0,24.0,0.0,0,0.0,130.0,6000,0.0,24.0,0.0,0,0.0,120.0,5500,0.0,2.05,4.15,0,2,2,98.5,97.9,0,0,0,0.0,0.0,0.0,0.0,0.0,0.0,1.0025,1,0,0,0,0,0,0,0.0,0.0,5.844,24.7,51.6,1013.1
2026-09-16T15:44:06,86.0,1,Ronda 1,1,Limpieza Química,85,120,0.0,DC,85.0,85.0,85.0,1,55.0,95.0,4400,247.5,24.0,0.0,0,0.0,105.0,4800,0.0,24.0,0.0,0,0.0,130.0,6000,0.0,24.0,0.0,0,0.0,120.0,5500,0.0,2.05,4.15,0,2,2,98.5,97.9,0,0,0,0.0,0.0,0.0,0.0,0.0,0.0,1.0025,1,0,0,0,0,0,0,0.0,0.0,5.912,24.7,51.6,1013.1
2026-09-16T15:44:06,87.0,1,Ronda 1,1,Limpieza Química,86,120,0.0,DC,85.0,85.1,85.0,1,55.0,95.0,4400,247.5,24.0,0.0,0,0.0,105.0,4800,0.0,24.0,0.0,0,0.0,130.0,6000,0.0,24.0,0.0,0,0.0,120.0,5500,0.0,2.05,4.15,0,2,2,98.5,97.9,0,0,0,0.0,0.0,0.0,0.0,0.0,0.0,1.0025,1,0,0,0,0,0,0,0.0,0.0,5.981,24.7,51.6,1013.1
2026-09-16T15:44:06,88.0,1,Ronda 1,1,Limpieza Química,87,120,0.0,DC,85.0,84.9,85.0,1,55.0,95.0,4400,247.5,24.0,0.0,0,0.0,105.0,4800,0.0,24.0,0.0,0,0.0,130.0,6000,0.0,24.0,0.0,0,0.0,120.0,5500,0.0,2.05,4.15,0,2,2,98.5,97.9,0,0,0,0.0,0.0,0.0,0.0,0.0,0.0,1.0025,1,0,0,0,0,0,0,0.0,0.0,6.05,24.7,51.6,1013.1
2026-09-16T15:44:06,89.0,1,Ronda 1,1,Limpieza Química,88,120,0.0,DC,85.0,84.9,85.0,1,55.0,95.0,4400,247.5,24.0,0.0,0,0.0,105.0,4800,0.0,24.0,0.0,0,0.0,130.0,6000,0.0,24.0,0.0,0,0.0,120.0,5500,0.0,2.05,4.15,0,2,2,98.5,97.9,0,0,0,0.0,0.0,0.0,0.0,0.0,0.0,1.0025,1,0,0,0,0,0,0,0.0,0.0,6.119,24.7,51.6,1013.1
2026-09-16T15:44:06,90.0,1,Ronda 1,1,Limpieza Química,89,120,0.0,DC,85.0,85.4,85.0,1,55.0,95.0,4400,247.5,24.0,0.0,0,0.0,105.0,4800,0.0,24.0,0.0,0,0.0,130.0,6000,0.0,24.0,0.0,0,0.0,120.0,5500,0.0,2.05,4.15,0,2,2,98.5,97.9,0,0,0,0.0,0.0,0.0,0.0,0.0,0.0,1.0025,1,0,0,0,0,0,0,0.0,0.0,6.187,24.7,51.6,1013.1
2026-09-16T15:44:06,91.0,1,Ronda 1,1,Limpieza Química,90,120,0.0,DC,85.0,84.8,85.0,1,55.0,95.0,4400,247.5,24.0,0.0,0,0.0,105.0,4800,0.0,24.0,0.0,0,0.0,130.0,6000,0.0,24.0,0.0,0,0.0,120.0,5500,0.0,2.05,4.15,0,2,2,98.5,97.9,0,0,0,0.0,0.0,0.0,0.0,0.0,0.0,1.0025,1,0,0,0,0,0,0,0.0,0.0,6.256,24.7,51.6,1013.1
2026-09-16T15:44:06,92.0,1,Ronda 1,1,Limpieza Química,91,120,0.0,DC,85.0,85.1,85.0,1,55.0,95.0,4400,247.5,24.0,0.0,0,0.0,105.0,4800,0.0,24.0,0.0,0,0.0,130.0,6000,0.0,24.0,0.0,0,0.0,120.0,5500,0.0,2.05,4.15,0,2,2,98.5,97.9,0,0,0,0.0,0.0,0.0,0.0,0.0,0.0,1.0025,1,0,0,0,0,0,0,0.0,0.0,6.325,24.7,51.6,1013.1
2026-09-16T15:44:06,93.0,1,Ronda 1,1,Limpieza Química,92,120,0.0,DC,85.0,84.9,85.0,1,55.0,95.0,4400,247.5,24.0,0.0,0,0.0,105.0,4800,0.0,24.0,0.0,0,0.0,130.0,6000,0.0,24.0,0.0,0,0.0,120.0,5500,0.0,2.05,4.15,0,2,2,98.5,97.9,0,0,0,0.0,0.0,0.0,0.0,0.0,0.0,1.0025,1,0,0,0,0,0,0,0.0,0.0,6.394,24.7,51.6,1013.1
2026-09-16T15:44:06,94.0,1,Ronda 1,1,Limpieza Química,93,120,0.0,DC,85.0,85.3,85.0,1,55.0,95.0,4400,247.5,24.0,0.0,0,0.0,105.0,4800,0.0,24.0,0.0,0,0.0,130.0,6000,0.0,24.0,0.0,0,0.0,120.0,5500,0.0,2.05,4.15,0,2,2,98.5,97.9,0,0,0,0.0,0.0,0.0,0.0,0.0,0.0,1.0025,1,0,0,0,0,0,0,0.0,0.0,6.462,24.7,51.6,1013.1
2026-09-16T15:44:06,95.0,1,Ronda 1,1,Limpieza Química,94,120,0.0,DC,85.0,85.2,85.0,1,55.0,95.0,4400,247.5,24.0,0.0,0,0.0,105.0,4800,0.0,24.0,0.0,0,0.0,130.0,6000,0.0,24.0,0.0,0,0.0,120.0,5500,0.0,2.05,4.15,0,2,2,98.5,97.9,0,0,0,0.0,0.0,0.0,0.0,0.0,0.0,1.0025,1,0,0,0,0,0,0,0.0,0.0,6.531,24.7,51.6,1013.1
2026-09-16T15:44:06,96.0,1,Ronda 1,1,Limpieza Química,95,120,0.0,DC,85.0,84.9,85.0,1,55.0,95.0,4400,247.5,24.0,0.0,0,0.0,105.0,4800,0.0,24.0,0.0,0,0.0,130.0,6000,0.0,24.0,0.0,0,0.0,120.0,5500,0.0,2.05,4.15,0,2,2,98.5,97.9,0,0,0,0.0,0.0,0.0,0.0,0.0,0.0,1.0025,1,0,0,0,0,0,0,0.0,0.0,6.6,24.7,51.6,1013.1
2026-09-16T15:44:06,97.0,1,Ronda 1,1,Limpieza Química,96,120,0.0,DC,85.0,85.0,85.0,1,55.0,95.0,4400,247.5,24.0,0.0,0,0.0,105.0,4800,0.0,24.0,0.0,0,0.0,130.0,6000,0.0,24.0,0.0,0,0.0,120.0,5500,0.0,2.05,4.15,0,2,2,98.5,97.9,0,0,0,0.0,0.0,0.0,0.0,0.0,0.0,1.0025,1,0,0,0,0,0,0,0.0,0.0,6.669,24.7,51.6,1013.1
2026-09-16T15:44:06,98.0,1,Ronda 1,1,Limpieza Química,97,120,0.0,DC,85.0,84.9,85.0,1,55.0,95.0,4400,247.5,24.0,0.0,0,0.0,105.0,4800,0.0,24.0,0.0,0,0.0,130.0,6000,0.0,24.0,0.0,0,0.0,120.0,5500,0.0,2.05,4.15,0,2,2,98.5,97.9,0,0,0,0.0,0.0,0.0,0.0,0.0,0.0,1.0025,1,0,0,0,0,0,0,0.0,0.0,6.737,24.7,51.6,1013.1
2026-09-16T15:44:06,99.0,1,Ronda 1,1,Limpieza Química,98,120,0.0,DC,85.0,84.7,85.0,1,55.0,95.0,4400,247.5,24.0,0.0,0,0.0,105.0,4800,0.0,24.0,0.0,0,0.0,130.0,6000,0.0,24.0,0.0,0,0.0,120.0,5500,0.0,2.05,4.15,0,2,2,98.5,97.9,0,0,0,0.0,0.0,0.0,0.0,0.0,0.0,1.0025,1,0,0,0,0,0,0,0.0,0.0,6.806,24.7,51.6,1013.1
2026-09-16T15:44:06,100.0,1,Ronda 1,1,Limpieza Química,99,120,0.0,DC,85.0,84.7,85.0,1,55.0,95.0,4400,247.5,24.0,0.0,0,0.0,105.0,4800,0.0,24.0,0.0,0,0.0,130.0,6000,0.0,24.0,0.0,0,0.0,120.0,5500,0.0,2.05,4.15,0,2,2,98.5,97.9,0,0,0,0.0,0.0,0.0,0.0,0.0,0.0,1.0025,1,0,0,0,0,0,0,0.0,0.0,6.875,24.7,51.6,1013.1
2026-09-16T15:44:06,101.0,1,Ronda 1,1,Limpieza Química,100,120,0.0,DC,85.0,85.0,85.0,1,55.0,95.0,4400,247.5,24.0,0.0,0,0.0,105.0,4800,0.0,24.0,0.0,0,0.0,130.0,6000,0.0,24.0,0.0,0,0.0,120.0,5500,0.0,2.05,4.15,0,2,2,98.5,97.9,0,0,0,0.0,0.0,0.0,0.0,0.0,0.0,1.0025,1,0,0,0,0,0,0,0.0,0.0,6.944,24.7,51.6,1013.1
2026-09-16T15:44:06,102.0,1,Ronda 1,1,Limpieza Química,101,120,0.0,DC,85.0,84.8,85.0,1,55.0,95.0,4400,247.5,24.0,0.0,0,0.0,105.0,4800,0.0,24.0,0.0,0,0.0,130.0,6000,0.0,24.0,0.0,0,0.0,120.0,5500,0.0,2.05,4.15,0,2,2,98.5,97.9,0,0,0,0.0,0.0,0.0,0.0,0.0,0.0,1.0025,1,0,0,0,0,0,0,0.0,0.0,7.012,24.7,51.6,1013.1
2026-09-16T15:44:06,103.0,1,Ronda 1,1,Limpieza Química,102,120,0.0,DC,85.0,85.1,85.0,1,55.0,95.0,4400,247.5,24.0,0.0,0,0.0,105.0,4800,0.0,24.0,0.0,0,0.0,130.0,6000,0.0,24.0,0.0,0,0.0,120.0,5500,0.0,2.05,4.15,0,2,2,98.5,97.9,0,0,0,0.0,0.0,0.0,0.0,0.0,0.0,1.0025,1,0,0,0,0,0,0,0.0,0.0,7.081,24.7,51.6,1013.1
2026-09-16T15:44:06,104.0,1,Ronda 1,1,Limpieza Química,103,120,0.0,DC,85.0,85.4,85.0,1,55.0,95.0,4400,247.5,24.0,0.0,0,0.0,105.0,4800,0.0,24.0,0.0,0,0.0,130.0,6000,0.0,24.0,0.0,0,0.0,120.0,5500,0.0,2.05,4.15,0,2,2,98.5,97.9,0,0,0,0.0,0.0,0.0,0.0,0.0,0.0,1.0025,1,0,0,0,0,0,0,0.0,0.0,7.15,24.7,51.6,1013.1
2026-09-16T15:44:06,105.0,1,Ronda 1,1,Limpieza Química,104,120,0.0,DC,85.0,84.8,85.0,1,55.0,95.0,4400,247.5,24.0,0.0,0,0.0,105.0,4800,0.0,24.0,0.0,0,0.0,130.0,6000,0.0,24.0,0.0,0,0.0,120.0,5500,0.0,2.05,4.15,0,2,2,98.5,97.9,0,0,0,0.0,0.0,0.0,0.0,0.0,0.0,1.0025,1,0,0,0,0,0,0,0.0,0.0,7.219,24.7,51.6,1013.1
2026-09-16T15:44:06,106.0,1,Ronda 1,1,Limpieza Química,105,120,0.0,DC,85.0,84.6,85.0,1,55.0,95.0,4400,247.5,24.0,0.0,0,0.0,105.0,4800,0.0,24.0,0.0,0,0.0,130.0,6000,0.0,24.0,0.0,0,0.0,120.0,5500,0.0,2.05,4.15,0,2,2,98.5,97.9,0,0,0,0.0,0.0,0.0,0.0,0.0,0.0,1.0025,1,0,0,0,0,0,0,0.0,0.0,7.287,24.7,51.6,1013.1
2026-09-16T15:44:06,107.0,1,Ronda 1,1,Limpieza Química,106,120,0.0,DC,85.0,85.0,85.0,1,55.0,95.0,4400,247.5,24.0,0.0,0,0.0,105.0,4800,0.0,24.0,0.0,0,0.0,130.0,6000,0.0,24.0,0.0,0,0.0,120.0,5500,0.0,2.05,4.15,0,2,2,98.5,97.9,0,0,0,0.0,0.0,0.0,0.0,0.0,0.0,1.0025,1,0,0,0,0,0,0,0.0,0.0,7.356,24.7,51.6,1013.1
2026-09-16T15:44:06,108.0,1,Ronda 1,1,Limpieza Química,107,120,0.0,DC,85.0,85.0,85.0,1,55.0,95.0,4400,247.5,24.0,0.0,0,0.0,105.0,4800,0.0,24.0,0.0,0,0.0,130.0,6000,0.0,24.0,0.0,0,0.0,120.0,5500,0.0,2.05,4.15,0,2,2,98.5,97.9,0,0,0,0.0,0.0,0.0,0.0,0.0,0.0,1.0025,1,0,0,0,0,0,0,0.0,0.0,7.425,24.7,51.5,1013.1
2026-09-16T15:44:06,109.0,1,Ronda 1,1,Limpieza Química,108,120,0.0,DC,85.0,84.5,85.0,1,55.0,95.0,4400,247.5,24.0,0.0,0,0.0,105.0,4800,0.0,24.0,0.0,0,0.0,130.0,6000,0.0,24.0,0.0,0,0.0,120.0,5500,0.0,2.05,4.15,0,2,2,98.5,97.9,0,0,0,0.0,0.0,0.0,0.0,0.0,0.0,1.0025,1,0,0,0,0,0,0,0.0,0.0,7.494,24.7,51.5,1013.1
2026-09-16T15:44:06,110.0,1,Ronda 1,1,Limpieza Química,109,120,0.0,DC,85.0,85.1,85.0,1,55.0,95.0,4400,247.5,24.0,0.0,0,0.0,105.0,4800,0.0,24.0,0.0,0,0.0,130.0,6000,0.0,24.0,0.0,0,0.0,120.0,5500,0.0,2.05,4.15,0,2,2,98.5,97.9,0,0,0,0.0,0.0,0.0,0.0,0.0,0.0,1.0025,1,0,0,0,0,0,0,0.0,0.0,7.562,24.7,51.5,1013.1
2026-09-16T15:44:06,111.0,1,Ronda 1,1,Limpieza Química,110,120,0.0,DC,85.0,84.9,85.0,1,55.0,95.0,4400,247.5,24.0,0.0,0,0.0,105.0,4800,0.0,24.0,0.0,0,0.0,130.0,6000,0.0,24.0,0.0,0,0.0,120.0,5500,0.0,2.05,4.15,0,2,2,98.5,97.9,0,0,0,0.0,0.0,0.0,0.0,0.0,0.0,1.0025,1,0,0,0,0,0,0,0.0,0.0,7.631,24.7,51.5,1013.1
2026-09-16T15:44:06,112.0,1,Ronda 1,1,Limpieza Química,111,120,0.0,DC,85.0,84.9,85.0,1,55.0,95.0,4400,247.5,24.0,0.0,0,0.0,105.0,4800,0.0,24.0,0.0,0,0.0,130.0,6000,0.0,24.0,0.0,0,0.0,120.0,5500,0.0,2.05,4.15,0,2,2,98.5,97.9,0,0,0,0.0,0.0,0.0,0.0,0.0,0.0,1.0025,1,0,0,0,0,0,0,0.0,0.0,7.7,24.8,51.5,1013.1
2026-09-16T15:44:06,113.0,1,Ronda 1,1,Limpieza Química,112,120,0.0,DC,85.0,84.9,85.0,1,55.0,95.0,4400,247.5,24.0,0.0,0,0.0,105.0,4800,0.0,24.0,0.0,0,0.0,130.0,6000,0.0,24.0,0.0,0,0.0,120.0,5500,0.0,2.05,4.15,0,2,2,98.5,97.9,0,0,0,0.0,0.0,0.0,0.0,0.0,0.0,1.0025,1,0,0,0,0,0,0,0.0,0.0,7.769,24.8,51.5,1013.1
2026-09-16T15:44:06,114.0,1,Ronda 1,1,Limpieza Química,113,120,0.0,DC,85.0,85.1,85.0,1,55.0,95.0,4400,247.5,24.0,0.0,0,0.0,105.0,4800,0.0,24.0,0.0,0,0.0,130.0,6000,0.0,24.0,0.0,0,0.0,120.0,5500,0.0,2.05,4.15,0,2,2,98.5,97.9,0,0,0,0.0,0.0,0.0,0.0,0.0,0.0,1.0025,1,0,0,0,0,0,0,0.0,0.0,7.837,24.8,51.5,1013.1
2026-09-16T15:44:06,115.0,1,Ronda 1,1,Limpieza Química,114,120,0.0,DC,85.0,84.9,85.0,1,55.0,95.0,4400,247.5,24.0,0.0,0,0.0,105.0,4800,0.0,24.0,0.0,0,0.0,130.0,6000,0.0,24.0,0.0,0,0.0,120.0,5500,0.0,2.05,4.15,0,2,2,98.5,97.9,0,0,0,0.0,0.0,0.0,0.0,0.0,0.0,1.0025,1,0,0,0,0,0,0,0.0,0.0,7.906,24.8,51.5,1013.1
2026-09-16T15:44:06,116.0,1,Ronda 1,1,Limpieza Química,115,120,0.0,DC,85.0,84.8,85.0,1,55.0,95.0,4400,247.5,24.0,0.0,0,0.0,105.0,4800,0.0,24.0,0.0,0,0.0,130.0,6000,0.0,24.0,0.0,0,0.0,120.0,5500,0.0,2.05,4.15,0,2,2,98.5,97.9,0,0,0,0.0,0.0,0.0,0.0,0.0,0.0,1.0025,1,0,0,0,0,0,0,0.0,0.0,7.975,24.8,51.5,1013.1
2026-09-16T15:44:06,117.0,1,Ronda 1,1,Limpieza Química,116,120,0.0,DC,85.0,85.0,85.0,1,55.0,95.0,4400,247.5,24.0,0.0,0,0.0,105.0,4800,0.0,24.0,0.0,0,0.0,130.0,6000,0.0,24.0,0.0,0,0.0,120.0,5500,0.0,2.05,4.15,0,2,2,98.5,97.9,0,0,0,0.0,0.0,0.0,0.0,0.0,0.0,1.0025,1,0,0,0,0,0,0,0.0,0.0,8.044,24.8,51.5,1013.1
2026-09-16T15:44:06,118.0,1,Ronda 1,1,Limpieza Química,117,120,0.0,DC,85.0,85.1,85.0,1,55.0,95.0,4400,247.5,24.0,0.0,0,0.0,105.0,4800,0.0,24.0,0.0,0,0.0,130.0,6000,0.0,24.0,0.0,0,0.0,120.0,5500,0.0,2.05,4.15,0,2,2,98.5,97.9,0,0,0,0.0,0.0,0.0,0.0,0.0,0.0,1.0025,1,0,0,0,0,0,0,0.0,0.0,8.112,24.8,51.5,1013.1
2026-09-16T15:44:06,119.0,1,Ronda 1,1,Limpieza Química,118,120,0.0,DC,85.0,84.8,85.0,1,55.0,95.0,4400,247.5,24.0,0.0,0,0.0,105.0,4800,0.0,24.0,0.0,0,0.0,130.0,6000,0.0,24.0,0.0,0,0.0,120.0,5500,0.0,2.05,4.15,0,2,2,98.5,97.9,0,0,0,0.0,0.0,0.0,0.0,0.0,0.0,1.0025,1,0,0,0,0,0,0,0.0,0.0,8.181,24.8,51.5,1013.1
2026-09-16T15:44:06,120.0,1,Ronda 1,1,Limpieza Química,119,120,0.0,DC,85.0,84.8,85.0,1,55.0,95.0,4400,247.5,24.0,0.0,0,0.0,105.0,4800,0.0,24.0,0.0,0,0.0,130.0,6000,0.0,24.0,0.0,0,0.0,120.0,5500,0.0,2.05,4.15,0,2,2,98.5,97.9,0,0,0,0.0,0.0,0.0,0.0,0.0,0.0,1.0025,1,0,0,0,0,0,0,0.0,0.0,8.25,24.8,51.5,1013.1
2026-09-16T15:44:06,134.7,1,Ronda 1,2,Decapado Ácido,0,80,0.0,DC,85.0,24.0,0.0,0,0.0,95.0,4400,0.0,84.7,85.0,1,45.0,105.0,4800,202.5,24.0,0.0,0,0.0,130.0,6000,0.0,24.0,0.0,0,0.0,120.0,5500,0.0,2.05,4.15,0,2,2,98.5,97.9,0,0,0,0.0,0.0,0.0,0.0,0.0,0.0,1.0025,1,0,0,0,0,0,0,0.0,0.0,8.306,24.8,51.4,1013.1
2026-09-16T15:44:06,135.7,1,Ronda 1,2,Decapado Ácido,1,80,0.0,DC,85.0,25.0,0.0,0,0.0,95.0,4400,0.0,85.5,85.0,1,45.0,105.0,4800,202.5,24.0,0.0,0,0.0,130.0,6000,0.0,24.0,0.0,0,0.0,120.0,5500,0.0,2.05,4.15,0,2,2,98.5,97.9,0,0,0,0.0,0.0,0.0,0.0,0.0,0.0,1.0025,1,0,0,0,0,0,0,0.0,0.0,8.362,24.8,51.4,1013.1
2026-09-16T15:44:06,136.7,1,Ronda 1,2,Decapado Ácido,2,80,0.0,DC,85.0,26.0,0.0,0,0.0,95.0,4400,0.0,84.8,85.0,1,45.0,105.0,4800,202.5,24.0,0.0,0,0.0,130.0,6000,0.0,24.0,0.0,0,0.0,120.0,5500,0.0,2.05,4.15,0,2,2,98.5,97.9,0,0,0,0.0,0.0,0.0,0.0,0.0,0.0,1.0025,1,0,0,0,0,0,0,0.0,0.0,8.419,24.8,51.4,1013.1
2026-09-16T15:44:06,137.7,1,Ronda 1,2,Decapado Ácido,3,80,0.0,DC,85.0,27.1,0.0,0,0.0,95.0,4400,0.0,84.9,85.0,1,45.0,105.0,4800,202.5,24.0,0.0,0,0.0,130.0,6000,0.0,24.0,0.0,0,0.0,120.0,5500,0.0,2.05,4.15,0,2,2,98.5,97.9,0,0,0,0.0,0.0,0.0,0.0,0.0,0.0,1.0025,1,0,0,0,0,0,0,0.0,0.0,8.475,24.8,51.4,1013.1
2026-09-16T15:44:06,138.7,1,Ronda 1,2,Decapado Ácido,4,80,0.0,DC,85.0,28.1,0.0,0,0.0,95.0,4400,0.0,84.9,85.0,1,45.0,105.0,4800,202.5,24.0,0.0,0,0.0,130.0,6000,0.0,24.0,0.0,0,0.0,120.0,5500,0.0,2.05,4.15,0,2,2,98.5,97.9,0,0,0,0.0,0.0,0.0,0.0,0.0,0.0,1.0025,1,0,0,0,0,0,0,0.0,0.0,8.531,24.8,51.4,1013.1
2026-09-16T15:44:06,139.7,1,Ronda 1,2,Decapado Ácido,5,80,0.0,DC,85.0,29.1,0.0,0,0.0,95.0,4400,0.0,84.8,85.0,1,45.0,105.0,4800,202.5,24.0,0.0,0,0.0,130.0,6000,0.0,24.0,0.0,0,0.0,120.0,5500,0.0,2.05,4.15,0,2,2,98.5,97.9,0,0,0,0.0,0.0,0.0,0.0,0.0,0.0,1.0025,1,0,0,0,0,0,0,0.0,0.0,8.587,24.8,51.4,1013.1
2026-09-16T15:44:06,140.7,1,Ronda 1,2,Decapado Ácido,6,80,0.0,DC,85.0,30.1,0.0,0,0.0,95.0,4400,0.0,84.9,85.0,1,45.0,105.0,4800,202.5,24.0,0.0,0,0.0,130.0,6000,0.0,24.0,0.0,0,0.0,120.0,5500,0.0,2.05,4.15,0,2,2,98.5,97.9,0,0,0,0.0,0.0,0.0,0.0,0.0,0.0,1.0025,1,0,0,0,0,0,0,0.0,0.0,8.644,24.8,51.4,1013.1
2026-09-16T15:44:06,141.7,1,Ronda 1,2,Decapado Ácido,7,80,0.0,DC,85.0,31.1,0.0,0,0.0,95.0,4400,0.0,85.3,85.0,1,45.0,105.0,4800,202.5,24.0,0.0,0,0.0,130.0,6000,0.0,24.0,0.0,0,0.0,120.0,5500,0.0,2.05,4.15,0,2,2,98.5,97.9,0,0,0,0.0,0.0,0.0,0.0,0.0,0.0,1.0025,1,0,0,0,0,0,0,0.0,0.0,8.7,24.8,51.4,1013.1
2026-09-16T15:44:06,142.7,1,Ronda 1,2,Decapado Ácido,8,80,0.0,DC,85.0,32.1,0.0,0,0.0,95.0,4400,0.0,85.1,85.0,1,45.0,105.0,4800,202.5,24.0,0.0,0,0.0,130.0,6000,0.0,24.0,0.0,0,0.0,120.0,5500,0.0,2.05,4.15,0,2,2,98.5,97.9,0,0,0,0.0,0.0,0.0,0.0,0.0,0.0,1.0025,1,0,0,0,0,0,0,0.0,0.0,8.756,24.8,51.4,1013.1
2026-09-16T15:44:06,143.7,1,Ronda 1,2,Decapado Ácido,9,80,0.0,DC,85.0,33.1,0.0,0,0.0,95.0,4400,0.0,84.9,85.0,1,45.0,105.0,4800,202.5,24.0,0.0,0,0.0,130.0,6000,0.0,24.0,0.0,0,0.0,120.0,5500,0.0,2.05,4.15,0,2,2,98.5,97.9,0,0,0,0.0,0.0,0.0,0.0,0.0,0.0,1.0025,1,0,0,0,0,0,0,0.0,0.0,8.812,24.8,51.4,1013.1
2026-09-16T15:44:06,144.7,1,Ronda 1,2,Decapado Ácido,10,80,0.0,DC,85.0,34.2,0.0,0,0.0,95.0,4400,0.0,85.1,85.0,1,45.0,105.0,4800,202.5,24.0,0.0,0,0.0,130.0,6000,0.0,24.0,0.0,0,0.0,120.0,5500,0.0,2.05,4.15,0,2,2,98.5,97.9,0,0,0,0.0,0.0,0.0,0.0,0.0,0.0,1.0025,1,0,0,0,0,0,0,0.0,0.0,8.869,24.8,51.4,1013.1
2026-09-16T15:44:06,145.7,1,Ronda 1,2,Decapado Ácido,11,80,0.0,DC,85.0,35.2,0.0,0,0.0,95.0,4400,0.0,85.6,85.0,1,45.0,105.0,4800,202.5,24.0,0.0,0,0.0,130.0,6000,0.0,24.0,0.0,0,0.0,120.0,5500,0.0,2.05,4.15,0,2,2,98.5,97.9,0,0,0,0.0,0.0,0.0,0.0,0.0,0.0,1.0025,1,0,0,0,0,0,0,0.0,0.0,8.925,24.8,51.4,1013.1
2026-09-16T15:44:06,146.7,1,Ronda 1,2,Decapado Ácido,12,80,0.0,DC,85.0,36.2,0.0,0,0.0,95.0,4400,0.0,85.5,85.0,1,45.0,105.0,4800,202.5,24.0,0.0,0,0.0,130.0,6000,0.0,24.0,0.0,0,0.0,120.0,5500,0.0,2.05,4.15,0,2,2,98.5,97.9,0,0,0,0.0,0.0,0.0,0.0,0.0,0.0,1.0025,1,0,0,0,0,0,0,0.0,0.0,8.981,24.8,51.4,1013.1
2026-09-16T15:44:06,147.7,1,Ronda 1,2,Decapado Ácido,13,80,0.0,DC,85.0,37.2,0.0,0,0.0,95.0,4400,0.0,85.3,85.0,1,45.0,105.0,4800,202.5,24.0,0.0,0,0.0,130.0,6000,0.0,24.0,0.0,0,0.0,120.0,5500,0.0,2.05,4.15,0,2,2,98.5,97.9,0,0,0,0.0,0.0,0.0,0.0,0.0,0.0,1.0025,1,0,0,0,0,0,0,0.0,0.0,9.037,24.8,51.4,1013.1
2026-09-16T15:44:06,148.7,1,Ronda 1,2,Decapado Ácido,14,80,0.0,DC,85.0,38.2,0.0,0,0.0,95.0,4400,0.0,85.0,85.0,1,45.0,105.0,4800,202.5,24.0,0.0,0,0.0,130.0,6000,0.0,24.0,0.0,0,0.0,120.0,5500,0.0,2.05,4.15,0,2,2,98.5,97.9,0,0,0,0.0,0.0,0.0,0.0,0.0,0.0,1.0025,1,0,0,0,0,0,0,0.0,0.0,9.094,24.8,51.4,1013.1
2026-09-16T15:44:06,149.7,1,Ronda 1,2,Decapado Ácido,15,80,0.0,DC,85.0,39.2,0.0,0,0.0,95.0,4400,0.0,85.0,85.0,1,45.0,105.0,4800,202.5,24.0,0.0,0,0.0,130.0,6000,0.0,24.0,0.0,0,0.0,120.0,5500,0.0,2.05,4.15,0,2,2,98.5,97.9,0,0,0,0.0,0.0,0.0,0.0,0.0,0.0,1.0025,1,0,0,0,0,0,0,0.0,0.0,9.15,24.8,51.4,1013.1
2026-09-16T15:44:06,150.7,1,Ronda 1,2,Decapado Ácido,16,80,0.0,DC,85.0,40.3,0.0,0,0.0,95.0,4400,0.0,85.0,85.0,1,45.0,105.0,4800,202.5,24.0,0.0,0,0.0,130.0,6000,0.0,24.0,0.0,0,0.0,120.0,5500,0.0,2.05,4.15,0,2,2,98.5,97.9,0,0,0,0.0,0.0,0.0,0.0,0.0,0.0,1.0025,1,0,0,0,0,0,0,0.0,0.0,9.206,24.8,51.4,1013.1
2026-09-16T15:44:06,151.7,1,Ronda 1,2,Decapado Ácido,17,80,0.0,DC,85.0,41.3,0.0,0,0.0,95.0,4400,0.0,84.8,85.0,1,45.0,105.0,4800,202.5,24.0,0.0,0,0.0,130.0,6000,0.0,24.0,0.0,0,0.0,120.0,5500,0.0,2.05,4.15,0,2,2,98.5,97.9,0,0,0,0.0,0.0,0.0,0.0,0.0,0.0,1.0025,1,0,0,0,0,0,0,0.0,0.0,9.262,24.8,51.4,1013.1
2026-09-16T15:44:06,152.7,1,Ronda 1,2,Decapado Ácido,18,80,0.0,DC,85.0,42.3,0.0,0,0.0,95.0,4400,0.0,85.3,85.0,1,45.0,105.0,4800,202.5,24.0,0.0,0,0.0,130.0,6000,0.0,24.0,0.0,0,0.0,120.0,5500,0.0,2.05,4.15,0,2,2,98.5,97.9,0,0,0,0.0,0.0,0.0,0.0,0.0,0.0,1.0025,1,0,0,0,0,0,0,0.0,0.0,9.319,24.8,51.4,1013.1
2026-09-16T15:44:06,153.7,1,Ronda 1,2,Decapado Ácido,19,80,0.0,DC,85.0,43.3,0.0,0,0.0,95.0,4400,0.0,85.1,85.0,1,45.0,105.0,4800,202.5,24.0,0.0,0,0.0,130.0,6000,0.0,24.0,0.0,0,0.0,120.0,5500,0.0,2.05,4.15,0,2,2,98.5,97.9,0,0,0,0.0,0.0,0.0,0.0,0.0,0.0,1.0025,1,0,0,0,0,0,0,0.0,0.0,9.375,24.8,51.4,1013.1
2026-09-16T15:44:06,154.7,1,Ronda 1,2,Decapado Ácido,20,80,0.0,DC,85.0,44.3,0.0,0,0.0,95.0,4400,0.0,84.9,85.0,1,45.0,105.0,4800,202.5,24.0,0.0,0,0.0,130.0,6000,0.0,24.0,0.0,0,0.0,120.0,5500,0.0,2.05,4.15,0,2,2,98.5,97.9,0,0,0,0.0,0.0,0.0,0.0,0.0,0.0,1.0025,1,0,0,0,0,0,0,0.0,0.0,9.431,24.8,51.4,1013.1
2026-09-16T15:44:06,155.7,1,Ronda 1,2,Decapado Ácido,21,80,0.0,DC,85.0,45.3,0.0,0,0.0,95.0,4400,0.0,85.0,85.0,1,45.0,105.0,4800,202.5,24.0,0.0,0,0.0,130.0,6000,0.0,24.0,0.0,0,0.0,120.0,5500,0.0,2.05,4.15,0,2,2,98.5,97.9,0,0,0,0.0,0.0,0.0,0.0,0.0,0.0,1.0025,1,0,0,0,0,0,0,0.0,0.0,9.487,24.8,51.4,1013.1
2026-09-16T15:44:06,156.7,1,Ronda 1,2,Decapado Ácido,22,80,0.0,DC,85.0,46.4,0.0,0,0.0,95.0,4400,0.0,84.9,85.0,1,45.0,105.0,4800,202.5,24.0,0.0,0,0.0,130.0,6000,0.0,24.0,0.0,0,0.0,120.0,5500,0.0,2.05,4.15,0,2,2,98.5,97.9,0,0,0,0.0,0.0,0.0,0.0,0.0,0.0,1.0025,1,0,0,0,0,0,0,0.0,0.0,9.544,24.8,51.3,1013.1
2026-09-16T15:44:06,157.7,1,Ronda 1,2,Decapado Ácido,23,80,0.0,DC,85.0,47.4,0.0,0,0.0,95.0,4400,0.0,85.0,85.0,1,45.0,105.0,4800,202.5,24.0,0.0,0,0.0,130.0,6000,0.0,24.0,0.0,0,0.0,120.0,5500,0.0,2.05,4.15,0,2,2,98.5,97.9,0,0,0,0.0,0.0,0.0,0.0,0.0,0.0,1.0025,1,0,0,0,0,0,0,0.0,0.0,9.6,24.8,51.3,1013.1
2026-09-16T15:44:06,158.7,1,Ronda 1,2,Decapado Ácido,24,80,0.0,DC,85.0,48.4,0.0,0,0.0,95.0,4400,0.0,84.8,85.0,1,45.0,105.0,4800,202.5,24.0,0.0,0,0.0,130.0,6000,0.0,24.0,0.0,0,0.0,120.0,5500,0.0,2.05,4.15,0,2,2,98.5,97.9,0,0,0,0.0,0.0,0.0,0.0,0.0,0.0,1.0025,1,0,0,0,0,0,0,0.0,0.0,9.656,24.8,51.3,1013.1
2026-09-16T15:44:06,159.7,1,Ronda 1,2,Decapado Ácido,25,80,0.0,DC,85.0,49.4,0.0,0,0.0,95.0,4400,0.0,84.9,85.0,1,45.0,105.0,4800,202.5,24.0,0.0,0,0.0,130.0,6000,0.0,24.0,0.0,0,0.0,120.0,5500,0.0,2.05,4.15,0,2,2,98.5,97.9,0,0,0,0.0,0.0,0.0,0.0,0.0,0.0,1.0025,1,0,0,0,0,0,0,0.0,0.0,9.712,24.8,51.3,1013.1
2026-09-16T15:44:06,160.7,1,Ronda 1,2,Decapado Ácido,26,80,0.0,DC,85.0,50.4,0.0,0,0.0,95.0,4400,0.0,84.7,85.0,1,45.0,105.0,4800,202.5,24.0,0.0,0,0.0,130.0,6000,0.0,24.0,0.0,0,0.0,120.0,5500,0.0,2.05,4.15,0,2,2,98.5,97.9,0,0,0,0.0,0.0,0.0,0.0,0.0,0.0,1.0025,1,0,0,0,0,0,0,0.0,0.0,9.769,24.8,51.3,1013.1
2026-09-16T15:44:06,161.7,1,Ronda 1,2,Decapado Ácido,27,80,0.0,DC,85.0,51.5,0.0,0,0.0,95.0,4400,0.0,85.3,85.0,1,45.0,105.0,4800,202.5,24.0,0.0,0,0.0,130.0,6000,0.0,24.0,0.0,0,0.0,120.0,5500,0.0,2.05,4.15,0,2,2,98.5,97.9,0,0,0,0.0,0.0,0.0,0.0,0.0,0.0,1.0025,1,0,0,0,0,0,0,0.0,0.0,9.825,24.8,51.3,1013.1
2026-09-16T15:44:06,162.7,1,Ronda 1,2,Decapado Ácido,28,80,0.0,DC,85.0,52.5,0.0,0,0.0,95.0,4400,0.0,85.0,85.0,1,45.0,105.0,4800,202.5,24.0,0.0,0,0.0,130.0,6000,0.0,24.0,0.0,0,0.0,120.0,5500,0.0,2.05,4.15,0,2,2,98.5,97.9,0,0,0,0.0,0.0,0.0,0.0,0.0,0.0,1.0025,1,0,0,0,0,0,0,0.0,0.0,9.881,24.8,51.3,1013.1
2026-09-16T15:44:06,163.7,1,Ronda 1,2,Decapado Ácido,29,80,0.0,DC,85.0,53.5,0.0,0,0.0,95.0,4400,0.0,84.8,85.0,1,45.0,105.0,4800,202.5,24.0,0.0,0,0.0,130.0,6000,0.0,24.0,0.0,0,0.0,120.0,5500,0.0,2.05,4.15,0,2,2,98.5,97.9,0,0,0,0.0,0.0,0.0,0.0,0.0,0.0,1.0025,1,0,0,0,0,0,0,0.0,0.0,9.937,24.8,51.3,1013.1
2026-09-16T15:44:06,164.7,1,Ronda 1,2,Decapado Ácido,30,80,0.0,DC,85.0,54.5,0.0,0,0.0,95.0,4400,0.0,85.0,85.0,1,45.0,105.0,4800,202.5,24.0,0.0,0,0.0,130.0,6000,0.0,24.0,0.0,0,0.0,120.0,5500,0.0,2.05,4.15,0,2,2,98.5,97.9,0,0,0,0.0,0.0,0.0,0.0,0.0,0.0,1.0025,1,0,0,0,0,0,0,0.0,0.0,9.994,24.8,51.3,1013.1
2026-09-16T15:44:06,165.7,1,Ronda 1,2,Decapado Ácido,31,80,0.0,DC,85.0,55.5,0.0,0,0.0,95.0,4400,0.0,84.7,85.0,1,45.0,105.0,4800,202.5,24.0,0.0,0,0.0,130.0,6000,0.0,24.0,0.0,0,0.0,120.0,5500,0.0,2.05,4.15,0,2,2,98.5,97.9,0,0,0,0.0,0.0,0.0,0.0,0.0,0.0,1.0025,1,0,0,0,0,0,0,0.0,0.0,10.05,24.8,51.3,1013.1
2026-09-16T15:44:06,166.7,1,Ronda 1,2,Decapado Ácido,32,80,0.0,DC,85.0,56.5,0.0,0,0.0,95.0,4400,0.0,85.2,85.0,1,45.0,105.0,4800,202.5,24.0,0.0,0,0.0,130.0,6000,0.0,24.0,0.0,0,0.0,120.0,5500,0.0,2.05,4.15,0,2,2,98.5,97.9,0,0,0,0.0,0.0,0.0,0.0,0.0,0.0,1.0025,1,0,0,0,0,0,0,0.0,0.0,10.106,24.8,51.3,1013.1
2026-09-16T15:44:06,167.7,1,Ronda 1,2,Decapado Ácido,33,80,0.0,DC,85.0,57.6,0.0,0,0.0,95.0,4400,0.0,85.2,85.0,1,45.0,105.0,4800,202.5,24.0,0.0,0,0.0,130.0,6000,0.0,24.0,0.0,0,0.0,120.0,5500,0.0,2.05,4.15,0,2,2,98.5,97.9,0,0,0,0.0,0.0,0.0,0.0,0.0,0.0,1.0025,1,0,0,0,0,0,0,0.0,0.0,10.162,24.8,51.3,1013.1
2026-09-16T15:44:06,168.7,1,Ronda 1,2,Decapado Ácido,34,80,0.0,DC,85.0,58.6,0.0,0,0.0,95.0,4400,0.0,84.9,85.0,1,45.0,105.0,4800,202.5,24.0,0.0,0,0.0,130.0,6000,0.0,24.0,0.0,0,0.0,120.0,5500,0.0,2.05,4.15,0,2,2,98.5,97.9,0,0,0,0.0,0.0,0.0,0.0,0.0,0.0,1.0025,1,0,0,0,0,0,0,0.0,0.0,10.219,24.8,51.3,1013.1
2026-09-16T15:44:06,169.7,1,Ronda 1,2,Decapado Ácido,35,80,0.0,DC,85.0,59.6,0.0,0,0.0,95.0,4400,0.0,84.9,85.0,1,45.0,105.0,4800,202.5,24.0,0.0,0,0.0,130.0,6000,0.0,24.0,0.0,0,0.0,120.0,5500,0.0,2.05,4.15,0,2,2,98.5,97.9,0,0,0,0.0,0.0,0.0,0.0,0.0,0.0,1.0025,1,0,0,0,0,0,0,0.0,0.0,10.275,24.8,51.3,1013.1
2026-09-16T15:44:06,170.7,1,Ronda 1,2,Decapado Ácido,36,80,0.0,DC,85.0,60.6,0.0,0,0.0,95.0,4400,0.0,85.0,85.0,1,45.0,105.0,4800,202.5,24.0,0.0,0,0.0,130.0,6000,0.0,24.0,0.0,0,0.0,120.0,5500,0.0,2.05,4.15,0,2,2,98.5,97.9,0,0,0,0.0,0.0,0.0,0.0,0.0,0.0,1.0025,1,0,0,0,0,0,0,0.0,0.0,10.331,24.8,51.3,1013.1
2026-09-16T15:44:06,171.7,1,Ronda 1,2,Decapado Ácido,37,80,0.0,DC,85.0,61.6,0.0,0,0.0,95.0,4400,0.0,84.7,85.0,1,45.0,105.0,4800,202.5,24.0,0.0,0,0.0,130.0,6000,0.0,24.0,0.0,0,0.0,120.0,5500,0.0,2.05,4.15,0,2,2,98.5,97.9,0,0,0,0.0,0.0,0.0,0.0,0.0,0.0,1.0025,1,0,0,0,0,0,0,0.0,0.0,10.387,24.8,51.3,1013.1
2026-09-16T15:44:06,172.7,1,Ronda 1,2,Decapado Ácido,38,80,0.0,DC,85.0,62.6,0.0,0,0.0,95.0,4400,0.0,85.1,85.0,1,45.0,105.0,4800,202.5,24.0,0.0,0,0.0,130.0,6000,0.0,24.0,0.0,0,0.0,120.0,5500,0.0,2.05,4.15,0,2,2,98.5,97.9,0,0,0,0.0,0.0,0.0,0.0,0.0,0.0,1.0025,1,0,0,0,0,0,0,0.0,0.0,10.444,24.8,51.3,1013.1
2026-09-16T15:44:06,173.7,1,Ronda 1,2,Decapado Ácido,39,80,0.0,DC,85.0,63.6,0.0,0,0.0,95.0,4400,0.0,85.2,85.0,1,45.0,105.0,4800,202.5,24.0,0.0,0,0.0,130.0,6000,0.0,24.0,0.0,0,0.0,120.0,5500,0.0,2.05,4.15,0,2,2,98.5,97.9,0,0,0,0.0,0.0,0.0,0.0,0.0,0.0,1.0025,1,0,0,0,0,0,0,0.0,0.0,10.5,24.8,51.3,1013.1
2026-09-16T15:44:06,174.7,1,Ronda 1,2,Decapado Ácido,40,80,0.0,DC,85.0,64.7,0.0,0,0.0,95.0,4400,0.0,85.2,85.0,1,45.0,105.0,4800,202.5,24.0,0.0,0,0.0,130.0,6000,0.0,24.0,0.0,0,0.0,120.0,5500,0.0,2.05,4.15,0,2,2,98.5,97.9,0,0,0,0.0,0.0,0.0,0.0,0.0,0.0,1.0025,1,0,0,0,0,0,0,0.0,0.0,10.556,24.8,51.3,1013.1
2026-09-16T15:44:06,175.7,1,Ronda 1,2,Decapado Ácido,41,80,0.0,DC,85.0,65.7,0.0,0,0.0,95.0,4400,0.0,84.8,85.0,1,45.0,105.0,4800,202.5,24.0,0.0,0,0.0,130.0,6000,0.0,24.0,0.0,0,0.0,120.0,5500,0.0,2.05,4.15,0,2,2,98.5,97.9,0,0,0,0.0,0.0,0.0,0.0,0.0,0.0,1.0025,1,0,0,0,0,0,0,0.0,0.0,10.612,24.8,51.3,1013.1
2026-09-16T15:44:06,176.7,1,Ronda 1,2,Decapado Ácido,42,80,0.0,DC,85.0,66.7,0.0,0,0.0,95.0,4400,0.0,85.1,85.0,1,45.0,105.0,4800,202.5,24.0,0.0,0,0.0,130.0,6000,0.0,24.0,0.0,0,0.0,120.0,5500,0.0,2.05,4.15,0,2,2,98.5,97.9,0,0,0,0.0,0.0,0.0,0.0,0.0,0.0,1.0025,1,0,0,0,0,0,0,0.0,0.0,10.669,24.8,51.3,1013.1
2026-09-16T15:44:06,177.7,1,Ronda 1,2,Decapado Ácido,43,80,0.0,DC,85.0,67.7,0.0,0,0.0,95.0,4400,0.0,84.8,85.0,1,45.0,105.0,4800,202.5,24.0,0.0,0,0.0,130.0,6000,0.0,24.0,0.0,0,0.0,120.0,5500,0.0,2.05,4.15,0,2,2,98.5,97.9,0,0,0,0.0,0.0,0.0,0.0,0.0,0.0,1.0025,1,0,0,0,0,0,0,0.0,0.0,10.725,24.8,51.3,1013.1
2026-09-16T15:44:06,178.7,1,Ronda 1,2,Decapado Ácido,44,80,0.0,DC,85.0,68.7,0.0,0,0.0,95.0,4400,0.0,85.2,85.0,1,45.0,105.0,4800,202.5,24.0,0.0,0,0.0,130.0,6000,0.0,24.0,0.0,0,0.0,120.0,5500,0.0,2.05,4.15,0,2,2,98.5,97.9,0,0,0,0.0,0.0,0.0,0.0,0.0,0.0,1.0025,1,0,0,0,0,0,0,0.0,0.0,10.781,24.8,51.3,1013.1
2026-09-16T15:44:06,179.7,1,Ronda 1,2,Decapado Ácido,45,80,0.0,DC,85.0,69.8,0.0,0,0.0,95.0,4400,0.0,84.7,85.0,1,45.0,105.0,4800,202.5,24.0,0.0,0,0.0,130.0,6000,0.0,24.0,0.0,0,0.0,120.0,5500,0.0,2.05,4.15,0,2,2,98.5,97.9,0,0,0,0.0,0.0,0.0,0.0,0.0,0.0,1.0025,1,0,0,0,0,0,0,0.0,0.0,10.837,24.8,51.3,1013.1
2026-09-16T15:44:06,180.7,1,Ronda 1,2,Decapado Ácido,46,80,0.0,DC,85.0,70.8,0.0,0,0.0,95.0,4400,0.0,85.1,85.0,1,45.0,105.0,4800,202.5,24.0,0.0,0,0.0,130.0,6000,0.0,24.0,0.0,0,0.0,120.0,5500,0.0,2.05,4.15,0,2,2,98.5,97.9,0,0,0,0.0,0.0,0.0,0.0,0.0,0.0,1.0025,1,0,0,0,0,0,0,0.0,0.0,10.894,24.8,51.2,1013.1
2026-09-16T15:44:06,181.7,1,Ronda 1,2,Decapado Ácido,47,80,0.0,DC,85.0,71.8,0.0,0,0.0,95.0,4400,0.0,85.1,85.0,1,45.0,105.0,4800,202.5,24.0,0.0,0,0.0,130.0,6000,0.0,24.0,0.0,0,0.0,120.0,5500,0.0,2.05,4.15,0,2,2,98.5,97.9,0,0,0,0.0,0.0,0.0,0.0,0.0,0.0,1.0025,1,0,0,0,0,0,0,0.0,0.0,10.95,24.8,51.2,1013.1
2026-09-16T15:44:06,182.7,1,Ronda 1,2,Decapado Ácido,48,80,0.0,DC,85.0,72.8,0.0,0,0.0,95.0,4400,0.0,85.1,85.0,1,45.0,105.0,4800,202.5,24.0,0.0,0,0.0,130.0,6000,0.0,24.0,0.0,0,0.0,120.0,5500,0.0,2.05,4.15,0,2,2,98.5,97.9,0,0,0,0.0,0.0,0.0,0.0,0.0,0.0,1.0025,1,0,0,0,0,0,0,0.0,0.0,11.006,24.8,51.2,1013.1
2026-09-16T15:44:06,183.7,1,Ronda 1,2,Decapado Ácido,49,80,0.0,DC,85.0,73.8,0.0,0,0.0,95.0,4400,0.0,85.0,85.0,1,45.0,105.0,4800,202.5,24.0,0.0,0,0.0,130.0,6000,0.0,24.0,0.0,0,0.0,120.0,5500,0.0,2.05,4.15,0,2,2,98.5,97.9,0,0,0,0.0,0.0,0.0,0.0,0.0,0.0,1.0025,1,0,0,0,0,0,0,0.0,0.0,11.062,24.8,51.2,1013.1
2026-09-16T15:44:06,184.7,1,Ronda 1,2,Decapado Ácido,50,80,0.0,DC,85.0,74.8,0.0,0,0.0,95.0,4400,0.0,85.0,85.0,1,45.0,105.0,4800,202.5,24.0,0.0,0,0.0,130.0,6000,0.0,24.0,0.0,0,0.0,120.0,5500,0.0,2.05,4.15,0,2,2,98.5,97.9,0,0,0,0.0,0.0,0.0,0.0,0.0,0.0,1.0025,1,0,0,0,0,0,0,0.0,0.0,11.119,24.8,51.2,1013.1
2026-09-16T15:44:06,185.7,1,Ronda 1,2,Decapado Ácido,51,80,0.0,DC,85.0,75.8,0.0,0,0.0,95.0,4400,0.0,85.0,85.0,1,45.0,105.0,4800,202.5,24.0,0.0,0,0.0,130.0,6000,0.0,24.0,0.0,0,0.0,120.0,5500,0.0,2.05,4.15,0,2,2,98.5,97.9,0,0,0,0.0,0.0,0.0,0.0,0.0,0.0,1.0025,1,0,0,0,0,0,0,0.0,0.0,11.175,24.8,51.2,1013.1
2026-09-16T15:44:06,186.7,1,Ronda 1,2,Decapado Ácido,52,80,0.0,DC,85.0,76.9,0.0,0,0.0,95.0,4400,0.0,84.8,85.0,1,45.0,105.0,4800,202.5,24.0,0.0,0,0.0,130.0,6000,0.0,24.0,0.0,0,0.0,120.0,5500,0.0,2.05,4.15,0,2,2,98.5,97.9,0,0,0,0.0,0.0,0.0,0.0,0.0,0.0,1.0025,1,0,0,0,0,0,0,0.0,0.0,11.231,24.8,51.2,1013.1
2026-09-16T15:44:06,187.7,1,Ronda 1,2,Decapado Ácido,53,80,0.0,DC,85.0,77.9,0.0,0,0.0,95.0,4400,0.0,84.9,85.0,1,45.0,105.0,4800,202.5,24.0,0.0,0,0.0,130.0,6000,0.0,24.0,0.0,0,0.0,120.0,5500,0.0,2.05,4.15,0,2,2,98.5,97.9,0,0,0,0.0,0.0,0.0,0.0,0.0,0.0,1.0025,1,0,0,0,0,0,0,0.0,0.0,11.288,24.8,51.2,1013.1
2026-09-16T15:44:06,188.7,1,Ronda 1,2,Decapado Ácido,54,80,0.0,DC,85.0,78.9,0.0,0,0.0,95.0,4400,0.0,85.0,85.0,1,45.0,105.0,4800,202.5,24.0,0.0,0,0.0,130.0,6000,0.0,24.0,0.0,0,0.0,120.0,5500,0.0,2.05,4.15,0,2,2,98.5,97.9,0,0,0,0.0,0.0,0.0,0.0,0.0,0.0,1.0025,1,0,0,0,0,0,0,0.0,0.0,11.344,24.8,51.2,1013.1
2026-09-16T15:44:06,189.7,1,Ronda 1,2,Decapado Ácido,55,80,0.0,DC,85.0,79.9,0.0,0,0.0,95.0,4400,0.0,84.9,85.0,1,45.0,105.0,4800,202.5,24.0,0.0,0,0.0,130.0,6000,0.0,24.0,0.0,0,0.0,120.0,5500,0.0,2.05,4.15,0,2,2,98.5,97.9,0,0,0,0.0,0.0,0.0,0.0,0.0,0.0,1.0025,1,0,0,0,0,0,0,0.0,0.0,11.4,24.8,51.2,1013.1
2026-09-16T15:44:06,190.7,1,Ronda 1,2,Decapado Ácido,56,80,0.0,DC,85.0,80.9,0.0,0,0.0,95.0,4400,0.0,84.5,85.0,1,45.0,105.0,4800,202.5,24.0,0.0,0,0.0,130.0,6000,0.0,24.0,0.0,0,0.0,120.0,5500,0.0,2.05,4.15,0,2,2,98.5,97.9,0,0,0,0.0,0.0,0.0,0.0,0.0,0.0,1.0025,1,0,0,0,0,0,0,0.0,0.0,11.456,24.8,51.2,1013.1
2026-09-16T15:44:06,191.7,1,Ronda 1,2,Decapado Ácido,57,80,0.0,DC,85.0,81.9,0.0,0,0.0,95.0,4400,0.0,84.8,85.0,1,45.0,105.0,4800,202.5,24.0,0.0,0,0.0,130.0,6000,0.0,24.0,0.0,0,0.0,120.0,5500,0.0,2.05,4.15,0,2,2,98.5,97.9,0,0,0,0.0,0.0,0.0,0.0,0.0,0.0,1.0025,1,0,0,0,0,0,0,0.0,0.0,11.513,24.8,51.2,1013.1
2026-09-16T15:44:06,192.7,1,Ronda 1,2,Decapado Ácido,58,80,0.0,DC,85.0,83.0,0.0,0,0.0,95.0,4400,0.0,85.1,85.0,1,45.0,105.0,4800,202.5,24.0,0.0,0,0.0,130.0,6000,0.0,24.0,0.0,0,0.0,120.0,5500,0.0,2.05,4.15,0,2,2,98.5,97.9,0,0,0,0.0,0.0,0.0,0.0,0.0,0.0,1.0025,1,0,0,0,0,0,0,0.0,0.0,11.569,24.8,51.2,1013.1
2026-09-16T15:44:06,193.7,1,Ronda 1,2,Decapado Ácido,59,80,0.0,DC,85.0,84.0,0.0,0,0.0,95.0,4400,0.0,85.2,85.0,1,45.0,105.0,4800,202.5,24.0,0.0,0,0.0,130.0,6000,0.0,24.0,0.0,0,0.0,120.0,5500,0.0,2.05,4.15,0,2,2,98.5,97.9,0,0,0,0.0,0.0,0.0,0.0,0.0,0.0,1.0025,1,0,0,0,0,0,0,0.0,0.0,11.625,24.8,51.2,1013.1
2026-09-16T15:44:06,194.7,1,Ronda 1,2,Decapado Ácido,60,80,0.0,DC,85.0,85.0,0.0,0,0.0,95.0,4400,0.0,85.2,85.0,1,45.0,105.0,4800,202.5,24.0,0.0,0,0.0,130.0,6000,0.0,24.0,0.0,0,0.0,120.0,5500,0.0,2.05,4.15,0,2,2,98.5,97.9,0,0,0,0.0,0.0,0.0,0.0,0.0,0.0,1.0025,1,0,0,0,0,0,0,0.0,0.0,11.681,24.8,51.2,1013.1
2026-09-16T15:44:06,195.7,1,Ronda 1,2,Decapado Ácido,61,80,0.0,DC,85.0,85.0,0.0,0,0.0,95.0,4400,0.0,85.3,85.0,1,45.0,105.0,4800,202.5,24.0,0.0,0,0.0,130.0,6000,0.0,24.0,0.0,0,0.0,120.0,5500,0.0,2.05,4.15,0,2,2,98.5,97.9,0,0,0,0.0,0.0,0.0,0.0,0.0,0.0,1.0025,1,0,0,0,0,0,0,0.0,0.0,11.738,24.8,51.2,1013.1
2026-09-16T15:44:06,196.7,1,Ronda 1,2,Decapado Ácido,62,80,0.0,DC,85.0,85.0,0.0,0,0.0,95.0,4400,0.0,84.9,85.0,1,45.0,105.0,4800,202.5,24.0,0.0,0,0.0,130.0,6000,0.0,24.0,0.0,0,0.0,120.0,5500,0.0,2.05,4.15,0,2,2,98.5,97.9,0,0,0,0.0,0.0,0.0,0.0,0.0,0.0,1.0025,1,0,0,0,0,0,0,0.0,0.0,11.794,24.8,51.2,1013.1
2026-09-16T15:44:06,197.7,1,Ronda 1,2,Decapado Ácido,63,80,0.0,DC,85.0,85.0,0.0,0,0.0,95.0,4400,0.0,85.0,85.0,1,45.0,105.0,4800,202.5,24.0,0.0,0,0.0,130.0,6000,0.0,24.0,0.0,0,0.0,120.0,5500,0.0,2.05,4.15,0,2,2,98.5,97.9,0,0,0,0.0,0.0,0.0,0.0,0.0,0.0,1.0025,1,0,0,0,0,0,0,0.0,0.0,11.85,24.8,51.2,1013.1
2026-09-16T15:44:06,198.7,1,Ronda 1,2,Decapado Ácido,64,80,0.0,DC,85.0,85.0,0.0,0,0.0,95.0,4400,0.0,85.1,85.0,1,45.0,105.0,4800,202.5,24.0,0.0,0,0.0,130.0,6000,0.0,24.0,0.0,0,0.0,120.0,5500,0.0,2.05,4.15,0,2,2,98.5,97.9,0,0,0,0.0,0.0,0.0,0.0,0.0,0.0,1.0025,1,0,0,0,0,0,0,0.0,0.0,11.906,24.8,51.2,1013.1
2026-09-16T15:44:06,199.7,1,Ronda 1,2,Decapado Ácido,65,80,0.0,DC,85.0,85.0,0.0,0,0.0,95.0,4400,0.0,84.9,85.0,1,45.0,105.0,4800,202.5,24.0,0.0,0,0.0,130.0,6000,0.0,24.0,0.0,0,0.0,120.0,5500,0.0,2.05,4.15,0,2,2,98.5,97.9,0,0,0,0.0,0.0,0.0,0.0,0.0,0.0,1.0025,1,0,0,0,0,0,0,0.0,0.0,11.963,24.8,51.2,1013.1
2026-09-16T15:44:06,200.7,1,Ronda 1,2,Decapado Ácido,66,80,0.0,DC,85.0,85.0,0.0,0,0.0,95.0,4400,0.0,84.8,85.0,1,45.0,105.0,4800,202.5,24.0,0.0,0,0.0,130.0,6000,0.0,24.0,0.0,0,0.0,120.0,5500,0.0,2.05,4.15,0,2,2,98.5,97.9,0,0,0,0.0,0.0,0.0,0.0,0.0,0.0,1.0025,1,0,0,0,0,0,0,0.0,0.0,12.019,24.8,51.2,1013.1
2026-09-16T15:44:06,201.7,1,Ronda 1,2,Decapado Ácido,67,80,0.0,DC,85.0,85.0,0.0,0,0.0,95.0,4400,0.0,85.1,85.0,1,45.0,105.0,4800,202.5,24.0,0.0,0,0.0,130.0,6000,0.0,24.0,0.0,0,0.0,120.0,5500,0.0,2.05,4.15,0,2,2,98.5,97.9,0,0,0,0.0,0.0,0.0,0.0,0.0,0.0,1.0025,1,0,0,0,0,0,0,0.0,0.0,12.075,24.8,51.2,1013.1
2026-09-16T15:44:06,202.7,1,Ronda 1,2,Decapado Ácido,68,80,0.0,DC,85.0,85.0,0.0,0,0.0,95.0,4400,0.0,84.8,85.0,1,45.0,105.0,4800,202.5,24.0,0.0,0,0.0,130.0,6000,0.0,24.0,0.0,0,0.0,120.0,5500,0.0,2.05,4.15,0,2,2,98.5,97.9,0,0,0,0.0,0.0,0.0,0.0,0.0,0.0,1.0025,1,0,0,0,0,0,0,0.0,0.0,12.131,24.7,51.2,1013.1
2026-09-16T15:44:06,203.7,1,Ronda 1,2,Decapado Ácido,69,80,0.0,DC,85.0,85.0,0.0,0,0.0,95.0,4400,0.0,85.1,85.0,1,45.0,105.0,4800,202.5,24.0,0.0,0,0.0,130.0,6000,0.0,24.0,0.0,0,0.0,120.0,5500,0.0,2.05,4.15,0,2,2,98.5,97.9,0,0,0,0.0,0.0,0.0,0.0,0.0,0.0,1.0025,1,0,0,0,0,0,0,0.0,0.0,12.188,24.7,51.2,1013.1
2026-09-16T15:44:06,204.7,1,Ronda 1,2,Decapado Ácido,70,80,0.0,DC,85.0,85.0,0.0,0,0.0,95.0,4400,0.0,85.2,85.0,1,45.0,105.0,4800,202.5,24.0,0.0,0,0.0,130.0,6000,0.0,24.0,0.0,0,0.0,120.0,5500,0.0,2.05,4.15,0,2,2,98.5,97.9,0,0,0,0.0,0.0,0.0,0.0,0.0,0.0,1.0025,1,0,0,0,0,0,0,0.0,0.0,12.244,24.7,51.1,1013.1
2026-09-16T15:44:06,205.7,1,Ronda 1,2,Decapado Ácido,71,80,0.0,DC,85.0,85.0,0.0,0,0.0,95.0,4400,0.0,85.3,85.0,1,45.0,105.0,4800,202.5,24.0,0.0,0,0.0,130.0,6000,0.0,24.0,0.0,0,0.0,120.0,5500,0.0,2.05,4.15,0,2,2,98.5,97.9,0,0,0,0.0,0.0,0.0,0.0,0.0,0.0,1.0025,1,0,0,0,0,0,0,0.0,0.0,12.3,24.7,51.1,1013.1
2026-09-16T15:44:06,206.7,1,Ronda 1,2,Decapado Ácido,72,80,0.0,DC,85.0,85.0,0.0,0,0.0,95.0,4400,0.0,85.0,85.0,1,45.0,105.0,4800,202.5,24.0,0.0,0,0.0,130.0,6000,0.0,24.0,0.0,0,0.0,120.0,5500,0.0,2.05,4.15,0,2,2,98.5,97.9,0,0,0,0.0,0.0,0.0,0.0,0.0,0.0,1.0025,1,0,0,0,0,0,0,0.0,0.0,12.356,24.7,51.1,1013.1
2026-09-16T15:44:06,207.7,1,Ronda 1,2,Decapado Ácido,73,80,0.0,DC,85.0,85.0,0.0,0,0.0,95.0,4400,0.0,85.0,85.0,1,45.0,105.0,4800,202.5,24.0,0.0,0,0.0,130.0,6000,0.0,24.0,0.0,0,0.0,120.0,5500,0.0,2.05,4.15,0,2,2,98.5,97.9,0,0,0,0.0,0.0,0.0,0.0,0.0,0.0,1.0025,1,0,0,0,0,0,0,0.0,0.0,12.413,24.7,51.1,1013.1
2026-09-16T15:44:06,208.7,1,Ronda 1,2,Decapado Ácido,74,80,0.0,DC,85.0,85.0,0.0,0,0.0,95.0,4400,0.0,84.9,85.0,1,45.0,105.0,4800,202.5,24.0,0.0,0,0.0,130.0,6000,0.0,24.0,0.0,0,0.0,120.0,5500,0.0,2.05,4.15,0,2,2,98.5,97.9,0,0,0,0.0,0.0,0.0,0.0,0.0,0.0,1.0025,1,0,0,0,0,0,0,0.0,0.0,12.469,24.7,51.1,1013.1
2026-09-16T15:44:06,209.7,1,Ronda 1,2,Decapado Ácido,75,80,0.0,DC,85.0,85.0,0.0,0,0.0,95.0,4400,0.0,85.2,85.0,1,45.0,105.0,4800,202.5,24.0,0.0,0,0.0,130.0,6000,0.0,24.0,0.0,0,0.0,120.0,5500,0.0,2.05,4.15,0,2,2,98.5,97.9,0,0,0,0.0,0.0,0.0,0.0,0.0,0.0,1.0025,1,0,0,0,0,0,0,0.0,0.0,12.525,24.7,51.1,1013.1
2026-09-16T15:44:06,210.7,1,Ronda 1,2,Decapado Ácido,76,80,0.0,DC,85.0,85.0,0.0,0,0.0,95.0,4400,0.0,84.8,85.0,1,45.0,105.0,4800,202.5,24.0,0.0,0,0.0,130.0,6000,0.0,24.0,0.0,0,0.0,120.0,5500,0.0,2.05,4.15,0,2,2,98.5,97.9,0,0,0,0.0,0.0,0.0,0.0,0.0,0.0,1.0025,1,0,0,0,0,0,0,0.0,0.0,12.581,24.7,51.1,1013.1
2026-09-16T15:44:06,211.7,1,Ronda 1,2,Decapado Ácido,77,80,0.0,DC,85.0,85.0,0.0,0,0.0,95.0,4400,0.0,84.9,85.0,1,45.0,105.0,4800,202.5,24.0,0.0,0,0.0,130.0,6000,0.0,24.0,0.0,0,0.0,120.0,5500,0.0,2.05,4.15,0,2,2,98.5,97.9,0,0,0,0.0,0.0,0.0,0.0,0.0,0.0,1.0025,1,0,0,0,0,0,0,0.0,0.0,12.638,24.7,51.1,1013.1
2026-09-16T15:44:06,212.7,1,Ronda 1,2,Decapado Ácido,78,80,0.0,DC,85.0,85.0,0.0,0,0.0,95.0,4400,0.0,85.0,85.0,1,45.0,105.0,4800,202.5,24.0,0.0,0,0.0,130.0,6000,0.0,24.0,0.0,0,0.0,120.0,5500,0.0,2.05,4.15,0,2,2,98.5,97.9,0,0,0,0.0,0.0,0.0,0.0,0.0,0.0,1.0025,1,0,0,0,0,0,0,0.0,0.0,12.694,24.7,51.1,1013.1
2026-09-16T15:44:06,213.7,1,Ronda 1,2,Decapado Ácido,79,80,0.0,DC,85.0,85.0,0.0,0,0.0,95.0,4400,0.0,84.9,85.0,1,45.0,105.0,4800,202.5,24.0,0.0,0,0.0,130.0,6000,0.0,24.0,0.0,0,0.0,120.0,5500,0.0,2.05,4.15,0,2,2,98.5,97.9,0,0,0,0.0,0.0,0.0,0.0,0.0,0.0,1.0025,1,0,0,0,0,0,0,0.0,0.0,12.75,24.7,51.1,1013.1
2026-09-16T15:44:06,227.6,1,Ronda 1,3,Zincado Celda Hull,0,100,1.5,Pulsado,25.0,24.0,0.0,0,0.0,95.0,4400,0.0,24.0,0.0,0,0.0,105.0,4800,0.0,24.7,25.0,1,22.0,130.0,6000,3.96,24.0,0.0,0,0.0,120.0,5500,0.0,2.05,4.15,0,2,2,98.5,97.9,0,1,1,1.5,1.497,0.75,0.747,0.75,0.747,1.0025,1,1,870,10,20,0,0,1.5,0.51,12.751,24.7,51.1,1013.1
2026-09-16T15:44:06,228.6,1,Ronda 1,3,Zincado Celda Hull,1,100,1.5,Pulsado,25.0,25.0,0.0,0,0.0,95.0,4400,0.0,24.0,0.0,0,0.0,105.0,4800,0.0,25.0,25.0,1,22.0,130.0,6000,3.96,24.0,0.0,0,0.0,120.0,5500,0.0,2.05,4.15,0,2,2,98.5,97.9,0,1,1,1.5,1.495,0.749,0.746,0.749,0.746,1.0025,1,1,870,10,20,0,0,2.99,1.01,12.752,24.7,51.0,1013.1
2026-09-16T15:44:06,229.6,1,Ronda 1,3,Zincado Celda Hull,2,100,1.5,Pulsado,25.0,26.0,0.0,0,0.0,95.0,4400,0.0,24.0,0.0,0,0.0,105.0,4800,0.0,25.1,25.0,1,22.0,130.0,6000,3.96,24.0,0.0,0,0.0,120.0,5500,0.0,2.05,4.15,0,2,2,98.5,97.9,0,1,1,1.5,1.488,0.745,0.742,0.745,0.742,1.0025,1,1,870,10,20,0,0,4.48,1.52,12.753,24.7,51.0,1013.1
2026-09-16T15:44:06,230.6,1,Ronda 1,3,Zincado Celda Hull,3,100,1.5,Pulsado,25.0,27.1,0.0,0,0.0,95.0,4400,0.0,24.0,0.0,0,0.0,105.0,4800,0.0,25.0,25.0,1,22.0,130.0,6000,3.96,24.0,0.0,0,0.0,120.0,5500,0.0,2.05,4.15,0,2,2,98.5,97.9,0,1,1,1.5,1.494,0.748,0.745,0.748,0.745,1.0025,1,1,870,10,20,0,0,5.97,2.02,12.754,24.7,51.0,1013.1
2026-09-16T15:44:06,231.6,1,Ronda 1,3,Zincado Celda Hull,4,100,1.5,Pulsado,25.0,28.1,0.0,0,0.0,95.0,4400,0.0,24.0,0.0,0,0.0,105.0,4800,0.0,24.8,25.0,1,22.0,130.0,6000,3.96,24.0,0.0,0,0.0,120.0,5500,0.0,2.05,4.15,0,2,2,98.5,97.9,0,1,1,1.5,1.493,0.748,0.745,0.748,0.745,1.0025,1,1,870,10,20,0,0,7.47,2.53,12.756,24.7,51.0,1013.1
2026-09-16T15:44:06,232.6,1,Ronda 1,3,Zincado Celda Hull,5,100,1.5,Pulsado,25.0,29.1,0.0,0,0.0,95.0,4400,0.0,24.0,0.0,0,0.0,105.0,4800,0.0,25.0,25.0,1,22.0,130.0,6000,3.96,24.0,0.0,0,0.0,120.0,5500,0.0,2.05,4.15,0,2,2,98.5,97.9,0,1,1,1.5,1.486,0.744,0.741,0.744,0.741,1.0025,1,1,870,10,20,0,0,8.95,3.03,12.757,24.7,51.0,1013.1
2026-09-16T15:44:06,233.6,1,Ronda 1,3,Zincado Celda Hull,6,100,1.5,Pulsado,25.0,30.1,0.0,0,0.0,95.0,4400,0.0,24.0,0.0,0,0.0,105.0,4800,0.0,24.9,25.0,1,22.0,130.0,6000,3.96,24.0,0.0,0,0.0,120.0,5500,0.0,2.05,4.15,0,2,2,98.5,97.9,0,1,1,1.5,1.502,0.753,0.75,0.753,0.75,1.0025,1,1,870,10,20,0,0,10.46,3.54,12.758,24.7,51.0,1013.1
2026-09-16T15:44:06,234.6,1,Ronda 1,3,Zincado Celda Hull,7,100,1.5,Pulsado,25.0,31.1,0.0,0,0.0,95.0,4400,0.0,24.0,0.0,0,0.0,105.0,4800,0.0,25.0,25.0,1,22.0,130.0,6000,3.96,24.0,0.0,0,0.0,120.0,5500,0.0,2.05,4.15,0,2,2,98.5,97.9,0,1,1,1.5,1.503,0.753,0.75,0.753,0.75,1.0025,1,1,870,10,20,0,0,11.96,4.05,12.759,24.7,51.0,1013.1
2026-09-16T15:44:06,235.6,1,Ronda 1,3,Zincado Celda Hull,8,100,1.5,Pulsado,25.0,32.1,0.0,0,0.0,95.0,4400,0.0,24.0,0.0,0,0.0,105.0,4800,0.0,25.0,25.0,1,22.0,130.0,6000,3.96,24.0,0.0,0,0.0,120.0,5500,0.0,2.05,4.15,0,2,2,98.5,97.9,0,1,1,1.5,1.496,0.749,0.746,0.749,0.746,1.0025,1,1,870,10,20,0,0,13.45,4.56,12.76,24.7,51.0,1013.1
2026-09-16T15:44:06,236.6,1,Ronda 1,3,Zincado Celda Hull,9,100,1.5,Pulsado,25.0,33.1,0.0,0,0.0,95.0,4400,0.0,24.0,0.0,0,0.0,105.0,4800,0.0,25.1,25.0,1,22.0,130.0,6000,3.96,24.0,0.0,0,0.0,120.0,5500,0.0,2.05,4.15,0,2,2,98.5,97.9,0,1,1,1.5,1.503,0.753,0.75,0.753,0.75,1.0025,1,1,870,10,20,0,0,14.96,5.07,12.761,24.7,51.0,1013.1
2026-09-16T15:44:06,237.6,1,Ronda 1,3,Zincado Celda Hull,10,100,1.5,Pulsado,25.0,34.2,0.0,0,0.0,95.0,4400,0.0,24.0,0.0,0,0.0,105.0,4800,0.0,24.7,25.0,1,22.0,130.0,6000,3.96,24.0,0.0,0,0.0,120.0,5500,0.0,2.05,4.15,0,2,2,98.5,97.9,0,1,1,1.5,1.492,0.747,0.744,0.747,0.744,1.0025,1,1,870,10,20,0,0,16.45,5.57,12.762,24.6,51.0,1013.1
2026-09-16T15:44:06,238.6,1,Ronda 1,3,Zincado Celda Hull,11,100,1.5,Pulsado,25.0,35.2,0.0,0,0.0,95.0,4400,0.0,24.0,0.0,0,0.0,105.0,4800,0.0,25.0,25.0,1,22.0,130.0,6000,3.96,24.0,0.0,0,0.0,120.0,5500,0.0,2.05,4.15,0,2,2,98.5,97.9,0,1,1,1.5,1.501,0.752,0.749,0.752,0.749,1.0025,1,1,870,10,20,0,0,17.95,6.08,12.763,24.6,51.0,1013.1
2026-09-16T15:44:06,239.6,1,Ronda 1,3,Zincado Celda Hull,12,100,1.5,Pulsado,25.0,36.2,0.0,0,0.0,95.0,4400,0.0,24.0,0.0,0,0.0,105.0,4800,0.0,25.0,25.0,1,22.0,130.0,6000,3.96,24.0,0.0,0,0.0,120.0,5500,0.0,2.05,4.15,0,2,2,98.5,97.9,0,1,1,1.5,1.492,0.747,0.744,0.747,0.744,1.0025,1,1,870,10,20,0,0,19.44,6.59,12.764,24.6,51.0,1013.1
2026-09-16T15:44:06,240.6,1,Ronda 1,3,Zincado Celda Hull,13,100,1.5,Pulsado,25.0,37.2,0.0,0,0.0,95.0,4400,0.0,24.0,0.0,0,0.0,105.0,4800,0.0,25.2,25.0,1,22.0,130.0,6000,3.96,24.0,0.0,0,0.0,120.0,5500,0.0,2.05,4.15,0,2,2,98.5,97.9,0,1,1,1.5,1.496,0.749,0.746,0.749,0.746,1.0025,1,1,870,10,20,0,0,20.94,7.09,12.765,24.6,51.0,1013.1
2026-09-16T15:44:06,241.6,1,Ronda 1,3,Zincado Celda Hull,14,100,1.5,Pulsado,25.0,38.2,0.0,0,0.0,95.0,4400,0.0,24.0,0.0,0,0.0,105.0,4800,0.0,24.7,25.0,1,22.0,130.0,6000,3.96,24.0,0.0,0,0.0,120.0,5500,0.0,2.05,4.15,0,2,2,98.5,97.9,0,1,1,1.5,1.495,0.749,0.746,0.749,0.746,1.0025,1,1,870,10,20,0,0,22.43,7.6,12.766,24.6,51.0,1013.1
2026-09-16T15:44:06,242.6,1,Ronda 1,3,Zincado Celda Hull,15,100,1.5,Pulsado,25.0,39.2,0.0,0,0.0,95.0,4400,0.0,24.0,0.0,0,0.0,105.0,4800,0.0,25.0,25.0,1,22.0,130.0,6000,3.96,24.0,0.0,0,0.0,120.0,5500,0.0,2.05,4.15,0,2,2,98.5,97.9,0,1,1,1.5,1.496,0.749,0.746,0.749,0.746,1.0025,1,1,870,10,20,0,0,23.93,8.11,12.768,24.6,51.0,1013.1
2026-09-16T15:44:06,243.6,1,Ronda 1,3,Zincado Celda Hull,16,100,1.5,Pulsado,25.0,40.3,0.0,0,0.0,95.0,4400,0.0,24.0,0.0,0,0.0,105.0,4800,0.0,25.2,25.0,1,22.0,130.0,6000,3.96,24.0,0.0,0,0.0,120.0,5500,0.0,2.05,4.15,0,2,2,98.5,97.9,0,1,1,1.5,1.485,0.744,0.741,0.744,0.741,1.0025,1,1,870,10,20,0,0,25.41,8.61,12.769,24.6,51.0,1013.1
2026-09-16T15:44:06,244.6,1,Ronda 1,3,Zincado Celda Hull,17,100,1.5,Pulsado,25.0,41.3,0.0,0,0.0,95.0,4400,0.0,24.0,0.0,0,0.0,105.0,4800,0.0,25.1,25.0,1,22.0,130.0,6000,3.96,24.0,0.0,0,0.0,120.0,5500,0.0,2.05,4.15,0,2,2,98.5,97.9,0,1,1,1.5,1.498,0.75,0.747,0.75,0.747,1.0025,1,1,870,10,20,0,0,26.91,9.12,12.77,24.6,51.0,1013.1
2026-09-16T15:44:06,245.6,1,Ronda 1,3,Zincado Celda Hull,18,100,1.5,Pulsado,25.0,42.3,0.0,0,0.0,95.0,4400,0.0,24.0,0.0,0,0.0,105.0,4800,0.0,25.2,25.0,1,22.0,130.0,6000,3.96,24.0,0.0,0,0.0,120.0,5500,0.0,2.05,4.15,0,2,2,98.5,97.9,0,1,1,1.5,1.497,0.75,0.747,0.75,0.747,1.0025,1,1,870,10,20,0,0,28.41,9.62,12.771,24.6,51.0,1013.1
2026-09-16T15:44:06,246.6,1,Ronda 1,3,Zincado Celda Hull,19,100,1.5,Pulsado,25.0,43.3,0.0,0,0.0,95.0,4400,0.0,24.0,0.0,0,0.0,105.0,4800,0.0,25.0,25.0,1,22.0,130.0,6000,3.96,24.0,0.0,0,0.0,120.0,5500,0.0,2.05,4.15,0,2,2,98.5,97.9,0,1,1,1.5,1.496,0.749,0.746,0.749,0.746,1.0025,1,1,870,10,20,0,0,29.9,10.13,12.772,24.6,51.0,1013.1
2026-09-16T15:44:06,247.6,1,Ronda 1,3,Zincado Celda Hull,20,100,1.5,Pulsado,25.0,44.3,0.0,0,0.0,95.0,4400,0.0,24.0,0.0,0,0.0,105.0,4800,0.0,25.4,25.0,1,22.0,130.0,6000,3.96,24.0,0.0,0,0.0,120.0,5500,0.0,2.05,4.15,0,2,2,98.5,97.9,0,1,1,1.5,1.496,0.749,0.746,0.749,0.746,1.0025,1,1,870,10,20,0,0,31.4,10.64,12.773,24.6,51.0,1013.1
2026-09-16T15:44:06,248.6,1,Ronda 1,3,Zincado Celda Hull,21,100,1.5,Pulsado,25.0,45.3,0.0,0,0.0,95.0,4400,0.0,24.0,0.0,0,0.0,105.0,4800,0.0,24.6,25.0,1,22.0,130.0,6000,3.96,24.0,0.0,0,0.0,120.0,5500,0.0,2.05,4.15,0,2,2,98.5,97.9,0,1,1,1.5,1.495,0.749,0.746,0.749,0.746,1.0025,1,1,870,10,20,0,0,32.89,11.14,12.774,24.6,51.0,1013.1
2026-09-16T15:44:06,249.6,1,Ronda 1,3,Zincado Celda Hull,22,100,1.5,Pulsado,25.0,46.4,0.0,0,0.0,95.0,4400,0.0,24.0,0.0,0,0.0,105.0,4800,0.0,24.9,25.0,1,22.0,130.0,6000,3.96,24.0,0.0,0,0.0,120.0,5500,0.0,2.05,4.15,0,2,2,98.5,97.9,0,1,1,1.5,1.506,0.754,0.751,0.754,0.751,1.0025,1,1,870,10,20,0,0,34.4,11.65,12.775,24.6,51.0,1013.1
2026-09-16T15:44:06,250.6,1,Ronda 1,3,Zincado Celda Hull,23,100,1.5,Pulsado,25.0,47.4,0.0,0,0.0,95.0,4400,0.0,24.0,0.0,0,0.0,105.0,4800,0.0,25.2,25.0,1,22.0,130.0,6000,3.96,24.0,0.0,0,0.0,120.0,5500,0.0,2.05,4.15,0,2,2,98.5,97.9,0,1,1,1.5,1.503,0.753,0.75,0.753,0.75,1.0025,1,1,870,10,20,0,0,35.9,12.16,12.776,24.6,51.0,1013.1
2026-09-16T15:44:06,251.6,1,Ronda 1,3,Zincado Celda Hull,24,100,1.5,Pulsado,25.0,48.4,0.0,0,0.0,95.0,4400,0.0,24.0,0.0,0,0.0,105.0,4800,0.0,25.1,25.0,1,22.0,130.0,6000,3.96,24.0,0.0,0,0.0,120.0,5500,0.0,2.05,4.15,0,2,2,98.5,97.9,0,1,1,1.5,1.5,0.752,0.749,0.752,0.749,1.0025,1,1,870,10,20,0,0,37.4,12.67,12.777,24.6,51.0,1013.1
2026-09-16T15:44:06,252.6,1,Ronda 1,3,Zincado Celda Hull,25,100,1.5,Pulsado,25.0,49.4,0.0,0,0.0,95.0,4400,0.0,24.0,0.0,0,0.0,105.0,4800,0.0,25.2,25.0,1,22.0,130.0,6000,3.96,24.0,0.0,0,0.0,120.0,5500,0.0,2.05,4.15,0,2,2,98.5,97.9,0,1,1,1.5,1.491,0.747,0.744,0.747,0.744,1.0025,1,1,870,10,20,0,0,38.9,13.18,12.779,24.6,50.9,1013.1
2026-09-16T15:44:06,253.6,1,Ronda 1,3,Zincado Celda Hull,26,100,1.5,Pulsado,25.0,50.4,0.0,0,0.0,95.0,4400,0.0,24.0,0.0,0,0.0,105.0,4800,0.0,25.0,25.0,1,22.0,130.0,6000,3.96,24.0,0.0,0,0.0,120.0,5500,0.0,2.05,4.15,0,2,2,98.5,97.9,0,1,1,1.5,1.514,0.758,0.755,0.758,0.755,1.0025,1,1,870,10,20,0,0,40.41,13.69,12.78,24.6,50.9,1013.1
2026-09-16T15:44:06,254.6,1,Ronda 1,3,Zincado Celda Hull,27,100,1.5,Pulsado,25.0,51.5,0.0,0,0.0,95.0,4400,0.0,24.0,0.0,0,0.0,105.0,4800,0.0,25.1,25.0,1,22.0,130.0,6000,3.96,24.0,0.0,0,0.0,120.0,5500,0.0,2.05,4.15,0,2,2,98.5,97.9,0,1,1,1.5,1.496,0.749,0.746,0.749,0.746,1.0025,1,1,870,10,20,0,0,41.91,14.2,12.781,24.6,50.9,1013.1
2026-09-16T15:44:06,255.6,1,Ronda 1,3,Zincado Celda Hull,28,100,1.5,Pulsado,25.0,52.5,0.0,0,0.0,95.0,4400,0.0,24.0,0.0,0,0.0,105.0,4800,0.0,25.1,25.0,1,22.0,130.0,6000,3.96,24.0,0.0,0,0.0,120.0,5500,0.0,2.05,4.15,0,2,2,98.5,97.9,0,1,1,1.5,1.491,0.747,0.744,0.747,0.744,1.0025,1,1,870,10,20,0,0,43.4,14.7,12.782,24.6,50.9,1013.1
2026-09-16T15:44:06,256.6,1,Ronda 1,3,Zincado Celda Hull,29,100,1.5,Pulsado,25.0,53.5,0.0,0,0.0,95.0,4400,0.0,24.0,0.0,0,0.0,105.0,4800,0.0,24.9,25.0,1,22.0,130.0,6000,3.96,24.0,0.0,0,0.0,120.0,5500,0.0,2.05,4.15,0,2,2,98.5,97.9,0,1,1,1.5,1.489,0.746,0.743,0.746,0.743,1.0025,1,1,870,10,20,0,0,44.89,15.21,12.783,24.6,50.9,1013.1
2026-09-16T15:44:06,257.6,1,Ronda 1,3,Zincado Celda Hull,30,100,1.5,Pulsado,25.0,54.5,0.0,0,0.0,95.0,4400,0.0,24.0,0.0,0,0.0,105.0,4800,0.0,25.0,25.0,1,22.0,130.0,6000,3.96,24.0,0.0,0,0.0,120.0,5500,0.0,2.05,4.15,0,2,2,98.5,97.9,0,1,1,1.5,1.485,0.744,0.741,0.744,0.741,1.0025,1,1,870,10,20,0,0,46.37,15.71,12.784,24.6,50.9,1013.1
2026-09-16T15:44:06,258.6,1,Ronda 1,3,Zincado Celda Hull,31,100,1.5,Pulsado,25.0,55.5,0.0,0,0.0,95.0,4400,0.0,24.0,0.0,0,0.0,105.0,4800,0.0,25.3,25.0,1,22.0,130.0,6000,3.96,24.0,0.0,0,0.0,120.0,5500,0.0,2.05,4.15,0,2,2,98.5,97.9,0,1,1,1.5,1.515,0.759,0.756,0.759,0.756,1.0025,1,1,870,10,20,0,0,47.89,16.22,12.785,24.6,50.9,1013.1
2026-09-16T15:44:06,259.6,1,Ronda 1,3,Zincado Celda Hull,32,100,1.5,Pulsado,25.0,56.5,0.0,0,0.0,95.0,4400,0.0,24.0,0.0,0,0.0,105.0,4800,0.0,25.0,25.0,1,22.0,130.0,6000,3.96,24.0,0.0,0,0.0,120.0,5500,0.0,2.05,4.15,0,2,2,98.5,97.9,0,1,1,1.5,1.502,0.753,0.75,0.753,0.75,1.0025,1,1,870,10,20,0,0,49.39,16.73,12.786,24.6,50.9,1013.1
2026-09-16T15:44:06,260.6,1,Ronda 1,3,Zincado Celda Hull,33,100,1.5,Pulsado,25.0,57.6,0.0,0,0.0,95.0,4400,0.0,24.0,0.0,0,0.0,105.0,4800,0.0,25.3,25.0,1,22.0,130.0,6000,3.96,24.0,0.0,0,0.0,120.0,5500,0.0,2.05,4.15,0,2,2,98.5,97.9,0,1,1,1.5,1.503,0.753,0.75,0.753,0.75,1.0025,1,1,870,10,20,0,0,50.89,17.24,12.787,24.6,50.9,1013.1
2026-09-16T15:44:06,261.6,1,Ronda 1,3,Zincado Celda Hull,34,100,1.5,Pulsado,25.0,58.6,0.0,0,0.0,95.0,4400,0.0,24.0,0.0,0,0.0,105.0,4800,0.0,24.9,25.0,1,22.0,130.0,6000,3.96,24.0,0.0,0,0.0,120.0,5500,0.0,2.05,4.15,0,2,2,98.5,97.9,0,1,1,1.5,1.491,0.747,0.744,0.747,0.744,1.0025,1,1,870,10,20,0,0,52.38,17.75,12.788,24.6,50.9,1013.1
2026-09-16T15:44:06,262.6,1,Ronda 1,3,Zincado Celda Hull,35,100,1.5,Pulsado,25.0,59.6,0.0,0,0.0,95.0,4400,0.0,24.0,0.0,0,0.0,105.0,4800,0.0,25.1,25.0,1,22.0,130.0,6000,3.96,24.0,0.0,0,0.0,120.0,5500,0.0,2.05,4.15,0,2,2,98.5,97.9,0,1,1,1.5,1.503,0.753,0.75,0.753,0.75,1.0025,1,1,870,10,20,0,0,53.88,18.26,12.79,24.5,50.9,1013.1
2026-09-16T15:44:06,263.6,1,Ronda 1,3,Zincado Celda Hull,36,100,1.5,Pulsado,25.0,60.6,0.0,0,0.0,95.0,4400,0.0,24.0,0.0,0,0.0,105.0,4800,0.0,24.8,25.0,1,22.0,130.0,6000,3.96,24.0,0.0,0,0.0,120.0,5500,0.0,2.05,4.15,0,2,2,98.5,97.9,0,1,1,1.5,1.497,0.75,0.747,0.75,0.747,1.0025,1,1,870,10,20,0,0,55.38,18.76,12.791,24.5,50.9,1013.1
2026-09-16T15:44:06,264.6,1,Ronda 1,3,Zincado Celda Hull,37,100,1.5,Pulsado,25.0,61.6,0.0,0,0.0,95.0,4400,0.0,24.0,0.0,0,0.0,105.0,4800,0.0,25.1,25.0,1,22.0,130.0,6000,3.96,24.0,0.0,0,0.0,120.0,5500,0.0,2.05,4.15,0,2,2,98.5,97.9,0,1,1,1.5,1.497,0.75,0.747,0.75,0.747,1.0025,1,1,870,10,20,0,0,56.88,19.27,12.792,24.5,50.9,1013.1
2026-09-16T15:44:06,265.6,1,Ronda 1,3,Zincado Celda Hull,38,100,1.5,Pulsado,25.0,62.6,0.0,0,0.0,95.0,4400,0.0,24.0,0.0,0,0.0,105.0,4800,0.0,24.6,25.0,1,22.0,130.0,6000,3.96,24.0,0.0,0,0.0,120.0,5500,0.0,2.05,4.15,0,2,2,98.5,97.9,0,1,1,1.5,1.507,0.755,0.752,0.755,0.752,1.0025,1,1,870,10,20,0,0,58.39,19.78,12.793,24.5,50.9,1013.1
2026-09-16T15:44:06,266.6,1,Ronda 1,3,Zincado Celda Hull,39,100,1.5,Pulsado,25.0,63.6,0.0,0,0.0,95.0,4400,0.0,24.0,0.0,0,0.0,105.0,4800,0.0,25.0,25.0,1,22.0,130.0,6000,3.96,24.0,0.0,0,0.0,120.0,5500,0.0,2.05,4.15,0,2,2,98.5,97.9,0,1,1,1.5,1.499,0.751,0.748,0.751,0.748,1.0025,1,1,870,10,20,0,0,59.88,20.29,12.794,24.5,50.9,1013.1
2026-09-16T15:44:06,267.6,1,Ronda 1,3,Zincado Celda Hull,40,100,1.5,Pulsado,25.0,64.7,0.0,0,0.0,95.0,4400,0.0,24.0,0.0,0,0.0,105.0,4800,0.0,24.7,25.0,1,22.0,130.0,6000,3.96,24.0,0.0,0,0.0,120.0,5500,0.0,2.05,4.15,0,2,2,98.5,97.9,0,1,1,1.5,1.503,0.753,0.75,0.753,0.75,1.0025,1,1,870,10,20,0,0,61.39,20.8,12.795,24.5,50.9,1013.1
2026-09-16T15:44:06,268.6,1,Ronda 1,3,Zincado Celda Hull,41,100,1.5,Pulsado,25.0,65.7,0.0,0,0.0,95.0,4400,0.0,24.0,0.0,0,0.0,105.0,4800,0.0,25.0,25.0,1,22.0,130.0,6000,3.96,24.0,0.0,0,0.0,120.0,5500,0.0,2.05,4.15,0,2,2,98.5,97.9,0,1,1,1.5,1.485,0.744,0.741,0.744,0.741,1.0025,1,1,870,10,20,0,0,62.87,21.3,12.796,24.5,50.9,1013.1
2026-09-16T15:44:06,269.6,1,Ronda 1,3,Zincado Celda Hull,42,100,1.5,Pulsado,25.0,66.7,0.0,0,0.0,95.0,4400,0.0,24.0,0.0,0,0.0,105.0,4800,0.0,25.1,25.0,1,22.0,130.0,6000,3.96,24.0,0.0,0,0.0,120.0,5500,0.0,2.05,4.15,0,2,2,98.5,97.9,0,1,1,1.5,1.503,0.753,0.75,0.753,0.75,1.0025,1,1,870,10,20,0,0,64.38,21.81,12.797,24.5,50.9,1013.1
2026-09-16T15:44:06,270.6,1,Ronda 1,3,Zincado Celda Hull,43,100,1.5,Pulsado,25.0,67.7,0.0,0,0.0,95.0,4400,0.0,24.0,0.0,0,0.0,105.0,4800,0.0,25.1,25.0,1,22.0,130.0,6000,3.96,24.0,0.0,0,0.0,120.0,5500,0.0,2.05,4.15,0,2,2,98.5,97.9,0,1,1,1.5,1.497,0.75,0.747,0.75,0.747,1.0025,1,1,870,10,20,0,0,65.87,22.32,12.798,24.5,50.9,1013.1
2026-09-16T15:44:06,271.6,1,Ronda 1,3,Zincado Celda Hull,44,100,1.5,Pulsado,25.0,68.7,0.0,0,0.0,95.0,4400,0.0,24.0,0.0,0,0.0,105.0,4800,0.0,25.0,25.0,1,22.0,130.0,6000,3.96,24.0,0.0,0,0.0,120.0,5500,0.0,2.05,4.15,0,2,2,98.5,97.9,0,1,1,1.5,1.497,0.75,0.747,0.75,0.747,1.0025,1,1,870,10,20,0,0,67.37,22.82,12.799,24.5,50.9,1013.1
2026-09-16T15:44:06,272.6,1,Ronda 1,3,Zincado Celda Hull,45,100,1.5,Pulsado,25.0,69.8,0.0,0,0.0,95.0,4400,0.0,24.0,0.0,0,0.0,105.0,4800,0.0,24.8,25.0,1,22.0,130.0,6000,3.96,24.0,0.0,0,0.0,120.0,5500,0.0,2.05,4.15,0,2,2,98.5,97.9,0,1,1,1.5,1.507,0.755,0.752,0.755,0.752,1.0025,1,1,870,10,20,0,0,68.88,23.34,12.801,24.5,50.9,1013.1
2026-09-16T15:44:06,273.6,1,Ronda 1,3,Zincado Celda Hull,46,100,1.5,Pulsado,25.0,70.8,0.0,0,0.0,95.0,4400,0.0,24.0,0.0,0,0.0,105.0,4800,0.0,25.1,25.0,1,22.0,130.0,6000,3.96,24.0,0.0,0,0.0,120.0,5500,0.0,2.05,4.15,0,2,2,98.5,97.9,0,1,1,1.5,1.507,0.755,0.752,0.755,0.752,1.0025,1,1,870,10,20,0,0,70.38,23.85,12.802,24.5,50.9,1013.1
2026-09-16T15:44:06,274.6,1,Ronda 1,3,Zincado Celda Hull,47,100,1.5,Pulsado,25.0,71.8,0.0,0,0.0,95.0,4400,0.0,24.0,0.0,0,0.0,105.0,4800,0.0,24.9,25.0,1,22.0,130.0,6000,3.96,24.0,0.0,0,0.0,120.0,5500,0.0,2.05,4.15,0,2,2,98.5,97.9,0,1,1,1.5,1.507,0.755,0.752,0.755,0.752,1.0025,1,1,870,10,20,0,0,71.89,24.36,12.803,24.5,50.9,1013.1
2026-09-16T15:44:06,275.6,1,Ronda 1,3,Zincado Celda Hull,48,100,1.5,Pulsado,25.0,72.8,0.0,0,0.0,95.0,4400,0.0,24.0,0.0,0,0.0,105.0,4800,0.0,24.9,25.0,1,22.0,130.0,6000,3.96,24.0,0.0,0,0.0,120.0,5500,0.0,2.05,4.15,0,2,2,98.5,97.9,0,1,1,1.5,1.495,0.749,0.746,0.749,0.746,1.0025,1,1,870,10,20,0,0,73.39,24.86,12.804,24.5,50.9,1013.1
2026-09-16T15:44:06,276.6,1,Ronda 1,3,Zincado Celda Hull,49,100,1.5,Pulsado,25.0,73.8,0.0,0,0.0,95.0,4400,0.0,24.0,0.0,0,0.0,105.0,4800,0.0,25.1,25.0,1,22.0,130.0,6000,3.96,24.0,0.0,0,0.0,120.0,5500,0.0,2.05,4.15,0,2,2,98.5,97.9,0,1,1,1.5,1.501,0.752,0.749,0.752,0.749,1.0025,1,1,870,10,20,0,0,74.89,25.37,12.805,24.5,50.8,1013.1
2026-09-16T15:44:06,277.6,1,Ronda 1,3,Zincado Celda Hull,50,100,1.5,Pulsado,25.0,74.8,0.0,0,0.0,95.0,4400,0.0,24.0,0.0,0,0.0,105.0,4800,0.0,25.1,25.0,1,22.0,130.0,6000,3.96,24.0,0.0,0,0.0,120.0,5500,0.0,2.05,4.15,0,2,2,98.5,97.9,0,1,1,1.5,1.503,0.753,0.75,0.753,0.75,1.0025,1,1,870,10,20,0,0,76.39,25.88,12.806,24.5,50.8,1013.1
2026-09-16T15:44:06,278.6,1,Ronda 1,3,Zincado Celda Hull,51,100,1.5,Pulsado,25.0,75.8,0.0,0,0.0,95.0,4400,0.0,24.0,0.0,0,0.0,105.0,4800,0.0,24.9,25.0,1,22.0,130.0,6000,3.96,24.0,0.0,0,0.0,120.0,5500,0.0,2.05,4.15,0,2,2,98.5,97.9,0,1,1,1.5,1.51,0.756,0.753,0.756,0.753,1.0025,1,1,870,10,20,0,0,77.9,26.39,12.807,24.5,50.8,1013.1
2026-09-16T15:44:06,279.6,1,Ronda 1,3,Zincado Celda Hull,52,100,1.5,Pulsado,25.0,76.9,0.0,0,0.0,95.0,4400,0.0,24.0,0.0,0,0.0,105.0,4800,0.0,25.0,25.0,1,22.0,130.0,6000,3.96,24.0,0.0,0,0.0,120.0,5500,0.0,2.05,4.15,0,2,2,98.5,97.9,0,1,1,1.5,1.5,0.752,0.749,0.752,0.749,1.0025,1,1,870,10,20,0,0,79.4,26.9,12.808,24.5,50.8,1013.1
2026-09-16T15:44:06,280.6,1,Ronda 1,3,Zincado Celda Hull,53,100,1.5,Pulsado,25.0,77.9,0.0,0,0.0,95.0,4400,0.0,24.0,0.0,0,0.0,105.0,4800,0.0,24.8,25.0,1,22.0,130.0,6000,3.96,24.0,0.0,0,0.0,120.0,5500,0.0,2.05,4.15,0,2,2,98.5,97.9,0,1,1,1.5,1.503,0.753,0.75,0.753,0.75,1.0025,1,1,870,10,20,0,0,80.9,27.41,12.809,24.5,50.8,1013.1
2026-09-16T15:44:06,281.6,1,Ronda 1,3,Zincado Celda Hull,54,100,1.5,Pulsado,25.0,78.9,0.0,0,0.0,95.0,4400,0.0,24.0,0.0,0,0.0,105.0,4800,0.0,25.0,25.0,1,22.0,130.0,6000,3.96,24.0,0.0,0,0.0,120.0,5500,0.0,2.05,4.15,0,2,2,98.5,97.9,0,1,1,1.5,1.496,0.749,0.746,0.749,0.746,1.0025,1,1,870,10,20,0,0,82.4,27.92,12.81,24.5,50.8,1013.1
2026-09-16T15:44:06,282.6,1,Ronda 1,3,Zincado Celda Hull,55,100,1.5,Pulsado,25.0,79.9,0.0,0,0.0,95.0,4400,0.0,24.0,0.0,0,0.0,105.0,4800,0.0,25.1,25.0,1,22.0,130.0,6000,3.96,24.0,0.0,0,0.0,120.0,5500,0.0,2.05,4.15,0,2,2,98.5,97.9,0,1,1,1.5,1.488,0.745,0.742,0.745,0.742,1.0025,1,1,870,10,20,0,0,83.89,28.42,12.812,24.5,50.8,1013.1
2026-09-16T15:44:06,283.6,1,Ronda 1,3,Zincado Celda Hull,56,100,1.5,Pulsado,25.0,80.9,0.0,0,0.0,95.0,4400,0.0,24.0,0.0,0,0.0,105.0,4800,0.0,24.9,25.0,1,22.0,130.0,6000,3.96,24.0,0.0,0,0.0,120.0,5500,0.0,2.05,4.15,0,2,2,98.5,97.9,0,1,1,1.5,1.506,0.755,0.752,0.755,0.752,1.0025,1,1,870,10,20,0,0,85.39,28.93,12.813,24.5,50.8,1013.1
2026-09-16T15:44:06,284.6,1,Ronda 1,3,Zincado Celda Hull,57,100,1.5,Pulsado,25.0,81.9,0.0,0,0.0,95.0,4400,0.0,24.0,0.0,0,0.0,105.0,4800,0.0,25.1,25.0,1,22.0,130.0,6000,3.96,24.0,0.0,0,0.0,120.0,5500,0.0,2.05,4.15,0,2,2,98.5,97.9,0,1,1,1.5,1.504,0.753,0.75,0.753,0.75,1.0025,1,1,870,10,20,0,0,86.9,29.44,12.814,24.4,50.8,1013.1
2026-09-16T15:44:06,285.6,1,Ronda 1,3,Zincado Celda Hull,58,100,1.5,Pulsado,25.0,83.0,0.0,0,0.0,95.0,4400,0.0,24.0,0.0,0,0.0,105.0,4800,0.0,24.8,25.0,1,22.0,130.0,6000,3.96,24.0,0.0,0,0.0,120.0,5500,0.0,2.05,4.15,0,2,2,98.5,97.9,0,1,1,1.5,1.507,0.755,0.752,0.755,0.752,1.0025,1,1,870,10,20,0,0,88.4,29.95,12.815,24.4,50.8,1013.1
2026-09-16T15:44:06,286.6,1,Ronda 1,3,Zincado Celda Hull,59,100,1.5,Pulsado,25.0,84.0,0.0,0,0.0,95.0,4400,0.0,24.0,0.0,0,0.0,105.0,4800,0.0,25.3,25.0,1,22.0,130.0,6000,3.96,24.0,0.0,0,0.0,120.0,5500,0.0,2.05,4.15,0,2,2,98.5,97.9,0,1,1,1.5,1.498,0.75,0.747,0.75,0.747,1.0025,1,1,870,10,20,0,0,89.9,30.46,12.816,24.4,50.8,1013.1
2026-09-16T15:44:06,287.6,1,Ronda 1,3,Zincado Celda Hull,60,100,1.5,Pulsado,25.0,85.0,0.0,0,0.0,95.0,4400,0.0,24.0,0.0,0,0.0,105.0,4800,0.0,25.0,25.0,1,22.0,130.0,6000,3.96,24.0,0.0,0,0.0,120.0,5500,0.0,2.05,4.15,0,2,2,98.5,97.9,0,1,1,1.5,1.503,0.753,0.75,0.753,0.75,1.0025,1,1,870,10,20,0,0,91.4,30.97,12.817,24.4,50.8,1013.1
2026-09-16T15:44:06,288.6,1,Ronda 1,3,Zincado Celda Hull,61,100,1.5,Pulsado,25.0,85.0,0.0,0,0.0,95.0,4400,0.0,24.0,0.0,0,0.0,105.0,4800,0.0,25.1,25.0,1,22.0,130.0,6000,3.96,24.0,0.0,0,0.0,120.0,5500,0.0,2.05,4.15,0,2,2,98.5,97.9,0,1,1,1.5,1.492,0.748,0.745,0.748,0.745,1.0025,1,1,870,10,20,0,0,92.9,31.47,12.818,24.4,50.8,1013.1
2026-09-16T15:44:06,289.6,1,Ronda 1,3,Zincado Celda Hull,62,100,1.5,Pulsado,25.0,85.0,0.0,0,0.0,95.0,4400,0.0,24.0,0.0,0,0.0,105.0,4800,0.0,25.2,25.0,1,22.0,130.0,6000,3.96,24.0,0.0,0,0.0,120.0,5500,0.0,2.05,4.15,0,2,2,98.5,97.9,0,1,1,1.5,1.508,0.756,0.753,0.756,0.753,1.0025,1,1,870,10,20,0,0,94.4,31.98,12.819,24.4,50.8,1013.1
2026-09-16T15:44:06,290.6,1,Ronda 1,3,Zincado Celda Hull,63,100,1.5,Pulsado,25.0,85.0,0.0,0,0.0,95.0,4400,0.0,24.0,0.0,0,0.0,105.0,4800,0.0,25.0,25.0,1,22.0,130.0,6000,3.96,24.0,0.0,0,0.0,120.0,5500,0.0,2.05,4.15,0,2,2,98.5,97.9,0,1,1,1.5,1.503,0.753,0.75,0.753,0.75,1.0025,1,1,870,10,20,0,0,95.91,32.49,12.82,24.4,50.8,1013.1
2026-09-16T15:44:06,291.6,1,Ronda 1,3,Zincado Celda Hull,64,100,1.5,Pulsado,25.0,85.0,0.0,0,0.0,95.0,4400,0.0,24.0,0.0,0,0.0,105.0,4800,0.0,25.0,25.0,1,22.0,130.0,6000,3.96,24.0,0.0,0,0.0,120.0,5500,0.0,2.05,4.15,0,2,2,98.5,97.9,0,1,1,1.5,1.518,0.761,0.758,0.761,0.758,1.0025,1,1,870,10,20,0,0,97.43,33.01,12.821,24.4,50.8,1013.1
2026-09-16T15:44:06,292.6,1,Ronda 1,3,Zincado Celda Hull,65,100,1.5,Pulsado,25.0,85.0,0.0,0,0.0,95.0,4400,0.0,24.0,0.0,0,0.0,105.0,4800,0.0,24.6,25.0,1,22.0,130.0,6000,3.96,24.0,0.0,0,0.0,120.0,5500,0.0,2.05,4.15,0,2,2,98.5,97.9,0,1,1,1.5,1.5,0.752,0.749,0.752,0.749,1.0025,1,1,870,10,20,0,0,98.93,33.52,12.823,24.4,50.8,1013.1
2026-09-16T15:44:06,293.6,1,Ronda 1,3,Zincado Celda Hull,66,100,1.5,Pulsado,25.0,85.0,0.0,0,0.0,95.0,4400,0.0,24.0,0.0,0,0.0,105.0,4800,0.0,25.0,25.0,1,22.0,130.0,6000,3.96,24.0,0.0,0,0.0,120.0,5500,0.0,2.05,4.15,0,2,2,98.5,97.9,0,1,1,1.5,1.489,0.746,0.743,0.746,0.743,1.0025,1,1,870,10,20,0,0,100.42,34.02,12.824,24.4,50.8,1013.1
2026-09-16T15:44:06,294.6,1,Ronda 1,3,Zincado Celda Hull,67,100,1.5,Pulsado,25.0,85.0,0.0,0,0.0,95.0,4400,0.0,24.0,0.0,0,0.0,105.0,4800,0.0,25.1,25.0,1,22.0,130.0,6000,3.96,24.0,0.0,0,0.0,120.0,5500,0.0,2.05,4.15,0,2,2,98.5,97.9,0,1,1,1.5,1.5,0.751,0.748,0.751,0.748,1.0025,1,1,870,10,20,0,0,101.92,34.53,12.825,24.4,50.8,1013.1
2026-09-16T15:44:06,295.6,1,Ronda 1,3,Zincado Celda Hull,68,100,1.5,Pulsado,25.0,85.0,0.0,0,0.0,95.0,4400,0.0,24.0,0.0,0,0.0,105.0,4800,0.0,25.2,25.0,1,22.0,130.0,6000,3.96,24.0,0.0,0,0.0,120.0,5500,0.0,2.05,4.15,0,2,2,98.5,97.9,0,1,1,1.5,1.507,0.755,0.752,0.755,0.752,1.0025,1,1,870,10,20,0,0,103.42,35.04,12.826,24.4,50.8,1013.1
2026-09-16T15:44:06,296.6,1,Ronda 1,3,Zincado Celda Hull,69,100,1.5,Pulsado,25.0,85.0,0.0,0,0.0,95.0,4400,0.0,24.0,0.0,0,0.0,105.0,4800,0.0,24.8,25.0,1,22.0,130.0,6000,3.96,24.0,0.0,0,0.0,120.0,5500,0.0,2.05,4.15,0,2,2,98.5,97.9,0,1,1,1.5,1.514,0.758,0.755,0.758,0.755,1.0025,1,1,870,10,20,0,0,104.94,35.55,12.827,24.4,50.8,1013.1
2026-09-16T15:44:06,297.6,1,Ronda 1,3,Zincado Celda Hull,70,100,1.5,Pulsado,25.0,85.0,0.0,0,0.0,95.0,4400,0.0,24.0,0.0,0,0.0,105.0,4800,0.0,25.1,25.0,1,22.0,130.0,6000,3.96,24.0,0.0,0,0.0,120.0,5500,0.0,2.05,4.15,0,2,2,98.5,97.9,0,1,1,1.5,1.494,0.748,0.745,0.748,0.745,1.0025,1,1,870,10,20,0,0,106.43,36.06,12.828,24.4,50.8,1013.1
2026-09-16T15:44:06,298.6,1,Ronda 1,3,Zincado Celda Hull,71,100,1.5,Pulsado,25.0,85.0,0.0,0,0.0,95.0,4400,0.0,24.0,0.0,0,0.0,105.0,4800,0.0,25.0,25.0,1,22.0,130.0,6000,3.96,24.0,0.0,0,0.0,120.0,5500,0.0,2.05,4.15,0,2,2,98.5,97.9,0,1,1,1.5,1.503,0.753,0.75,0.753,0.75,1.0025,1,1,870,10,20,0,0,107.93,36.57,12.829,24.4,50.8,1013.1
2026-09-16T15:44:06,299.6,1,Ronda 1,3,Zincado Celda Hull,72,100,1.5,Pulsado,25.0,85.0,0.0,0,0.0,95.0,4400,0.0,24.0,0.0,0,0.0,105.0,4800,0.0,25.0,25.0,1,22.0,130.0,6000,3.96,24.0,0.0,0,0.0,120.0,5500,0.0,2.05,4.15,0,2,2,98.5,97.9,0,1,1,1.5,1.489,0.746,0.743,0.746,0.743,1.0025,1,1,870,10,20,0,0,109.42,37.07,12.83,24.4,50.8,1013.1
2026-09-16T15:44:06,300.6,1,Ronda 1,3,Zincado Celda Hull,73,100,1.5,Pulsado,25.0,85.0,0.0,0,0.0,95.0,4400,0.0,24.0,0.0,0,0.0,105.0,4800,0.0,25.3,25.0,1,22.0,130.0,6000,3.96,24.0,0.0,0,0.0,120.0,5500,0.0,2.05,4.15,0,2,2,98.5,97.9,0,1,1,1.5,1.501,0.752,0.749,0.752,0.749,1.0025,1,1,870,10,20,0,0,110.92,37.58,12.831,24.4,50.7,1013.1
2026-09-16T15:44:06,301.6,1,Ronda 1,3,Zincado Celda Hull,74,100,1.5,Pulsado,25.0,85.0,0.0,0,0.0,95.0,4400,0.0,24.0,0.0,0,0.0,105.0,4800,0.0,25.0,25.0,1,22.0,130.0,6000,3.96,24.0,0.0,0,0.0,120.0,5500,0.0,2.05,4.15,0,2,2,98.5,97.9,0,1,1,1.5,1.5,0.752,0.749,0.752,0.749,1.0025,1,1,870,10,20,0,0,112.42,38.09,12.832,24.4,50.7,1013.1
2026-09-16T15:44:06,302.6,1,Ronda 1,3,Zincado Celda Hull,75,100,1.5,Pulsado,25.0,85.0,0.0,0,0.0,95.0,4400,0.0,24.0,0.0,0,0.0,105.0,4800,0.0,24.7,25.0,1,22.0,130.0,6000,3.96,24.0,0.0,0,0.0,120.0,5500,0.0,2.05,4.15,0,2,2,98.5,97.9,0,1,1,1.5,1.495,0.749,0.746,0.749,0.746,1.0025,1,1,870,10,20,0,0,113.92,38.6,12.834,24.4,50.7,1013.1
2026-09-16T15:44:06,303.6,1,Ronda 1,3,Zincado Celda Hull,76,100,1.5,Pulsado,25.0,85.0,0.0,0,0.0,95.0,4400,0.0,24.0,0.0,0,0.0,105.0,4800,0.0,25.0,25.0,1,22.0,130.0,6000,3.96,24.0,0.0,0,0.0,120.0,5500,0.0,2.05,4.15,0,2,2,98.5,97.9,0,1,1,1.5,1.51,0.756,0.753,0.756,0.753,1.0025,1,1,870,10,20,0,0,115.43,39.11,12.835,24.4,50.7,1013.1
2026-09-16T15:44:06,304.6,1,Ronda 1,3,Zincado Celda Hull,77,100,1.5,Pulsado,25.0,85.0,0.0,0,0.0,95.0,4400,0.0,24.0,0.0,0,0.0,105.0,4800,0.0,25.2,25.0,1,22.0,130.0,6000,3.96,24.0,0.0,0,0.0,120.0,5500,0.0,2.05,4.15,0,2,2,98.5,97.9,0,1,1,1.5,1.506,0.755,0.752,0.755,0.752,1.0025,1,1,870,10,20,0,0,116.93,39.62,12.836,24.3,50.7,1013.1
2026-09-16T15:44:06,305.6,1,Ronda 1,3,Zincado Celda Hull,78,100,1.5,Pulsado,25.0,85.0,0.0,0,0.0,95.0,4400,0.0,24.0,0.0,0,0.0,105.0,4800,0.0,24.9,25.0,1,22.0,130.0,6000,3.96,24.0,0.0,0,0.0,120.0,5500,0.0,2.05,4.15,0,2,2,98.5,97.9,0,1,1,1.5,1.493,0.748,0.745,0.748,0.745,1.0025,1,1,870,10,20,0,0,118.43,40.12,12.837,24.3,50.7,1013.1
2026-09-16T15:44:06,306.6,1,Ronda 1,3,Zincado Celda Hull,79,100,1.5,Pulsado,25.0,85.0,0.0,0,0.0,95.0,4400,0.0,24.0,0.0,0,0.0,105.0,4800,0.0,25.1,25.0,1,22.0,130.0,6000,3.96,24.0,0.0,0,0.0,120.0,5500,0.0,2.05,4.15,0,2,2,98.5,97.9,0,1,1,1.5,1.501,0.752,0.749,0.752,0.749,1.0025,1,1,870,10,20,0,0,119.93,40.63,12.838,24.3,50.7,1013.1
2026-09-16T15:44:06,307.6,1,Ronda 1,3,Zincado Celda Hull,80,100,1.5,Pulsado,25.0,85.0,0.0,0,0.0,95.0,4400,0.0,24.0,0.0,0,0.0,105.0,4800,0.0,25.1,25.0,1,22.0,130.0,6000,3.96,24.0,0.0,0,0.0,120.0,5500,0.0,2.05,4.15,0,2,2,98.5,97.9,0,1,1,1.5,1.505,0.754,0.751,0.754,0.751,1.0025,1,1,870,10,20,0,0,121.43,41.14,12.839,24.3,50.7,1013.1
2026-09-16T15:44:06,308.6,1,Ronda 1,3,Zincado Celda Hull,81,100,1.5,Pulsado,25.0,85.0,0.0,0,0.0,95.0,4400,0.0,24.0,0.0,0,0.0,105.0,4800,0.0,25.0,25.0,1,22.0,130.0,6000,3.96,24.0,0.0,0,0.0,120.0,5500,0.0,2.05,4.15,0,2,2,98.5,97.9,0,1,1,1.5,1.492,0.747,0.744,0.747,0.744,1.0025,1,1,870,10,20,0,0,122.92,41.65,12.84,24.3,50.7,1013.1
2026-09-16T15:44:06,309.6,1,Ronda 1,3,Zincado Celda Hull,82,100,1.5,Pulsado,25.0,85.0,0.0,0,0.0,95.0,4400,0.0,24.0,0.0,0,0.0,105.0,4800,0.0,25.1,25.0,1,22.0,130.0,6000,3.96,24.0,0.0,0,0.0,120.0,5500,0.0,2.05,4.15,0,2,2,98.5,97.9,0,1,1,1.5,1.482,0.743,0.74,0.743,0.74,1.0025,1,1,870,10,20,0,0,124.41,42.15,12.841,24.3,50.7,1013.1
2026-09-16T15:44:06,310.6,1,Ronda 1,3,Zincado Celda Hull,83,100,1.5,Pulsado,25.0,85.0,0.0,0,0.0,95.0,4400,0.0,24.0,0.0,0,0.0,105.0,4800,0.0,25.1,25.0,1,22.0,130.0,6000,3.96,24.0,0.0,0,0.0,120.0,5500,0.0,2.05,4.15,0,2,2,98.5,97.9,0,1,1,1.5,1.501,0.752,0.749,0.752,0.749,1.0025,1,1,870,10,20,0,0,125.91,42.66,12.842,24.3,50.7,1013.1
2026-09-16T15:44:06,311.6,1,Ronda 1,3,Zincado Celda Hull,84,100,1.5,Pulsado,25.0,85.0,0.0,0,0.0,95.0,4400,0.0,24.0,0.0,0,0.0,105.0,4800,0.0,25.1,25.0,1,22.0,130.0,6000,3.96,24.0,0.0,0,0.0,120.0,5500,0.0,2.05,4.15,0,2,2,98.5,97.9,0,1,1,1.5,1.488,0.746,0.743,0.746,0.743,1.0025,1,1,870,10,20,0,0,127.4,43.16,12.843,24.3,50.7,1013.1
2026-09-16T15:44:06,312.6,1,Ronda 1,3,Zincado Celda Hull,85,100,1.5,Pulsado,25.0,85.0,0.0,0,0.0,95.0,4400,0.0,24.0,0.0,0,0.0,105.0,4800,0.0,25.0,25.0,1,22.0,130.0,6000,3.96,24.0,0.0,0,0.0,120.0,5500,0.0,2.05,4.15,0,2,2,98.5,97.9,0,1,1,1.5,1.499,0.751,0.748,0.751,0.748,1.0025,1,1,870,10,20,0,0,128.9,43.67,12.845,24.3,50.7,1013.1
2026-09-16T15:44:06,313.6,1,Ronda 1,3,Zincado Celda Hull,86,100,1.5,Pulsado,25.0,85.0,0.0,0,0.0,95.0,4400,0.0,24.0,0.0,0,0.0,105.0,4800,0.0,25.1,25.0,1,22.0,130.0,6000,3.96,24.0,0.0,0,0.0,120.0,5500,0.0,2.05,4.15,0,2,2,98.5,97.9,0,1,1,1.5,1.509,0.756,0.753,0.756,0.753,1.0025,1,1,870,10,20,0,0,130.4,44.18,12.846,24.3,50.7,1013.1
2026-09-16T15:44:06,314.6,1,Ronda 1,3,Zincado Celda Hull,87,100,1.5,Pulsado,25.0,85.0,0.0,0,0.0,95.0,4400,0.0,24.0,0.0,0,0.0,105.0,4800,0.0,25.1,25.0,1,22.0,130.0,6000,3.96,24.0,0.0,0,0.0,120.0,5500,0.0,2.05,4.15,0,2,2,98.5,97.9,0,1,1,1.5,1.495,0.749,0.746,0.749,0.746,1.0025,1,1,870,10,20,0,0,131.9,44.69,12.847,24.3,50.7,1013.1
2026-09-16T15:44:06,315.6,1,Ronda 1,3,Zincado Celda Hull,88,100,1.5,Pulsado,25.0,85.0,0.0,0,0.0,95.0,4400,0.0,24.0,0.0,0,0.0,105.0,4800,0.0,25.2,25.0,1,22.0,130.0,6000,3.96,24.0,0.0,0,0.0,120.0,5500,0.0,2.05,4.15,0,2,2,98.5,97.9,0,1,1,1.5,1.5,0.752,0.749,0.752,0.749,1.0025,1,1,870,10,20,0,0,133.4,45.2,12.848,24.3,50.7,1013.1
2026-09-16T15:44:06,316.6,1,Ronda 1,3,Zincado Celda Hull,89,100,1.5,Pulsado,25.0,85.0,0.0,0,0.0,95.0,4400,0.0,24.0,0.0,0,0.0,105.0,4800,0.0,24.9,25.0,1,22.0,130.0,6000,3.96,24.0,0.0,0,0.0,120.0,5500,0.0,2.05,4.15,0,2,2,98.5,97.9,0,1,1,1.5,1.501,0.752,0.749,0.752,0.749,1.0025,1,1,870,10,20,0,0,134.9,45.7,12.849,24.3,50.7,1013.1
2026-09-16T15:44:06,317.6,1,Ronda 1,3,Zincado Celda Hull,90,100,1.5,Pulsado,25.0,85.0,0.0,0,0.0,95.0,4400,0.0,24.0,0.0,0,0.0,105.0,4800,0.0,25.0,25.0,1,22.0,130.0,6000,3.96,24.0,0.0,0,0.0,120.0,5500,0.0,2.05,4.15,0,2,2,98.5,97.9,0,1,1,1.5,1.507,0.755,0.752,0.755,0.752,1.0025,1,1,870,10,20,0,0,136.41,46.21,12.85,24.3,50.7,1013.1
2026-09-16T15:44:06,318.6,1,Ronda 1,3,Zincado Celda Hull,91,100,1.5,Pulsado,25.0,85.0,0.0,0,0.0,95.0,4400,0.0,24.0,0.0,0,0.0,105.0,4800,0.0,24.9,25.0,1,22.0,130.0,6000,3.96,24.0,0.0,0,0.0,120.0,5500,0.0,2.05,4.15,0,2,2,98.5,97.9,0,1,1,1.5,1.502,0.752,0.749,0.752,0.749,1.0025,1,1,870,10,20,0,0,137.91,46.72,12.851,24.3,50.7,1013.1
2026-09-16T15:44:06,319.6,1,Ronda 1,3,Zincado Celda Hull,92,100,1.5,Pulsado,25.0,85.0,0.0,0,0.0,95.0,4400,0.0,24.0,0.0,0,0.0,105.0,4800,0.0,25.0,25.0,1,22.0,130.0,6000,3.96,24.0,0.0,0,0.0,120.0,5500,0.0,2.05,4.15,0,2,2,98.5,97.9,0,1,1,1.5,1.483,0.743,0.74,0.743,0.74,1.0025,1,1,870,10,20,0,0,139.39,47.23,12.852,24.3,50.7,1013.1
2026-09-16T15:44:06,320.6,1,Ronda 1,3,Zincado Celda Hull,93,100,1.5,Pulsado,25.0,85.0,0.0,0,0.0,95.0,4400,0.0,24.0,0.0,0,0.0,105.0,4800,0.0,25.1,25.0,1,22.0,130.0,6000,3.96,24.0,0.0,0,0.0,120.0,5500,0.0,2.05,4.15,0,2,2,98.5,97.9,0,1,1,1.5,1.489,0.746,0.743,0.746,0.743,1.0025,1,1,870,10,20,0,0,140.88,47.73,12.853,24.3,50.7,1013.1
2026-09-16T15:44:06,321.6,1,Ronda 1,3,Zincado Celda Hull,94,100,1.5,Pulsado,25.0,85.0,0.0,0,0.0,95.0,4400,0.0,24.0,0.0,0,0.0,105.0,4800,0.0,24.9,25.0,1,22.0,130.0,6000,3.96,24.0,0.0,0,0.0,120.0,5500,0.0,2.05,4.15,0,2,2,98.5,97.9,0,1,1,1.5,1.485,0.744,0.741,0.744,0.741,1.0025,1,1,870,10,20,0,0,142.37,48.23,12.854,24.3,50.7,1013.1
2026-09-16T15:44:06,322.6,1,Ronda 1,3,Zincado Celda Hull,95,100,1.5,Pulsado,25.0,85.0,0.0,0,0.0,95.0,4400,0.0,24.0,0.0,0,0.0,105.0,4800,0.0,24.8,25.0,1,22.0,130.0,6000,3.96,24.0,0.0,0,0.0,120.0,5500,0.0,2.05,4.15,0,2,2,98.5,97.9,0,1,1,1.5,1.486,0.744,0.741,0.744,0.741,1.0025,1,1,870,10,20,0,0,143.85,48.74,12.856,24.3,50.7,1013.1
2026-09-16T15:44:06,323.6,1,Ronda 1,3,Zincado Celda Hull,96,100,1.5,Pulsado,25.0,85.0,0.0,0,0.0,95.0,4400,0.0,24.0,0.0,0,0.0,105.0,4800,0.0,24.9,25.0,1,22.0,130.0,6000,3.96,24.0,0.0,0,0.0,120.0,5500,0.0,2.05,4.15,0,2,2,98.5,97.9,0,1,1,1.5,1.486,0.745,0.742,0.745,0.742,1.0025,1,1,870,10,20,0,0,145.34,49.24,12.857,24.3,50.7,1013.1
2026-09-16T15:44:06,324.6,1,Ronda 1,3,Zincado Celda Hull,97,100,1.5,Pulsado,25.0,85.0,0.0,0,0.0,95.0,4400,0.0,24.0,0.0,0,0.0,105.0,4800,0.0,25.1,25.0,1,22.0,130.0,6000,3.96,24.0,0.0,0,0.0,120.0,5500,0.0,2.05,4.15,0,2,2,98.5,97.9,0,1,1,1.5,1.503,0.753,0.75,0.753,0.75,1.0025,1,1,870,10,20,0,0,146.84,49.75,12.858,24.2,50.6,1013.1
2026-09-16T15:44:06,325.6,1,Ronda 1,3,Zincado Celda Hull,98,100,1.5,Pulsado,25.0,85.0,0.0,0,0.0,95.0,4400,0.0,24.0,0.0,0,0.0,105.0,4800,0.0,25.0,25.0,1,22.0,130.0,6000,3.96,24.0,0.0,0,0.0,120.0,5500,0.0,2.05,4.15,0,2,2,98.5,97.9,0,1,1,1.5,1.515,0.759,0.756,0.759,0.756,1.0025,1,1,870,10,20,0,0,148.36,50.26,12.859,24.2,50.6,1013.1
2026-09-16T15:44:06,326.6,1,Ronda 1,3,Zincado Celda Hull,99,100,1.5,Pulsado,25.0,85.0,0.0,0,0.0,95.0,4400,0.0,24.0,0.0,0,0.0,105.0,4800,0.0,25.1,25.0,1,22.0,130.0,6000,3.96,24.0,0.0,0,0.0,120.0,5500,0.0,2.05,4.15,0,2,2,98.5,97.9,0,1,1,1.5,1.507,0.755,0.752,0.755,0.752,1.0025,1,1,870,10,20,0,0,149.86,50.77,12.86,24.2,50.6,1013.1
2026-09-16T15:44:06,337.70000000000005,1,Ronda 1,4,Niquelado Químico Watts,0,300,1.13,DC,30.0,24.0,0.0,0,0.0,95.0,4400,0.0,24.0,0.0,0,0.0,105.0,4800,0.0,24.0,0.0,0,0.0,130.0,6000,0.0,30.3,30.0,1,35.0,120.0,5500,157.5,2.05,4.15,0,2,2,98.5,97.9,0,1,0,1.13,1.136,0.569,0.567,0.569,0.567,1.0025,1,1,655,0,0,3,0,151.0,51.16,12.904,24.2,50.6,1013.1
2026-09-16T15:44:06,338.70000000000005,1,Ronda 1,4,Niquelado Químico Watts,1,300,1.13,DC,30.0,25.0,0.0,0,0.0,95.0,4400,0.0,24.0,0.0,0,0.0,105.0,4800,0.0,24.0,0.0,0,0.0,130.0,6000,0.0,30.0,30.0,1,35.0,120.0,5500,157.5,2.05,4.15,0,2,2,98.5,97.9,0,1,0,1.13,1.14,0.571,0.569,0.571,0.569,1.0025,1,1,655,0,0,3,0,152.14,51.55,12.947,24.2,50.6,1013.1
2026-09-16T15:44:06,339.70000000000005,1,Ronda 1,4,Niquelado Químico Watts,2,300,1.13,DC,30.0,26.0,0.0,0,0.0,95.0,4400,0.0,24.0,0.0,0,0.0,105.0,4800,0.0,24.0,0.0,0,0.0,130.0,6000,0.0,30.0,30.0,1,35.0,120.0,5500,157.5,2.05,4.15,0,2,2,98.5,97.9,0,1,0,1.13,1.131,0.567,0.564,0.567,0.564,1.0025,1,1,655,0,0,3,0,153.27,51.93,12.991,24.2,50.6,1013.1
2026-09-16T15:44:06,340.70000000000005,1,Ronda 1,4,Niquelado Químico Watts,3,300,1.13,DC,30.0,27.1,0.0,0,0.0,95.0,4400,0.0,24.0,0.0,0,0.0,105.0,4800,0.0,24.0,0.0,0,0.0,130.0,6000,0.0,30.0,30.0,1,35.0,120.0,5500,157.5,2.05,4.15,0,2,2,98.5,97.9,0,1,0,1.13,1.141,0.572,0.569,0.572,0.569,1.0025,1,1,655,0,0,3,0,154.41,52.32,13.035,24.2,50.6,1013.1
2026-09-16T15:44:06,341.70000000000005,1,Ronda 1,4,Niquelado Químico Watts,4,300,1.13,DC,30.0,28.1,0.0,0,0.0,95.0,4400,0.0,24.0,0.0,0,0.0,105.0,4800,0.0,24.0,0.0,0,0.0,130.0,6000,0.0,30.1,30.0,1,35.0,120.0,5500,157.5,2.05,4.15,0,2,2,98.5,97.9,0,1,0,1.13,1.127,0.565,0.562,0.565,0.562,1.0025,1,1,655,0,0,3,0,155.54,52.7,13.079,24.2,50.6,1013.1
2026-09-16T15:44:06,342.70000000000005,1,Ronda 1,4,Niquelado Químico Watts,5,300,1.13,DC,30.0,29.1,0.0,0,0.0,95.0,4400,0.0,24.0,0.0,0,0.0,105.0,4800,0.0,24.0,0.0,0,0.0,130.0,6000,0.0,29.7,30.0,1,35.0,120.0,5500,157.5,2.05,4.15,0,2,2,98.5,97.9,0,1,0,1.13,1.116,0.559,0.557,0.559,0.557,1.0025,1,1,655,0,0,3,0,156.66,53.07,13.122,24.2,50.6,1013.1
2026-09-16T15:44:06,343.70000000000005,1,Ronda 1,4,Niquelado Químico Watts,6,300,1.13,DC,30.0,30.1,0.0,0,0.0,95.0,4400,0.0,24.0,0.0,0,0.0,105.0,4800,0.0,24.0,0.0,0,0.0,130.0,6000,0.0,29.9,30.0,1,35.0,120.0,5500,157.5,2.05,4.15,0,2,2,98.5,97.9,0,1,0,1.13,1.131,0.566,0.564,0.566,0.564,1.0025,1,1,655,0,0,3,0,157.79,53.46,13.166,24.2,50.6,1013.1
2026-09-16T15:44:06,344.70000000000005,1,Ronda 1,4,Niquelado Químico Watts,7,300,1.13,DC,30.0,31.1,0.0,0,0.0,95.0,4400,0.0,24.0,0.0,0,0.0,105.0,4800,0.0,24.0,0.0,0,0.0,130.0,6000,0.0,29.8,30.0,1,35.0,120.0,5500,157.5,2.05,4.15,0,2,2,98.5,97.9,0,1,0,1.13,1.127,0.565,0.562,0.565,0.562,1.0025,1,1,655,0,0,3,0,158.91,53.84,13.21,24.1,50.6,1013.1
2026-09-16T15:44:06,345.70000000000005,1,Ronda 1,4,Niquelado Químico Watts,8,300,1.13,DC,30.0,32.1,0.0,0,0.0,95.0,4400,0.0,24.0,0.0,0,0.0,105.0,4800,0.0,24.0,0.0,0,0.0,130.0,6000,0.0,29.7,30.0,1,35.0,120.0,5500,157.5,2.05,4.15,0,2,2,98.5,97.9,0,1,0,1.13,1.129,0.566,0.564,0.566,0.564,1.0025,1,1,655,0,0,3,0,160.04,54.22,13.254,24.1,50.6,1013.1
2026-09-16T15:44:06,346.70000000000005,1,Ronda 1,4,Niquelado Químico Watts,9,300,1.13,DC,30.0,33.1,0.0,0,0.0,95.0,4400,0.0,24.0,0.0,0,0.0,105.0,4800,0.0,24.0,0.0,0,0.0,130.0,6000,0.0,30.0,30.0,1,35.0,120.0,5500,157.5,2.05,4.15,0,2,2,98.5,97.9,0,1,0,1.13,1.141,0.571,0.569,0.571,0.569,1.0025,1,1,655,0,0,3,0,161.18,54.61,13.297,24.1,50.6,1013.1
2026-09-16T15:44:06,347.70000000000005,1,Ronda 1,4,Niquelado Químico Watts,10,300,1.13,DC,30.0,34.2,0.0,0,0.0,95.0,4400,0.0,24.0,0.0,0,0.0,105.0,4800,0.0,24.0,0.0,0,0.0,130.0,6000,0.0,29.9,30.0,1,35.0,120.0,5500,157.5,2.05,4.15,0,2,2,98.5,97.9,0,1,0,1.13,1.15,0.576,0.574,0.576,0.574,1.0025,1,1,655,0,0,3,0,162.33,55.0,13.341,24.1,50.6,1013.1
2026-09-16T15:44:06,348.70000000000005,1,Ronda 1,4,Niquelado Químico Watts,11,300,1.13,DC,30.0,35.2,0.0,0,0.0,95.0,4400,0.0,24.0,0.0,0,0.0,105.0,4800,0.0,24.0,0.0,0,0.0,130.0,6000,0.0,29.8,30.0,1,35.0,120.0,5500,157.5,2.05,4.15,0,2,2,98.5,97.9,0,1,0,1.13,1.136,0.569,0.567,0.569,0.567,1.0025,1,1,655,0,0,3,0,163.47,55.38,13.385,24.1,50.5,1013.1
2026-09-16T15:44:06,349.70000000000005,1,Ronda 1,4,Niquelado Químico Watts,12,300,1.13,DC,30.0,36.2,0.0,0,0.0,95.0,4400,0.0,24.0,0.0,0,0.0,105.0,4800,0.0,24.0,0.0,0,0.0,130.0,6000,0.0,30.2,30.0,1,35.0,120.0,5500,157.5,2.05,4.15,0,2,2,98.5,97.9,0,1,0,1.13,1.132,0.567,0.565,0.567,0.565,1.0025,1,1,655,0,0,3,0,164.6,55.77,13.429,24.1,50.5,1013.1
2026-09-16T15:44:06,350.70000000000005,1,Ronda 1,4,Niquelado Químico Watts,13,300,1.13,DC,30.0,37.2,0.0,0,0.0,95.0,4400,0.0,24.0,0.0,0,0.0,105.0,4800,0.0,24.0,0.0,0,0.0,130.0,6000,0.0,29.8,30.0,1,35.0,120.0,5500,157.5,2.05,4.15,0,2,2,98.5,97.9,0,1,0,1.13,1.134,0.568,0.566,0.568,0.566,1.0025,1,1,655,0,0,3,0,165.73,56.15,13.472,24.1,50.5,1013.1
2026-09-16T15:44:06,351.70000000000005,1,Ronda 1,4,Niquelado Químico Watts,14,300,1.13,DC,30.0,38.2,0.0,0,0.0,95.0,4400,0.0,24.0,0.0,0,0.0,105.0,4800,0.0,24.0,0.0,0,0.0,130.0,6000,0.0,30.0,30.0,1,35.0,120.0,5500,157.5,2.05,4.15,0,2,2,98.5,97.9,0,1,0,1.13,1.125,0.564,0.561,0.564,0.561,1.0025,1,1,655,0,0,3,0,166.86,56.53,13.516,24.1,50.5,1013.1
2026-09-16T15:44:06,352.70000000000005,1,Ronda 1,4,Niquelado Químico Watts,15,300,1.13,DC,30.0,39.2,0.0,0,0.0,95.0,4400,0.0,24.0,0.0,0,0.0,105.0,4800,0.0,24.0,0.0,0,0.0,130.0,6000,0.0,30.1,30.0,1,35.0,120.0,5500,157.5,2.05,4.15,0,2,2,98.5,97.9,0,1,0,1.13,1.118,0.56,0.558,0.56,0.558,1.0025,1,1,655,0,0,3,0,167.98,56.91,13.56,24.1,50.5,1013.1
2026-09-16T15:44:06,353.70000000000005,1,Ronda 1,4,Niquelado Químico Watts,16,300,1.13,DC,30.0,40.3,0.0,0,0.0,95.0,4400,0.0,24.0,0.0,0,0.0,105.0,4800,0.0,24.0,0.0,0,0.0,130.0,6000,0.0,30.0,30.0,1,35.0,120.0,5500,157.5,2.05,4.15,0,2,2,98.5,97.9,0,1,0,1.13,1.134,0.568,0.566,0.568,0.566,1.0025,1,1,655,0,0,3,0,169.11,57.29,13.604,24.1,50.5,1013.1
2026-09-16T15:44:06,354.70000000000005,1,Ronda 1,4,Niquelado Químico Watts,17,300,1.13,DC,30.0,41.3,0.0,0,0.0,95.0,4400,0.0,24.0,0.0,0,0.0,105.0,4800,0.0,24.0,0.0,0,0.0,130.0,6000,0.0,29.9,30.0,1,35.0,120.0,5500,157.5,2.05,4.15,0,2,2,98.5,97.9,0,1,0,1.13,1.128,0.565,0.563,0.565,0.563,1.0025,1,1,655,0,0,3,0,170.24,57.68,13.647,24.1,50.5,1013.1
2026-09-16T15:44:06,355.70000000000005,1,Ronda 1,4,Niquelado Químico Watts,18,300,1.13,DC,30.0,42.3,0.0,0,0.0,95.0,4400,0.0,24.0,0.0,0,0.0,105.0,4800,0.0,24.0,0.0,0,0.0,130.0,6000,0.0,30.1,30.0,1,35.0,120.0,5500,157.5,2.05,4.15,0,2,2,98.5,97.9,0,1,0,1.13,1.123,0.563,0.56,0.563,0.56,1.0025,1,1,655,0,0,3,0,171.36,58.06,13.691,24.1,50.5,1013.1
2026-09-16T15:44:06,356.70000000000005,1,Ronda 1,4,Niquelado Químico Watts,19,300,1.13,DC,30.0,43.3,0.0,0,0.0,95.0,4400,0.0,24.0,0.0,0,0.0,105.0,4800,0.0,24.0,0.0,0,0.0,130.0,6000,0.0,30.0,30.0,1,35.0,120.0,5500,157.5,2.05,4.15,0,2,2,98.5,97.9,0,1,0,1.13,1.132,0.567,0.565,0.567,0.565,1.0025,1,1,655,0,0,3,0,172.49,58.44,13.735,24.1,50.5,1013.1
2026-09-16T15:44:06,357.70000000000005,1,Ronda 1,4,Niquelado Químico Watts,20,300,1.13,DC,30.0,44.3,0.0,0,0.0,95.0,4400,0.0,24.0,0.0,0,0.0,105.0,4800,0.0,24.0,0.0,0,0.0,130.0,6000,0.0,30.1,30.0,1,35.0,120.0,5500,157.5,2.05,4.15,0,2,2,98.5,97.9,0,1,0,1.13,1.138,0.57,0.568,0.57,0.568,1.0025,1,1,655,0,0,3,0,173.63,58.83,13.779,24.1,50.5,1013.1
2026-09-16T15:44:06,358.70000000000005,1,Ronda 1,4,Niquelado Químico Watts,21,300,1.13,DC,30.0,45.3,0.0,0,0.0,95.0,4400,0.0,24.0,0.0,0,0.0,105.0,4800,0.0,24.0,0.0,0,0.0,130.0,6000,0.0,30.2,30.0,1,35.0,120.0,5500,157.5,2.05,4.15,0,2,2,98.5,97.9,0,1,0,1.13,1.133,0.568,0.565,0.568,0.565,1.0025,1,1,655,0,0,3,0,174.76,59.21,13.822,24.1,50.5,1013.1
2026-09-16T15:44:06,359.70000000000005,1,Ronda 1,4,Niquelado Químico Watts,22,300,1.13,DC,30.0,46.4,0.0,0,0.0,95.0,4400,0.0,24.0,0.0,0,0.0,105.0,4800,0.0,24.0,0.0,0,0.0,130.0,6000,0.0,29.9,30.0,1,35.0,120.0,5500,157.5,2.05,4.15,0,2,2,98.5,97.9,0,1,0,1.13,1.129,0.566,0.563,0.566,0.563,1.0025,1,1,655,0,0,3,0,175.89,59.59,13.866,24.1,50.5,1013.1
2026-09-16T15:44:06,360.70000000000005,1,Ronda 1,4,Niquelado Químico Watts,23,300,1.13,DC,30.0,47.4,0.0,0,0.0,95.0,4400,0.0,24.0,0.0,0,0.0,105.0,4800,0.0,24.0,0.0,0,0.0,130.0,6000,0.0,30.1,30.0,1,35.0,120.0,5500,157.5,2.05,4.15,0,2,2,98.5,97.9,0,1,0,1.13,1.126,0.564,0.562,0.564,0.562,1.0025,1,1,655,0,0,3,0,177.02,59.97,13.91,24.1,50.5,1013.1
2026-09-16T15:44:06,361.70000000000005,1,Ronda 1,4,Niquelado Químico Watts,24,300,1.13,DC,30.0,48.4,0.0,0,0.0,95.0,4400,0.0,24.0,0.0,0,0.0,105.0,4800,0.0,24.0,0.0,0,0.0,130.0,6000,0.0,30.1,30.0,1,35.0,120.0,5500,157.5,2.05,4.15,0,2,2,98.5,97.9,0,1,0,1.13,1.122,0.562,0.56,0.562,0.56,1.0025,1,1,655,0,0,3,0,178.14,60.35,13.954,24.1,50.5,1013.1
2026-09-16T15:44:06,362.70000000000005,1,Ronda 1,4,Niquelado Químico Watts,25,300,1.13,DC,30.0,49.4,0.0,0,0.0,95.0,4400,0.0,24.0,0.0,0,0.0,105.0,4800,0.0,24.0,0.0,0,0.0,130.0,6000,0.0,30.1,30.0,1,35.0,120.0,5500,157.5,2.05,4.15,0,2,2,98.5,97.9,0,1,0,1.13,1.124,0.563,0.561,0.563,0.561,1.0025,1,1,655,0,0,3,0,179.26,60.73,13.997,24.1,50.5,1013.1
2026-09-16T15:44:06,363.70000000000005,1,Ronda 1,4,Niquelado Químico Watts,26,300,1.13,DC,30.0,50.4,0.0,0,0.0,95.0,4400,0.0,24.0,0.0,0,0.0,105.0,4800,0.0,24.0,0.0,0,0.0,130.0,6000,0.0,30.2,30.0,1,35.0,120.0,5500,157.5,2.05,4.15,0,2,2,98.5,97.9,0,1,0,1.13,1.131,0.566,0.564,0.566,0.564,1.0025,1,1,655,0,0,3,0,180.4,61.12,14.041,24.1,50.5,1013.1
2026-09-16T15:44:06,364.70000000000005,1,Ronda 1,4,Niquelado Químico Watts,27,300,1.13,DC,30.0,51.5,0.0,0,0.0,95.0,4400,0.0,24.0,0.0,0,0.0,105.0,4800,0.0,24.0,0.0,0,0.0,130.0,6000,0.0,30.1,30.0,1,35.0,120.0,5500,157.5,2.05,4.15,0,2,2,98.5,97.9,0,1,0,1.13,1.139,0.571,0.568,0.571,0.568,1.0025,1,1,655,0,0,3,0,181.53,61.5,14.085,24.1,50.5,1013.1
2026-09-16T15:44:06,365.70000000000005,1,Ronda 1,4,Niquelado Químico Watts,28,300,1.13,DC,30.0,52.5,0.0,0,0.0,95.0,4400,0.0,24.0,0.0,0,0.0,105.0,4800,0.0,24.0,0.0,0,0.0,130.0,6000,0.0,29.8,30.0,1,35.0,120.0,5500,157.5,2.05,4.15,0,2,2,98.5,97.9,0,1,0,1.13,1.14,0.571,0.569,0.571,0.569,1.0025,1,1,655,0,0,3,0,182.67,61.89,14.129,24.1,50.5,1013.1
2026-09-16T15:44:06,366.70000000000005,1,Ronda 1,4,Niquelado Químico Watts,29,300,1.13,DC,30.0,53.5,0.0,0,0.0,95.0,4400,0.0,24.0,0.0,0,0.0,105.0,4800,0.0,24.0,0.0,0,0.0,130.0,6000,0.0,29.8,30.0,1,35.0,120.0,5500,157.5,2.05,4.15,0,2,2,98.5,97.9,0,1,0,1.13,1.13,0.566,0.564,0.566,0.564,1.0025,1,1,655,0,0,3,0,183.8,62.27,14.172,24.0,50.5,1013.1
2026-09-16T15:44:06,367.70000000000005,1,Ronda 1,4,Niquelado Químico Watts,30,300,1.13,DC,30.0,54.5,0.0,0,0.0,95.0,4400,0.0,24.0,0.0,0,0.0,105.0,4800,0.0,24.0,0.0,0,0.0,130.0,6000,0.0,30.0,30.0,1,35.0,120.0,5500,157.5,2.05,4.15,0,2,2,98.5,97.9,0,1,0,1.13,1.12,0.561,0.559,0.561,0.559,1.0025,1,1,655,0,0,3,0,184.92,62.65,14.216,24.0,50.5,1013.1
2026-09-16T15:44:06,368.70000000000005,1,Ronda 1,4,Niquelado Químico Watts,31,300,1.13,DC,30.0,55.5,0.0,0,0.0,95.0,4400,0.0,24.0,0.0,0,0.0,105.0,4800,0.0,24.0,0.0,0,0.0,130.0,6000,0.0,30.0,30.0,1,35.0,120.0,5500,157.5,2.05,4.15,0,2,2,98.5,97.9,0,1,0,1.13,1.119,0.56,0.558,0.56,0.558,1.0025,1,1,655,0,0,3,0,186.04,63.03,14.26,24.0,50.5,1013.1
2026-09-16T15:44:06,369.70000000000005,1,Ronda 1,4,Niquelado Químico Watts,32,300,1.13,DC,30.0,56.5,0.0,0,0.0,95.0,4400,0.0,24.0,0.0,0,0.0,105.0,4800,0.0,24.0,0.0,0,0.0,130.0,6000,0.0,30.1,30.0,1,35.0,120.0,5500,157.5,2.05,4.15,0,2,2,98.5,97.9,0,1,0,1.13,1.138,0.57,0.568,0.57,0.568,1.0025,1,1,655,0,0,3,0,187.18,63.42,14.304,24.0,50.5,1013.1
2026-09-16T15:44:06,370.70000000000005,1,Ronda 1,4,Niquelado Químico Watts,33,300,1.13,DC,30.0,57.6,0.0,0,0.0,95.0,4400,0.0,24.0,0.0,0,0.0,105.0,4800,0.0,24.0,0.0,0,0.0,130.0,6000,0.0,29.8,30.0,1,35.0,120.0,5500,157.5,2.05,4.15,0,2,2,98.5,97.9,0,1,0,1.13,1.132,0.567,0.565,0.567,0.565,1.0025,1,1,655,0,0,3,0,188.31,63.8,14.347,24.0,50.5,1013.1
2026-09-16T15:44:06,371.70000000000005,1,Ronda 1,4,Niquelado Químico Watts,34,300,1.13,DC,30.0,58.6,0.0,0,0.0,95.0,4400,0.0,24.0,0.0,0,0.0,105.0,4800,0.0,24.0,0.0,0,0.0,130.0,6000,0.0,29.9,30.0,1,35.0,120.0,5500,157.5,2.05,4.15,0,2,2,98.5,97.9,0,1,0,1.13,1.116,0.559,0.557,0.559,0.557,1.0025,1,1,655,0,0,3,0,189.43,64.18,14.391,24.0,50.5,1013.1
2026-09-16T15:44:06,372.70000000000005,1,Ronda 1,4,Niquelado Químico Watts,35,300,1.13,DC,30.0,59.6,0.0,0,0.0,95.0,4400,0.0,24.0,0.0,0,0.0,105.0,4800,0.0,24.0,0.0,0,0.0,130.0,6000,0.0,30.2,30.0,1,35.0,120.0,5500,157.5,2.05,4.15,0,2,2,98.5,97.9,0,1,0,1.13,1.135,0.569,0.566,0.569,0.566,1.0025,1,1,655,0,0,3,0,190.56,64.56,14.435,24.0,50.4,1013.1
2026-09-16T15:44:06,373.70000000000005,1,Ronda 1,4,Niquelado Químico Watts,36,300,1.13,DC,30.0,60.6,0.0,0,0.0,95.0,4400,0.0,24.0,0.0,0,0.0,105.0,4800,0.0,24.0,0.0,0,0.0,130.0,6000,0.0,29.9,30.0,1,35.0,120.0,5500,157.5,2.05,4.15,0,2,2,98.5,97.9,0,1,0,1.13,1.137,0.57,0.568,0.57,0.568,1.0025,1,1,655,0,0,3,0,191.7,64.95,14.479,24.0,50.4,1013.1
2026-09-16T15:44:06,374.70000000000005,1,Ronda 1,4,Niquelado Químico Watts,37,300,1.13,DC,30.0,61.6,0.0,0,0.0,95.0,4400,0.0,24.0,0.0,0,0.0,105.0,4800,0.0,24.0,0.0,0,0.0,130.0,6000,0.0,30.1,30.0,1,35.0,120.0,5500,157.5,2.05,4.15,0,2,2,98.5,97.9,0,1,0,1.13,1.137,0.57,0.568,0.57,0.568,1.0025,1,1,655,0,0,3,0,192.84,65.33,14.522,24.0,50.4,1013.1
2026-09-16T15:44:06,375.70000000000005,1,Ronda 1,4,Niquelado Químico Watts,38,300,1.13,DC,30.0,62.6,0.0,0,0.0,95.0,4400,0.0,24.0,0.0,0,0.0,105.0,4800,0.0,24.0,0.0,0,0.0,130.0,6000,0.0,29.6,30.0,1,35.0,120.0,5500,157.5,2.05,4.15,0,2,2,98.5,97.9,0,1,0,1.13,1.123,0.562,0.56,0.562,0.56,1.0025,1,1,655,0,0,3,0,193.96,65.71,14.566,24.0,50.4,1013.1
2026-09-16T15:44:06,376.70000000000005,1,Ronda 1,4,Niquelado Químico Watts,39,300,1.13,DC,30.0,63.6,0.0,0,0.0,95.0,4400,0.0,24.0,0.0,0,0.0,105.0,4800,0.0,24.0,0.0,0,0.0,130.0,6000,0.0,30.2,30.0,1,35.0,120.0,5500,157.5,2.05,4.15,0,2,2,98.5,97.9,0,1,0,1.13,1.123,0.563,0.56,0.563,0.56,1.0025,1,1,655,0,0,3,0,195.08,66.09,14.61,24.0,50.4,1013.1
2026-09-16T15:44:06,377.70000000000005,1,Ronda 1,4,Niquelado Químico Watts,40,300,1.13,DC,30.0,64.7,0.0,0,0.0,95.0,4400,0.0,24.0,0.0,0,0.0,105.0,4800,0.0,24.0,0.0,0,0.0,130.0,6000,0.0,30.0,30.0,1,35.0,120.0,5500,157.5,2.05,4.15,0,2,2,98.5,97.9,0,1,0,1.13,1.13,0.566,0.564,0.566,0.564,1.0025,1,1,655,0,0,3,0,196.21,66.48,14.654,24.0,50.4,1013.1
2026-09-16T15:44:06,378.70000000000005,1,Ronda 1,4,Niquelado Químico Watts,41,300,1.13,DC,30.0,65.7,0.0,0,0.0,95.0,4400,0.0,24.0,0.0,0,0.0,105.0,4800,0.0,24.0,0.0,0,0.0,130.0,6000,0.0,30.1,30.0,1,35.0,120.0,5500,157.5,2.05,4.15,0,2,2,98.5,97.9,0,1,0,1.13,1.135,0.568,0.566,0.568,0.566,1.0025,1,1,655,0,0,3,0,197.35,66.86,14.697,24.0,50.4,1013.1
2026-09-16T15:44:06,379.70000000000005,1,Ronda 1,4,Niquelado Químico Watts,42,300,1.13,DC,30.0,66.7,0.0,0,0.0,95.0,4400,0.0,24.0,0.0,0,0.0,105.0,4800,0.0,24.0,0.0,0,0.0,130.0,6000,0.0,30.3,30.0,1,35.0,120.0,5500,157.5,2.05,4.15,0,2,2,98.5,97.9,0,1,0,1.13,1.129,0.566,0.563,0.566,0.563,1.0025,1,1,655,0,0,3,0,198.48,67.24,14.741,24.0,50.4,1013.1
2026-09-16T15:44:06,380.70000000000005,1,Ronda 1,4,Niquelado Químico Watts,43,300,1.13,DC,30.0,67.7,0.0,0,0.0,95.0,4400,0.0,24.0,0.0,0,0.0,105.0,4800,0.0,24.0,0.0,0,0.0,130.0,6000,0.0,29.5,30.0,1,35.0,120.0,5500,157.5,2.05,4.15,0,2,2,98.5,97.9,0,1,0,1.13,1.128,0.565,0.563,0.565,0.563,1.0025,1,1,655,0,0,3,0,199.6,67.63,14.785,24.0,50.4,1013.1
2026-09-16T15:44:06,381.70000000000005,1,Ronda 1,4,Niquelado Químico Watts,44,300,1.13,DC,30.0,68.7,0.0,0,0.0,95.0,4400,0.0,24.0,0.0,0,0.0,105.0,4800,0.0,24.0,0.0,0,0.0,130.0,6000,0.0,30.1,30.0,1,35.0,120.0,5500,157.5,2.05,4.15,0,2,2,98.5,97.9,0,1,0,1.13,1.13,0.566,0.564,0.566,0.564,1.0025,1,1,655,0,0,3,0,200.73,68.01,14.829,24.0,50.4,1013.1
2026-09-16T15:44:06,382.70000000000005,1,Ronda 1,4,Niquelado Químico Watts,45,300,1.13,DC,30.0,69.8,0.0,0,0.0,95.0,4400,0.0,24.0,0.0,0,0.0,105.0,4800,0.0,24.0,0.0,0,0.0,130.0,6000,0.0,29.9,30.0,1,35.0,120.0,5500,157.5,2.05,4.15,0,2,2,98.5,97.9,0,1,0,1.13,1.131,0.566,0.564,0.566,0.564,1.0025,1,1,655,0,0,3,0,201.87,68.39,14.872,24.0,50.4,1013.1
2026-09-16T15:44:06,383.70000000000005,1,Ronda 1,4,Niquelado Químico Watts,46,300,1.13,DC,30.0,70.8,0.0,0,0.0,95.0,4400,0.0,24.0,0.0,0,0.0,105.0,4800,0.0,24.0,0.0,0,0.0,130.0,6000,0.0,29.9,30.0,1,35.0,120.0,5500,157.5,2.05,4.15,0,2,2,98.5,97.9,0,1,0,1.13,1.121,0.562,0.559,0.562,0.559,1.0025,1,1,655,0,0,3,0,202.99,68.77,14.916,24.0,50.4,1013.1
2026-09-16T15:44:06,384.70000000000005,1,Ronda 1,4,Niquelado Químico Watts,47,300,1.13,DC,30.0,71.8,0.0,0,0.0,95.0,4400,0.0,24.0,0.0,0,0.0,105.0,4800,0.0,24.0,0.0,0,0.0,130.0,6000,0.0,29.9,30.0,1,35.0,120.0,5500,157.5,2.05,4.15,0,2,2,98.5,97.9,0,1,0,1.13,1.137,0.57,0.567,0.57,0.567,1.0025,1,1,655,0,0,3,0,204.12,69.16,14.96,24.0,50.4,1013.1
2026-09-16T15:44:06,385.70000000000005,1,Ronda 1,4,Niquelado Químico Watts,48,300,1.13,DC,30.0,72.8,0.0,0,0.0,95.0,4400,0.0,24.0,0.0,0,0.0,105.0,4800,0.0,24.0,0.0,0,0.0,130.0,6000,0.0,30.3,30.0,1,35.0,120.0,5500,157.5,2.05,4.15,0,2,2,98.5,97.9,0,1,0,1.13,1.136,0.569,0.567,0.569,0.567,1.0025,1,1,655,0,0,3,0,205.26,69.54,15.004,24.0,50.4,1013.1
2026-09-16T15:44:06,386.70000000000005,1,Ronda 1,4,Niquelado Químico Watts,49,300,1.13,DC,30.0,73.8,0.0,0,0.0,95.0,4400,0.0,24.0,0.0,0,0.0,105.0,4800,0.0,24.0,0.0,0,0.0,130.0,6000,0.0,30.3,30.0,1,35.0,120.0,5500,157.5,2.05,4.15,0,2,2,98.5,97.9,0,1,0,1.13,1.143,0.572,0.57,0.572,0.57,1.0025,1,1,655,0,0,3,0,206.4,69.93,15.047,24.0,50.4,1013.1
2026-09-16T15:44:06,387.70000000000005,1,Ronda 1,4,Niquelado Químico Watts,50,300,1.13,DC,30.0,74.8,0.0,0,0.0,95.0,4400,0.0,24.0,0.0,0,0.0,105.0,4800,0.0,24.0,0.0,0,0.0,130.0,6000,0.0,30.0,30.0,1,35.0,120.0,5500,157.5,2.05,4.15,0,2,2,98.5,97.9,0,1,0,1.13,1.129,0.566,0.563,0.566,0.563,1.0025,1,1,655,0,0,3,0,207.53,70.31,15.091,24.0,50.4,1013.1
2026-09-16T15:44:06,388.70000000000005,1,Ronda 1,4,Niquelado Químico Watts,51,300,1.13,DC,30.0,75.8,0.0,0,0.0,95.0,4400,0.0,24.0,0.0,0,0.0,105.0,4800,0.0,24.0,0.0,0,0.0,130.0,6000,0.0,29.8,30.0,1,35.0,120.0,5500,157.5,2.05,4.15,0,2,2,98.5,97.9,0,1,0,1.13,1.125,0.564,0.561,0.564,0.561,1.0025,1,1,655,0,0,3,0,208.66,70.69,15.135,24.0,50.4,1013.1
2026-09-16T15:44:06,389.70000000000005,1,Ronda 1,4,Niquelado Químico Watts,52,300,1.13,DC,30.0,76.9,0.0,0,0.0,95.0,4400,0.0,24.0,0.0,0,0.0,105.0,4800,0.0,24.0,0.0,0,0.0,130.0,6000,0.0,30.1,30.0,1,35.0,120.0,5500,157.5,2.05,4.15,0,2,2,98.5,97.9,0,1,0,1.13,1.133,0.568,0.565,0.568,0.565,1.0025,1,1,655,0,0,3,0,209.79,71.08,15.179,24.0,50.4,1013.1
2026-09-16T15:44:06,390.70000000000005,1,Ronda 1,4,Niquelado Químico Watts,53,300,1.13,DC,30.0,77.9,0.0,0,0.0,95.0,4400,0.0,24.0,0.0,0,0.0,105.0,4800,0.0,24.0,0.0,0,0.0,130.0,6000,0.0,30.1,30.0,1,35.0,120.0,5500,157.5,2.05,4.15,0,2,2,98.5,97.9,0,1,0,1.13,1.132,0.567,0.565,0.567,0.565,1.0025,1,1,655,0,0,3,0,210.92,71.46,15.222,24.0,50.4,1013.1
2026-09-16T15:44:06,391.70000000000005,1,Ronda 1,4,Niquelado Químico Watts,54,300,1.13,DC,30.0,78.9,0.0,0,0.0,95.0,4400,0.0,24.0,0.0,0,0.0,105.0,4800,0.0,24.0,0.0,0,0.0,130.0,6000,0.0,30.0,30.0,1,35.0,120.0,5500,157.5,2.05,4.15,0,2,2,98.5,97.9,0,1,0,1.13,1.132,0.567,0.565,0.567,0.565,1.0025,1,1,655,0,0,3,0,212.05,71.84,15.266,23.9,50.4,1013.1
2026-09-16T15:44:06,392.70000000000005,1,Ronda 1,4,Niquelado Químico Watts,55,300,1.13,DC,30.0,79.9,0.0,0,0.0,95.0,4400,0.0,24.0,0.0,0,0.0,105.0,4800,0.0,24.0,0.0,0,0.0,130.0,6000,0.0,29.8,30.0,1,35.0,120.0,5500,157.5,2.05,4.15,0,2,2,98.5,97.9,0,1,0,1.13,1.123,0.563,0.56,0.563,0.56,1.0025,1,1,655,0,0,3,0,213.18,72.22,15.31,23.9,50.4,1013.1
2026-09-16T15:44:06,393.70000000000005,1,Ronda 1,4,Niquelado Químico Watts,56,300,1.13,DC,30.0,80.9,0.0,0,0.0,95.0,4400,0.0,24.0,0.0,0,0.0,105.0,4800,0.0,24.0,0.0,0,0.0,130.0,6000,0.0,30.3,30.0,1,35.0,120.0,5500,157.5,2.05,4.15,0,2,2,98.5,97.9,0,1,0,1.13,1.129,0.566,0.564,0.566,0.564,1.0025,1,1,655,0,0,3,0,214.31,72.61,15.354,23.9,50.4,1013.1
2026-09-16T15:44:06,394.70000000000005,1,Ronda 1,4,Niquelado Químico Watts,57,300,1.13,DC,30.0,81.9,0.0,0,0.0,95.0,4400,0.0,24.0,0.0,0,0.0,105.0,4800,0.0,24.0,0.0,0,0.0,130.0,6000,0.0,29.9,30.0,1,35.0,120.0,5500,157.5,2.05,4.15,0,2,2,98.5,97.9,0,1,0,1.13,1.125,0.563,0.561,0.563,0.561,1.0025,1,1,655,0,0,3,0,215.43,72.99,15.397,23.9,50.4,1013.1
2026-09-16T15:44:06,395.70000000000005,1,Ronda 1,4,Niquelado Químico Watts,58,300,1.13,DC,30.0,83.0,0.0,0,0.0,95.0,4400,0.0,24.0,0.0,0,0.0,105.0,4800,0.0,24.0,0.0,0,0.0,130.0,6000,0.0,30.2,30.0,1,35.0,120.0,5500,157.5,2.05,4.15,0,2,2,98.5,97.9,0,1,0,1.13,1.135,0.568,0.566,0.568,0.566,1.0025,1,1,655,0,0,3,0,216.56,73.37,15.441,23.9,50.4,1013.1
2026-09-16T15:44:06,396.70000000000005,1,Ronda 1,4,Niquelado Químico Watts,59,300,1.13,DC,30.0,84.0,0.0,0,0.0,95.0,4400,0.0,24.0,0.0,0,0.0,105.0,4800,0.0,24.0,0.0,0,0.0,130.0,6000,0.0,30.0,30.0,1,35.0,120.0,5500,157.5,2.05,4.15,0,2,2,98.5,97.9,0,1,0,1.13,1.122,0.562,0.56,0.562,0.56,1.0025,1,1,655,0,0,3,0,217.69,73.75,15.485,23.9,50.3,1013.1
2026-09-16T15:44:06,397.70000000000005,1,Ronda 1,4,Niquelado Químico Watts,60,300,1.13,DC,30.0,85.0,0.0,0,0.0,95.0,4400,0.0,24.0,0.0,0,0.0,105.0,4800,0.0,24.0,0.0,0,0.0,130.0,6000,0.0,30.0,30.0,1,35.0,120.0,5500,157.5,2.05,4.15,0,2,2,98.5,97.9,0,1,0,1.13,1.126,0.564,0.562,0.564,0.562,1.0025,1,1,655,0,0,3,0,218.81,74.13,15.529,23.9,50.3,1013.1
2026-09-16T15:44:06,398.70000000000005,1,Ronda 1,4,Niquelado Químico Watts,61,300,1.13,DC,30.0,85.0,0.0,0,0.0,95.0,4400,0.0,24.0,0.0,0,0.0,105.0,4800,0.0,24.0,0.0,0,0.0,130.0,6000,0.0,30.0,30.0,1,35.0,120.0,5500,157.5,2.05,4.15,0,2,2,98.5,97.9,0,1,0,1.13,1.118,0.56,0.558,0.56,0.558,1.0025,1,1,655,0,0,3,0,219.93,74.51,15.572,23.9,50.3,1013.1
2026-09-16T15:44:06,399.70000000000005,1,Ronda 1,4,Niquelado Químico Watts,62,300,1.13,DC,30.0,85.0,0.0,0,0.0,95.0,4400,0.0,24.0,0.0,0,0.0,105.0,4800,0.0,24.0,0.0,0,0.0,130.0,6000,0.0,29.7,30.0,1,35.0,120.0,5500,157.5,2.05,4.15,0,2,2,98.5,97.9,0,1,0,1.13,1.139,0.571,0.568,0.571,0.568,1.0025,1,1,655,0,0,3,0,221.07,74.9,15.616,23.9,50.3,1013.1
2026-09-16T15:44:06,400.70000000000005,1,Ronda 1,4,Niquelado Químico Watts,63,300,1.13,DC,30.0,85.0,0.0,0,0.0,95.0,4400,0.0,24.0,0.0,0,0.0,105.0,4800,0.0,24.0,0.0,0,0.0,130.0,6000,0.0,29.8,30.0,1,35.0,120.0,5500,157.5,2.05,4.15,0,2,2,98.5,97.9,0,1,0,1.13,1.14,0.571,0.569,0.571,0.569,1.0025,1,1,655,0,0,3,0,222.21,75.29,15.66,23.9,50.3,1013.1
2026-09-16T15:44:06,401.70000000000005,1,Ronda 1,4,Niquelado Químico Watts,64,300,1.13,DC,30.0,85.0,0.0,0,0.0,95.0,4400,0.0,24.0,0.0,0,0.0,105.0,4800,0.0,24.0,0.0,0,0.0,130.0,6000,0.0,30.2,30.0,1,35.0,120.0,5500,157.5,2.05,4.15,0,2,2,98.5,97.9,0,1,0,1.13,1.133,0.568,0.566,0.568,0.566,1.0025,1,1,655,0,0,3,0,223.34,75.67,15.704,23.9,50.3,1013.1
2026-09-16T15:44:06,402.70000000000005,1,Ronda 1,4,Niquelado Químico Watts,65,300,1.13,DC,30.0,85.0,0.0,0,0.0,95.0,4400,0.0,24.0,0.0,0,0.0,105.0,4800,0.0,24.0,0.0,0,0.0,130.0,6000,0.0,29.9,30.0,1,35.0,120.0,5500,157.5,2.05,4.15,0,2,2,98.5,97.9,0,1,0,1.13,1.123,0.562,0.56,0.562,0.56,1.0025,1,1,655,0,0,3,0,224.47,76.05,15.747,23.9,50.3,1013.1
2026-09-16T15:44:06,403.70000000000005,1,Ronda 1,4,Niquelado Químico Watts,66,300,1.13,DC,30.0,85.0,0.0,0,0.0,95.0,4400,0.0,24.0,0.0,0,0.0,105.0,4800,0.0,24.0,0.0,0,0.0,130.0,6000,0.0,30.3,30.0,1,35.0,120.0,5500,157.5,2.05,4.15,0,2,2,98.5,97.9,0,1,0,1.13,1.137,0.569,0.567,0.569,0.567,1.0025,1,1,655,0,0,3,0,225.6,76.43,15.791,23.9,50.3,1013.1
2026-09-16T15:44:06,404.70000000000005,1,Ronda 1,4,Niquelado Químico Watts,67,300,1.13,DC,30.0,85.0,0.0,0,0.0,95.0,4400,0.0,24.0,0.0,0,0.0,105.0,4800,0.0,24.0,0.0,0,0.0,130.0,6000,0.0,30.2,30.0,1,35.0,120.0,5500,157.5,2.05,4.15,0,2,2,98.5,97.9,0,1,0,1.13,1.136,0.569,0.567,0.569,0.567,1.0025,1,1,655,0,0,3,0,226.74,76.82,15.835,23.9,50.3,1013.1
2026-09-16T15:44:06,405.70000000000005,1,Ronda 1,4,Niquelado Químico Watts,68,300,1.13,DC,30.0,85.0,0.0,0,0.0,95.0,4400,0.0,24.0,0.0,0,0.0,105.0,4800,0.0,24.0,0.0,0,0.0,130.0,6000,0.0,30.2,30.0,1,35.0,120.0,5500,157.5,2.05,4.15,0,2,2,98.5,97.9,0,1,0,1.13,1.125,0.563,0.561,0.563,0.561,1.0025,1,1,655,0,0,3,0,227.86,77.2,15.879,23.9,50.3,1013.1
2026-09-16T15:44:06,406.70000000000005,1,Ronda 1,4,Niquelado Químico Watts,69,300,1.13,DC,30.0,85.0,0.0,0,0.0,95.0,4400,0.0,24.0,0.0,0,0.0,105.0,4800,0.0,24.0,0.0,0,0.0,130.0,6000,0.0,29.8,30.0,1,35.0,120.0,5500,157.5,2.05,4.15,0,2,2,98.5,97.9,0,1,0,1.13,1.124,0.563,0.561,0.563,0.561,1.0025,1,1,655,0,0,3,0,228.99,77.58,15.922,23.9,50.3,1013.1
2026-09-16T15:44:06,407.70000000000005,1,Ronda 1,4,Niquelado Químico Watts,70,300,1.13,DC,30.0,85.0,0.0,0,0.0,95.0,4400,0.0,24.0,0.0,0,0.0,105.0,4800,0.0,24.0,0.0,0,0.0,130.0,6000,0.0,30.1,30.0,1,35.0,120.0,5500,157.5,2.05,4.15,0,2,2,98.5,97.9,0,1,0,1.13,1.136,0.569,0.567,0.569,0.567,1.0025,1,1,655,0,0,3,0,230.12,77.97,15.966,23.9,50.3,1013.1
2026-09-16T15:44:06,408.70000000000005,1,Ronda 1,4,Niquelado Químico Watts,71,300,1.13,DC,30.0,85.0,0.0,0,0.0,95.0,4400,0.0,24.0,0.0,0,0.0,105.0,4800,0.0,24.0,0.0,0,0.0,130.0,6000,0.0,30.1,30.0,1,35.0,120.0,5500,157.5,2.05,4.15,0,2,2,98.5,97.9,0,1,0,1.13,1.128,0.565,0.563,0.565,0.563,1.0025,1,1,655,0,0,3,0,231.25,78.35,16.01,23.9,50.3,1013.1
2026-09-16T15:44:06,409.70000000000005,1,Ronda 1,4,Niquelado Químico Watts,72,300,1.13,DC,30.0,85.0,0.0,0,0.0,95.0,4400,0.0,24.0,0.0,0,0.0,105.0,4800,0.0,24.0,0.0,0,0.0,130.0,6000,0.0,30.0,30.0,1,35.0,120.0,5500,157.5,2.05,4.15,0,2,2,98.5,97.9,0,1,0,1.13,1.127,0.564,0.562,0.564,0.562,1.0025,1,1,655,0,0,3,0,232.38,78.73,16.054,23.9,50.3,1013.1
2026-09-16T15:44:06,410.70000000000005,1,Ronda 1,4,Niquelado Químico Watts,73,300,1.13,DC,30.0,85.0,0.0,0,0.0,95.0,4400,0.0,24.0,0.0,0,0.0,105.0,4800,0.0,24.0,0.0,0,0.0,130.0,6000,0.0,30.1,30.0,1,35.0,120.0,5500,157.5,2.05,4.15,0,2,2,98.5,97.9,0,1,0,1.13,1.151,0.577,0.574,0.577,0.574,1.0025,1,1,655,0,0,3,0,233.53,79.12,16.097,23.9,50.3,1013.1
2026-09-16T15:44:06,411.70000000000005,1,Ronda 1,4,Niquelado Químico Watts,74,300,1.13,DC,30.0,85.0,0.0,0,0.0,95.0,4400,0.0,24.0,0.0,0,0.0,105.0,4800,0.0,24.0,0.0,0,0.0,130.0,6000,0.0,30.1,30.0,1,35.0,120.0,5500,157.5,2.05,4.15,0,2,2,98.5,97.9,0,1,0,1.13,1.141,0.572,0.569,0.572,0.569,1.0025,1,1,655,0,0,3,0,234.67,79.51,16.141,23.9,50.3,1013.1
2026-09-16T15:44:06,412.70000000000005,1,Ronda 1,4,Niquelado Químico Watts,75,300,1.13,DC,30.0,85.0,0.0,0,0.0,95.0,4400,0.0,24.0,0.0,0,0.0,105.0,4800,0.0,24.0,0.0,0,0.0,130.0,6000,0.0,29.9,30.0,1,35.0,120.0,5500,157.5,2.05,4.15,0,2,2,98.5,97.9,0,1,0,1.13,1.117,0.56,0.557,0.56,0.557,1.0025,1,1,655,0,0,3,0,235.79,79.88,16.185,23.9,50.3,1013.1
2026-09-16T15:44:06,413.70000000000005,1,Ronda 1,4,Niquelado Químico Watts,76,300,1.13,DC,30.0,85.0,0.0,0,0.0,95.0,4400,0.0,24.0,0.0,0,0.0,105.0,4800,0.0,24.0,0.0,0,0.0,130.0,6000,0.0,29.8,30.0,1,35.0,120.0,5500,157.5,2.05,4.15,0,2,2,98.5,97.9,0,1,0,1.13,1.134,0.568,0.566,0.568,0.566,1.0025,1,1,655,0,0,3,0,236.92,80.27,16.229,23.9,50.3,1013.1
2026-09-16T15:44:06,414.70000000000005,1,Ronda 1,4,Niquelado Químico Watts,77,300,1.13,DC,30.0,85.0,0.0,0,0.0,95.0,4400,0.0,24.0,0.0,0,0.0,105.0,4800,0.0,24.0,0.0,0,0.0,130.0,6000,0.0,30.1,30.0,1,35.0,120.0,5500,157.5,2.05,4.15,0,2,2,98.5,97.9,0,1,0,1.13,1.143,0.573,0.57,0.573,0.57,1.0025,1,1,655,0,0,3,0,238.06,80.66,16.272,23.9,50.3,1013.1
2026-09-16T15:44:06,415.70000000000005,1,Ronda 1,4,Niquelado Químico Watts,78,300,1.13,DC,30.0,85.0,0.0,0,0.0,95.0,4400,0.0,24.0,0.0,0,0.0,105.0,4800,0.0,24.0,0.0,0,0.0,130.0,6000,0.0,29.9,30.0,1,35.0,120.0,5500,157.5,2.05,4.15,0,2,2,98.5,97.9,0,1,0,1.13,1.124,0.563,0.561,0.563,0.561,1.0025,1,1,655,0,0,3,0,239.19,81.04,16.316,23.9,50.3,1013.1
2026-09-16T15:44:06,416.70000000000005,1,Ronda 1,4,Niquelado Químico Watts,79,300,1.13,DC,30.0,85.0,0.0,0,0.0,95.0,4400,0.0,24.0,0.0,0,0.0,105.0,4800,0.0,24.0,0.0,0,0.0,130.0,6000,0.0,29.9,30.0,1,35.0,120.0,5500,157.5,2.05,4.15,0,2,2,98.5,97.9,0,1,0,1.13,1.122,0.562,0.56,0.562,0.56,1.0025,1,1,655,0,0,3,0,240.31,81.42,16.36,23.9,50.3,1013.1
2026-09-16T15:44:06,417.70000000000005,1,Ronda 1,4,Niquelado Químico Watts,80,300,1.13,DC,30.0,85.0,0.0,0,0.0,95.0,4400,0.0,24.0,0.0,0,0.0,105.0,4800,0.0,24.0,0.0,0,0.0,130.0,6000,0.0,30.3,30.0,1,35.0,120.0,5500,157.5,2.05,4.15,0,2,2,98.5,97.9,0,1,0,1.13,1.12,0.561,0.559,0.561,0.559,1.0025,1,1,655,0,0,3,0,241.43,81.8,16.404,23.9,50.3,1013.1
2026-09-16T15:44:06,418.70000000000005,1,Ronda 1,4,Niquelado Químico Watts,81,300,1.13,DC,30.0,85.0,0.0,0,0.0,95.0,4400,0.0,24.0,0.0,0,0.0,105.0,4800,0.0,24.0,0.0,0,0.0,130.0,6000,0.0,30.1,30.0,1,35.0,120.0,5500,157.5,2.05,4.15,0,2,2,98.5,97.9,0,1,0,1.13,1.117,0.56,0.557,0.56,0.557,1.0025,1,1,655,0,0,3,0,242.55,82.18,16.447,23.9,50.3,1013.1
2026-09-16T15:44:06,419.70000000000005,1,Ronda 1,4,Niquelado Químico Watts,82,300,1.13,DC,30.0,85.0,0.0,0,0.0,95.0,4400,0.0,24.0,0.0,0,0.0,105.0,4800,0.0,24.0,0.0,0,0.0,130.0,6000,0.0,29.9,30.0,1,35.0,120.0,5500,157.5,2.05,4.15,0,2,2,98.5,97.9,0,1,0,1.13,1.131,0.566,0.564,0.566,0.564,1.0025,1,1,655,0,0,3,0,243.68,82.56,16.491,23.9,50.3,1013.1
2026-09-16T15:44:06,420.70000000000005,1,Ronda 1,4,Niquelado Químico Watts,83,300,1.13,DC,30.0,85.0,0.0,0,0.0,95.0,4400,0.0,24.0,0.0,0,0.0,105.0,4800,0.0,24.0,0.0,0,0.0,130.0,6000,0.0,30.3,30.0,1,35.0,120.0,5500,157.5,2.05,4.15,0,2,2,98.5,97.9,0,1,0,1.13,1.124,0.563,0.561,0.563,0.561,1.0025,1,1,655,0,0,3,0,244.8,82.94,16.535,23.9,50.2,1013.1
2026-09-16T15:44:06,421.70000000000005,1,Ronda 1,4,Niquelado Químico Watts,84,300,1.13,DC,30.0,85.0,0.0,0,0.0,95.0,4400,0.0,24.0,0.0,0,0.0,105.0,4800,0.0,24.0,0.0,0,0.0,130.0,6000,0.0,30.1,30.0,1,35.0,120.0,5500,157.5,2.05,4.15,0,2,2,98.5,97.9,0,1,0,1.13,1.147,0.575,0.572,0.575,0.572,1.0025,1,1,655,0,0,3,0,245.95,83.33,16.579,23.9,50.2,1013.1
2026-09-16T15:44:06,422.70000000000005,1,Ronda 1,4,Niquelado Químico Watts,85,300,1.13,DC,30.0,85.0,0.0,0,0.0,95.0,4400,0.0,24.0,0.0,0,0.0,105.0,4800,0.0,24.0,0.0,0,0.0,130.0,6000,0.0,30.3,30.0,1,35.0,120.0,5500,157.5,2.05,4.15,0,2,2,98.5,97.9,0,1,0,1.13,1.124,0.563,0.561,0.563,0.561,1.0025,1,1,655,0,0,3,0,247.07,83.71,16.622,23.9,50.2,1013.1
2026-09-16T15:44:06,423.70000000000005,1,Ronda 1,4,Niquelado Químico Watts,86,300,1.13,DC,30.0,85.0,0.0,0,0.0,95.0,4400,0.0,24.0,0.0,0,0.0,105.0,4800,0.0,24.0,0.0,0,0.0,130.0,6000,0.0,30.0,30.0,1,35.0,120.0,5500,157.5,2.05,4.15,0,2,2,98.5,97.9,0,1,0,1.13,1.127,0.564,0.562,0.564,0.562,1.0025,1,1,655,0,0,3,0,248.2,84.09,16.666,23.9,50.2,1013.1
2026-09-16T15:44:06,424.70000000000005,1,Ronda 1,4,Niquelado Químico Watts,87,300,1.13,DC,30.0,85.0,0.0,0,0.0,95.0,4400,0.0,24.0,0.0,0,0.0,105.0,4800,0.0,24.0,0.0,0,0.0,130.0,6000,0.0,30.1,30.0,1,35.0,120.0,5500,157.5,2.05,4.15,0,2,2,98.5,97.9,0,1,0,1.13,1.148,0.575,0.573,0.575,0.573,1.0025,1,1,655,0,0,3,0,249.35,84.48,16.71,23.9,50.2,1013.1
2026-09-16T15:44:06,425.70000000000005,1,Ronda 1,4,Niquelado Químico Watts,88,300,1.13,DC,30.0,85.0,0.0,0,0.0,95.0,4400,0.0,24.0,0.0,0,0.0,105.0,4800,0.0,24.0,0.0,0,0.0,130.0,6000,0.0,29.7,30.0,1,35.0,120.0,5500,157.5,2.05,4.15,0,2,2,98.5,97.9,0,1,0,1.13,1.145,0.574,0.572,0.574,0.572,1.0025,1,1,655,0,0,3,0,250.49,84.87,16.754,23.9,50.2,1013.1
2026-09-16T15:44:06,426.70000000000005,1,Ronda 1,4,Niquelado Químico Watts,89,300,1.13,DC,30.0,85.0,0.0,0,0.0,95.0,4400,0.0,24.0,0.0,0,0.0,105.0,4800,0.0,24.0,0.0,0,0.0,130.0,6000,0.0,30.0,30.0,1,35.0,120.0,5500,157.5,2.05,4.15,0,2,2,98.5,97.9,0,1,0,1.13,1.13,0.566,0.564,0.566,0.564,1.0025,1,1,655,0,0,3,0,251.62,85.25,16.797,23.8,50.2,1013.1
2026-09-16T15:44:06,427.70000000000005,1,Ronda 1,4,Niquelado Químico Watts,90,300,1.13,DC,30.0,85.0,0.0,0,0.0,95.0,4400,0.0,24.0,0.0,0,0.0,105.0,4800,0.0,24.0,0.0,0,0.0,130.0,6000,0.0,29.9,30.0,1,35.0,120.0,5500,157.5,2.05,4.15,0,2,2,98.5,97.9,0,1,0,1.13,1.13,0.566,0.564,0.566,0.564,1.0025,1,1,655,0,0,3,0,252.75,85.63,16.841,23.8,50.2,1013.1
2026-09-16T15:44:06,428.70000000000005,1,Ronda 1,4,Niquelado Químico Watts,91,300,1.13,DC,30.0,85.0,0.0,0,0.0,95.0,4400,0.0,24.0,0.0,0,0.0,105.0,4800,0.0,24.0,0.0,0,0.0,130.0,6000,0.0,30.3,30.0,1,35.0,120.0,5500,157.5,2.05,4.15,0,2,2,98.5,97.9,0,1,0,1.13,1.125,0.564,0.561,0.564,0.561,1.0025,1,1,655,0,0,3,0,253.88,86.01,16.885,23.8,50.2,1013.1
2026-09-16T15:44:06,429.70000000000005,1,Ronda 1,4,Niquelado Químico Watts,92,300,1.13,DC,30.0,85.0,0.0,0,0.0,95.0,4400,0.0,24.0,0.0,0,0.0,105.0,4800,0.0,24.0,0.0,0,0.0,130.0,6000,0.0,30.1,30.0,1,35.0,120.0,5500,157.5,2.05,4.15,0,2,2,98.5,97.9,0,1,0,1.13,1.118,0.56,0.558,0.56,0.558,1.0025,1,1,655,0,0,3,0,255.0,86.39,16.929,23.8,50.2,1013.1
2026-09-16T15:44:06,430.70000000000005,1,Ronda 1,4,Niquelado Químico Watts,93,300,1.13,DC,30.0,85.0,0.0,0,0.0,95.0,4400,0.0,24.0,0.0,0,0.0,105.0,4800,0.0,24.0,0.0,0,0.0,130.0,6000,0.0,30.2,30.0,1,35.0,120.0,5500,157.5,2.05,4.15,0,2,2,98.5,97.9,0,1,0,1.13,1.137,0.57,0.568,0.57,0.568,1.0025,1,1,655,0,0,3,0,256.13,86.78,16.972,23.8,50.2,1013.1
2026-09-16T15:44:06,431.70000000000005,1,Ronda 1,4,Niquelado Químico Watts,94,300,1.13,DC,30.0,85.0,0.0,0,0.0,95.0,4400,0.0,24.0,0.0,0,0.0,105.0,4800,0.0,24.0,0.0,0,0.0,130.0,6000,0.0,30.0,30.0,1,35.0,120.0,5500,157.5,2.05,4.15,0,2,2,98.5,97.9,0,1,0,1.13,1.122,0.562,0.56,0.562,0.56,1.0025,1,1,655,0,0,3,0,257.26,87.16,17.016,23.8,50.2,1013.1
2026-09-16T15:44:06,432.70000000000005,1,Ronda 1,4,Niquelado Químico Watts,95,300,1.13,DC,30.0,85.0,0.0,0,0.0,95.0,4400,0.0,24.0,0.0,0,0.0,105.0,4800,0.0,24.0,0.0,0,0.0,130.0,6000,0.0,29.9,30.0,1,35.0,120.0,5500,157.5,2.05,4.15,0,2,2,98.5,97.9,0,1,0,1.13,1.135,0.569,0.566,0.569,0.566,1.0025,1,1,655,0,0,3,0,258.39,87.54,17.06,23.8,50.2,1013.1
2026-09-16T15:44:06,433.70000000000005,1,Ronda 1,4,Niquelado Químico Watts,96,300,1.13,DC,30.0,85.0,0.0,0,0.0,95.0,4400,0.0,24.0,0.0,0,0.0,105.0,4800,0.0,24.0,0.0,0,0.0,130.0,6000,0.0,29.7,30.0,1,35.0,120.0,5500,157.5,2.05,4.15,0,2,2,98.5,97.9,0,1,0,1.13,1.134,0.568,0.566,0.568,0.566,1.0025,1,1,655,0,0,3,0,259.52,87.93,17.104,23.8,50.2,1013.1
2026-09-16T15:44:06,434.70000000000005,1,Ronda 1,4,Niquelado Químico Watts,97,300,1.13,DC,30.0,85.0,0.0,0,0.0,95.0,4400,0.0,24.0,0.0,0,0.0,105.0,4800,0.0,24.0,0.0,0,0.0,130.0,6000,0.0,30.1,30.0,1,35.0,120.0,5500,157.5,2.05,4.15,0,2,2,98.5,97.9,0,1,0,1.13,1.131,0.567,0.564,0.567,0.564,1.0025,1,1,655,0,0,3,0,260.65,88.31,17.147,23.8,50.2,1013.1
2026-09-16T15:44:06,435.70000000000005,1,Ronda 1,4,Niquelado Químico Watts,98,300,1.13,DC,30.0,85.0,0.0,0,0.0,95.0,4400,0.0,24.0,0.0,0,0.0,105.0,4800,0.0,24.0,0.0,0,0.0,130.0,6000,0.0,30.2,30.0,1,35.0,120.0,5500,157.5,2.05,4.15,0,2,2,98.5,97.9,0,1,0,1.13,1.138,0.57,0.568,0.57,0.568,1.0025,1,1,655,0,0,3,0,261.79,88.7,17.191,23.8,50.2,1013.1
2026-09-16T15:44:06,436.70000000000005,1,Ronda 1,4,Niquelado Químico Watts,99,300,1.13,DC,30.0,85.0,0.0,0,0.0,95.0,4400,0.0,24.0,0.0,0,0.0,105.0,4800,0.0,24.0,0.0,0,0.0,130.0,6000,0.0,29.9,30.0,1,35.0,120.0,5500,157.5,2.05,4.15,0,2,2,98.5,97.9,0,1,0,1.13,1.14,0.571,0.569,0.571,0.569,1.0025,1,1,655,0,0,3,0,262.93,89.08,17.235,23.8,50.2,1013.1
2026-09-16T15:44:06,437.70000000000005,1,Ronda 1,4,Niquelado Químico Watts,100,300,1.13,DC,30.0,85.0,0.0,0,0.0,95.0,4400,0.0,24.0,0.0,0,0.0,105.0,4800,0.0,24.0,0.0,0,0.0,130.0,6000,0.0,29.9,30.0,1,35.0,120.0,5500,157.5,2.05,4.15,0,2,2,98.5,97.9,0,1,0,1.13,1.123,0.563,0.561,0.563,0.561,1.0025,1,1,655,0,0,3,0,264.06,89.46,17.279,23.8,50.2,1013.1
2026-09-16T15:44:06,438.70000000000005,1,Ronda 1,4,Niquelado Químico Watts,101,300,1.13,DC,30.0,85.0,0.0,0,0.0,95.0,4400,0.0,24.0,0.0,0,0.0,105.0,4800,0.0,24.0,0.0,0,0.0,130.0,6000,0.0,30.0,30.0,1,35.0,120.0,5500,157.5,2.05,4.15,0,2,2,98.5,97.9,0,1,0,1.13,1.139,0.57,0.568,0.57,0.568,1.0025,1,1,655,0,0,3,0,265.19,89.85,17.322,23.8,50.2,1013.1
2026-09-16T15:44:06,439.70000000000005,1,Ronda 1,4,Niquelado Químico Watts,102,300,1.13,DC,30.0,85.0,0.0,0,0.0,95.0,4400,0.0,24.0,0.0,0,0.0,105.0,4800,0.0,24.0,0.0,0,0.0,130.0,6000,0.0,30.3,30.0,1,35.0,120.0,5500,157.5,2.05,4.15,0,2,2,98.5,97.9,0,1,0,1.13,1.126,0.564,0.562,0.564,0.562,1.0025,1,1,655,0,0,3,0,266.32,90.23,17.366,23.8,50.2,1013.1
2026-09-16T15:44:06,440.70000000000005,1,Ronda 1,4,Niquelado Químico Watts,103,300,1.13,DC,30.0,85.0,0.0,0,0.0,95.0,4400,0.0,24.0,0.0,0,0.0,105.0,4800,0.0,24.0,0.0,0,0.0,130.0,6000,0.0,29.8,30.0,1,35.0,120.0,5500,157.5,2.05,4.15,0,2,2,98.5,97.9,0,1,0,1.13,1.129,0.566,0.563,0.566,0.563,1.0025,1,1,655,0,0,3,0,267.45,90.61,17.41,23.8,50.2,1013.1
2026-09-16T15:44:06,441.70000000000005,1,Ronda 1,4,Niquelado Químico Watts,104,300,1.13,DC,30.0,85.0,0.0,0,0.0,95.0,4400,0.0,24.0,0.0,0,0.0,105.0,4800,0.0,24.0,0.0,0,0.0,130.0,6000,0.0,29.7,30.0,1,35.0,120.0,5500,157.5,2.05,4.15,0,2,2,98.5,97.9,0,1,0,1.13,1.147,0.575,0.572,0.575,0.572,1.0025,1,1,655,0,0,3,0,268.6,91.0,17.454,23.8,50.2,1013.1
2026-09-16T15:44:06,442.70000000000005,1,Ronda 1,4,Niquelado Químico Watts,105,300,1.13,DC,30.0,85.0,0.0,0,0.0,95.0,4400,0.0,24.0,0.0,0,0.0,105.0,4800,0.0,24.0,0.0,0,0.0,130.0,6000,0.0,30.2,30.0,1,35.0,120.0,5500,157.5,2.05,4.15,0,2,2,98.5,97.9,0,1,0,1.13,1.134,0.568,0.566,0.568,0.566,1.0025,1,1,655,0,0,3,0,269.73,91.38,17.497,23.8,50.2,1013.1
2026-09-16T15:44:06,443.70000000000005,1,Ronda 1,4,Niquelado Químico Watts,106,300,1.13,DC,30.0,85.0,0.0,0,0.0,95.0,4400,0.0,24.0,0.0,0,0.0,105.0,4800,0.0,24.0,0.0,0,0.0,130.0,6000,0.0,29.7,30.0,1,35.0,120.0,5500,157.5,2.05,4.15,0,2,2,98.5,97.9,0,1,0,1.13,1.133,0.567,0.565,0.567,0.565,1.0025,1,1,655,0,0,3,0,270.86,91.77,17.541,23.8,50.2,1013.1
2026-09-16T15:44:06,444.70000000000005,1,Ronda 1,4,Niquelado Químico Watts,107,300,1.13,DC,30.0,85.0,0.0,0,0.0,95.0,4400,0.0,24.0,0.0,0,0.0,105.0,4800,0.0,24.0,0.0,0,0.0,130.0,6000,0.0,29.9,30.0,1,35.0,120.0,5500,157.5,2.05,4.15,0,2,2,98.5,97.9,0,1,0,1.13,1.13,0.566,0.564,0.566,0.564,1.0025,1,1,655,0,0,3,0,271.99,92.15,17.585,23.8,50.1,1013.1
2026-09-16T15:44:06,445.70000000000005,1,Ronda 1,4,Niquelado Químico Watts,108,300,1.13,DC,30.0,85.0,0.0,0,0.0,95.0,4400,0.0,24.0,0.0,0,0.0,105.0,4800,0.0,24.0,0.0,0,0.0,130.0,6000,0.0,29.8,30.0,1,35.0,120.0,5500,157.5,2.05,4.15,0,2,2,98.5,97.9,0,1,0,1.13,1.144,0.573,0.571,0.573,0.571,1.0025,1,1,655,0,0,3,0,273.14,92.54,17.629,23.8,50.1,1013.1
2026-09-16T15:44:06,446.70000000000005,1,Ronda 1,4,Niquelado Químico Watts,109,300,1.13,DC,30.0,85.0,0.0,0,0.0,95.0,4400,0.0,24.0,0.0,0,0.0,105.0,4800,0.0,24.0,0.0,0,0.0,130.0,6000,0.0,29.9,30.0,1,35.0,120.0,5500,157.5,2.05,4.15,0,2,2,98.5,97.9,0,1,0,1.13,1.126,0.564,0.562,0.564,0.562,1.0025,1,1,655,0,0,3,0,274.26,92.92,17.672,23.8,50.1,1013.1
2026-09-16T15:44:06,447.70000000000005,1,Ronda 1,4,Niquelado Químico Watts,110,300,1.13,DC,30.0,85.0,0.0,0,0.0,95.0,4400,0.0,24.0,0.0,0,0.0,105.0,4800,0.0,24.0,0.0,0,0.0,130.0,6000,0.0,30.3,30.0,1,35.0,120.0,5500,157.5,2.05,4.15,0,2,2,98.5,97.9,0,1,0,1.13,1.142,0.572,0.57,0.572,0.57,1.0025,1,1,655,0,0,3,0,275.4,93.31,17.716,23.8,50.1,1013.1
2026-09-16T15:44:06,448.70000000000005,1,Ronda 1,4,Niquelado Químico Watts,111,300,1.13,DC,30.0,85.0,0.0,0,0.0,95.0,4400,0.0,24.0,0.0,0,0.0,105.0,4800,0.0,24.0,0.0,0,0.0,130.0,6000,0.0,30.1,30.0,1,35.0,120.0,5500,157.5,2.05,4.15,0,2,2,98.5,97.9,0,1,0,1.13,1.118,0.56,0.558,0.56,0.558,1.0025,1,1,655,0,0,3,0,276.52,93.69,17.76,23.8,50.1,1013.1
2026-09-16T15:44:06,449.70000000000005,1,Ronda 1,4,Niquelado Químico Watts,112,300,1.13,DC,30.0,85.0,0.0,0,0.0,95.0,4400,0.0,24.0,0.0,0,0.0,105.0,4800,0.0,24.0,0.0,0,0.0,130.0,6000,0.0,30.1,30.0,1,35.0,120.0,5500,157.5,2.05,4.15,0,2,2,98.5,97.9,0,1,0,1.13,1.135,0.569,0.566,0.569,0.566,1.0025,1,1,655,0,0,3,0,277.66,94.07,17.804,23.8,50.1,1013.1
2026-09-16T15:44:06,450.70000000000005,1,Ronda 1,4,Niquelado Químico Watts,113,300,1.13,DC,30.0,85.0,0.0,0,0.0,95.0,4400,0.0,24.0,0.0,0,0.0,105.0,4800,0.0,24.0,0.0,0,0.0,130.0,6000,0.0,29.9,30.0,1,35.0,120.0,5500,157.5,2.05,4.15,0,2,2,98.5,97.9,0,1,0,1.13,1.138,0.57,0.568,0.57,0.568,1.0025,1,1,655,0,0,3,0,278.8,94.46,17.847,23.8,50.1,1013.1
2026-09-16T15:44:06,451.70000000000005,1,Ronda 1,4,Niquelado Químico Watts,114,300,1.13,DC,30.0,85.0,0.0,0,0.0,95.0,4400,0.0,24.0,0.0,0,0.0,105.0,4800,0.0,24.0,0.0,0,0.0,130.0,6000,0.0,29.8,30.0,1,35.0,120.0,5500,157.5,2.05,4.15,0,2,2,98.5,97.9,0,1,0,1.13,1.128,0.565,0.563,0.565,0.563,1.0025,1,1,655,0,0,3,0,279.92,94.84,17.891,23.8,50.1,1013.1
2026-09-16T15:44:06,452.70000000000005,1,Ronda 1,4,Niquelado Químico Watts,115,300,1.13,DC,30.0,85.0,0.0,0,0.0,95.0,4400,0.0,24.0,0.0,0,0.0,105.0,4800,0.0,24.0,0.0,0,0.0,130.0,6000,0.0,30.0,30.0,1,35.0,120.0,5500,157.5,2.05,4.15,0,2,2,98.5,97.9,0,1,0,1.13,1.13,0.566,0.564,0.566,0.564,1.0025,1,1,655,0,0,3,0,281.05,95.22,17.935,23.8,50.1,1013.1
2026-09-16T15:44:06,453.70000000000005,1,Ronda 1,4,Niquelado Químico Watts,116,300,1.13,DC,30.0,85.0,0.0,0,0.0,95.0,4400,0.0,24.0,0.0,0,0.0,105.0,4800,0.0,24.0,0.0,0,0.0,130.0,6000,0.0,30.0,30.0,1,35.0,120.0,5500,157.5,2.05,4.15,0,2,2,98.5,97.9,0,1,0,1.13,1.117,0.56,0.557,0.56,0.557,1.0025,1,1,655,0,0,3,0,282.17,95.6,17.979,23.8,50.1,1013.1
2026-09-16T15:44:06,454.70000000000005,1,Ronda 1,4,Niquelado Químico Watts,117,300,1.13,DC,30.0,85.0,0.0,0,0.0,95.0,4400,0.0,24.0,0.0,0,0.0,105.0,4800,0.0,24.0,0.0,0,0.0,130.0,6000,0.0,29.7,30.0,1,35.0,120.0,5500,157.5,2.05,4.15,0,2,2,98.5,97.9,0,1,0,1.13,1.131,0.567,0.565,0.567,0.565,1.0025,1,1,655,0,0,3,0,283.3,95.98,18.022,23.8,50.1,1013.1
2026-09-16T15:44:06,455.70000000000005,1,Ronda 1,4,Niquelado Químico Watts,118,300,1.13,DC,30.0,85.0,0.0,0,0.0,95.0,4400,0.0,24.0,0.0,0,0.0,105.0,4800,0.0,24.0,0.0,0,0.0,130.0,6000,0.0,29.7,30.0,1,35.0,120.0,5500,157.5,2.05,4.15,0,2,2,98.5,97.9,0,1,0,1.13,1.139,0.571,0.568,0.571,0.568,1.0025,1,1,655,0,0,3,0,284.44,96.37,18.066,23.8,50.1,1013.1
2026-09-16T15:44:06,456.70000000000005,1,Ronda 1,4,Niquelado Químico Watts,119,300,1.13,DC,30.0,85.0,0.0,0,0.0,95.0,4400,0.0,24.0,0.0,0,0.0,105.0,4800,0.0,24.0,0.0,0,0.0,130.0,6000,0.0,30.2,30.0,1,35.0,120.0,5500,157.5,2.05,4.15,0,2,2,98.5,97.9,0,1,0,1.13,1.14,0.571,0.569,0.571,0.569,1.0025,1,1,655,0,0,3,0,285.58,96.76,18.11,23.8,50.1,1013.1
2026-09-16T15:44:06,457.70000000000005,1,Ronda 1,4,Niquelado Químico Watts,120,300,1.13,DC,30.0,85.0,0.0,0,0.0,95.0,4400,0.0,24.0,0.0,0,0.0,105.0,4800,0.0,24.0,0.0,0,0.0,130.0,6000,0.0,29.9,30.0,1,35.0,120.0,5500,157.5,2.05,4.15,0,2,2,98.5,97.9,0,1,0,1.13,1.127,0.564,0.562,0.564,0.562,1.0025,1,1,655,0,0,3,0,286.71,97.14,18.154,23.8,50.1,1013.1
2026-09-16T15:44:06,458.70000000000005,1,Ronda 1,4,Niquelado Químico Watts,121,300,1.13,DC,30.0,85.0,0.0,0,0.0,95.0,4400,0.0,24.0,0.0,0,0.0,105.0,4800,0.0,24.0,0.0,0,0.0,130.0,6000,0.0,30.2,30.0,1,35.0,120.0,5500,157.5,2.05,4.15,0,2,2,98.5,97.9,0,1,0,1.13,1.126,0.564,0.562,0.564,0.562,1.0025,1,1,655,0,0,3,0,287.83,97.52,18.197,23.8,50.1,1013.1
2026-09-16T15:44:06,459.70000000000005,1,Ronda 1,4,Niquelado Químico Watts,122,300,1.13,DC,30.0,85.0,0.0,0,0.0,95.0,4400,0.0,24.0,0.0,0,0.0,105.0,4800,0.0,24.0,0.0,0,0.0,130.0,6000,0.0,29.8,30.0,1,35.0,120.0,5500,157.5,2.05,4.15,0,2,2,98.5,97.9,0,1,0,1.13,1.14,0.571,0.569,0.571,0.569,1.0025,1,1,655,0,0,3,0,288.97,97.9,18.241,23.8,50.1,1013.1
2026-09-16T15:44:06,460.70000000000005,1,Ronda 1,4,Niquelado Químico Watts,123,300,1.13,DC,30.0,85.0,0.0,0,0.0,95.0,4400,0.0,24.0,0.0,0,0.0,105.0,4800,0.0,24.0,0.0,0,0.0,130.0,6000,0.0,29.9,30.0,1,35.0,120.0,5500,157.5,2.05,4.15,0,2,2,98.5,97.9,0,1,0,1.13,1.137,0.57,0.567,0.57,0.567,1.0025,1,1,655,0,0,3,0,290.11,98.29,18.285,23.8,50.1,1013.1
2026-09-16T15:44:06,461.70000000000005,1,Ronda 1,4,Niquelado Químico Watts,124,300,1.13,DC,30.0,85.0,0.0,0,0.0,95.0,4400,0.0,24.0,0.0,0,0.0,105.0,4800,0.0,24.0,0.0,0,0.0,130.0,6000,0.0,29.8,30.0,1,35.0,120.0,5500,157.5,2.05,4.15,0,2,2,98.5,97.9,0,1,0,1.13,1.136,0.569,0.567,0.569,0.567,1.0025,1,1,655,0,0,3,0,291.25,98.67,18.329,23.8,50.1,1013.1
2026-09-16T15:44:06,462.70000000000005,1,Ronda 1,4,Niquelado Químico Watts,125,300,1.13,DC,30.0,85.0,0.0,0,0.0,95.0,4400,0.0,24.0,0.0,0,0.0,105.0,4800,0.0,24.0,0.0,0,0.0,130.0,6000,0.0,30.0,30.0,1,35.0,120.0,5500,157.5,2.05,4.15,0,2,2,98.5,97.9,0,1,0,1.13,1.132,0.567,0.565,0.567,0.565,1.0025,1,1,655,0,0,3,0,292.38,99.06,18.372,23.8,50.1,1013.1
2026-09-16T15:44:06,463.70000000000005,1,Ronda 1,4,Niquelado Químico Watts,126,300,1.13,DC,30.0,85.0,0.0,0,0.0,95.0,4400,0.0,24.0,0.0,0,0.0,105.0,4800,0.0,24.0,0.0,0,0.0,130.0,6000,0.0,30.0,30.0,1,35.0,120.0,5500,157.5,2.05,4.15,0,2,2,98.5,97.9,0,1,0,1.13,1.133,0.568,0.565,0.568,0.565,1.0025,1,1,655,0,0,3,0,293.51,99.44,18.416,23.8,50.1,1013.1
2026-09-16T15:44:06,464.70000000000005,1,Ronda 1,4,Niquelado Químico Watts,127,300,1.13,DC,30.0,85.0,0.0,0,0.0,95.0,4400,0.0,24.0,0.0,0,0.0,105.0,4800,0.0,24.0,0.0,0,0.0,130.0,6000,0.0,29.7,30.0,1,35.0,120.0,5500,157.5,2.05,4.15,0,2,2,98.5,97.9,0,1,0,1.13,1.133,0.568,0.565,0.568,0.565,1.0025,1,1,655,0,0,3,0,294.65,99.83,18.46,23.8,50.1,1013.1
2026-09-16T15:44:06,465.70000000000005,1,Ronda 1,4,Niquelado Químico Watts,128,300,1.13,DC,30.0,85.0,0.0,0,0.0,95.0,4400,0.0,24.0,0.0,0,0.0,105.0,4800,0.0,24.0,0.0,0,0.0,130.0,6000,0.0,29.7,30.0,1,35.0,120.0,5500,157.5,2.05,4.15,0,2,2,98.5,97.9,0,1,0,1.13,1.139,0.571,0.568,0.571,0.568,1.0025,1,1,655,0,0,3,0,295.78,100.21,18.504,23.8,50.1,1013.1
2026-09-16T15:44:06,466.70000000000005,1,Ronda 1,4,Niquelado Químico Watts,129,300,1.13,DC,30.0,85.0,0.0,0,0.0,95.0,4400,0.0,24.0,0.0,0,0.0,105.0,4800,0.0,24.0,0.0,0,0.0,130.0,6000,0.0,30.1,30.0,1,35.0,120.0,5500,157.5,2.05,4.15,0,2,2,98.5,97.9,0,1,0,1.13,1.118,0.56,0.558,0.56,0.558,1.0025,1,1,655,0,0,3,0,296.9,100.59,18.547,23.8,50.1,1013.1
2026-09-16T15:44:06,467.70000000000005,1,Ronda 1,4,Niquelado Químico Watts,130,300,1.13,DC,30.0,85.0,0.0,0,0.0,95.0,4400,0.0,24.0,0.0,0,0.0,105.0,4800,0.0,24.0,0.0,0,0.0,130.0,6000,0.0,29.9,30.0,1,35.0,120.0,5500,157.5,2.05,4.15,0,2,2,98.5,97.9,0,1,0,1.13,1.143,0.573,0.57,0.573,0.57,1.0025,1,1,655,0,0,3,0,298.05,100.98,18.591,23.8,50.1,1013.1
2026-09-16T15:44:06,468.70000000000005,1,Ronda 1,4,Niquelado Químico Watts,131,300,1.13,DC,30.0,85.0,0.0,0,0.0,95.0,4400,0.0,24.0,0.0,0,0.0,105.0,4800,0.0,24.0,0.0,0,0.0,130.0,6000,0.0,29.7,30.0,1,35.0,120.0,5500,157.5,2.05,4.15,0,2,2,98.5,97.9,0,1,0,1.13,1.131,0.566,0.564,0.566,0.564,1.0025,1,1,655,0,0,3,0,299.18,101.36,18.635,23.8,50.0,1013.1
2026-09-16T15:44:06,469.70000000000005,1,Ronda 1,4,Niquelado Químico Watts,132,300,1.13,DC,30.0,85.0,0.0,0,0.0,95.0,4400,0.0,24.0,0.0,0,0.0,105.0,4800,0.0,24.0,0.0,0,0.0,130.0,6000,0.0,29.8,30.0,1,35.0,120.0,5500,157.5,2.05,4.15,0,2,2,98.5,97.9,0,1,0,1.13,1.133,0.568,0.565,0.568,0.565,1.0025,1,1,655,0,0,3,0,300.31,101.74,18.679,23.8,50.0,1013.1
2026-09-16T15:44:06,470.70000000000005,1,Ronda 1,4,Niquelado Químico Watts,133,300,1.13,DC,30.0,85.0,0.0,0,0.0,95.0,4400,0.0,24.0,0.0,0,0.0,105.0,4800,0.0,24.0,0.0,0,0.0,130.0,6000,0.0,29.9,30.0,1,35.0,120.0,5500,157.5,2.05,4.15,0,2,2,98.5,97.9,0,1,0,1.13,1.131,0.567,0.564,0.567,0.564,1.0025,1,1,655,0,0,3,0,301.44,102.13,18.722,23.8,50.0,1013.1
2026-09-16T15:44:06,471.70000000000005,1,Ronda 1,4,Niquelado Químico Watts,134,300,1.13,DC,30.0,85.0,0.0,0,0.0,95.0,4400,0.0,24.0,0.0,0,0.0,105.0,4800,0.0,24.0,0.0,0,0.0,130.0,6000,0.0,29.9,30.0,1,35.0,120.0,5500,157.5,2.05,4.15,0,2,2,98.5,97.9,0,1,0,1.13,1.111,0.557,0.554,0.557,0.554,1.0025,1,1,655,0,0,3,0,302.55,102.5,18.766,23.8,50.0,1013.1
2026-09-16T15:44:06,472.70000000000005,1,Ronda 1,4,Niquelado Químico Watts,135,300,1.13,DC,30.0,85.0,0.0,0,0.0,95.0,4400,0.0,24.0,0.0,0,0.0,105.0,4800,0.0,24.0,0.0,0,0.0,130.0,6000,0.0,29.8,30.0,1,35.0,120.0,5500,157.5,2.05,4.15,0,2,2,98.5,97.9,0,1,0,1.13,1.13,0.566,0.564,0.566,0.564,1.0025,1,1,655,0,0,3,0,303.68,102.89,18.81,23.8,50.0,1013.1
2026-09-16T15:44:06,473.70000000000005,1,Ronda 1,4,Niquelado Químico Watts,136,300,1.13,DC,30.0,85.0,0.0,0,0.0,95.0,4400,0.0,24.0,0.0,0,0.0,105.0,4800,0.0,24.0,0.0,0,0.0,130.0,6000,0.0,29.9,30.0,1,35.0,120.0,5500,157.5,2.05,4.15,0,2,2,98.5,97.9,0,1,0,1.13,1.132,0.567,0.565,0.567,0.565,1.0025,1,1,655,0,0,3,0,304.81,103.27,18.854,23.8,50.0,1013.1
2026-09-16T15:44:06,474.70000000000005,1,Ronda 1,4,Niquelado Químico Watts,137,300,1.13,DC,30.0,85.0,0.0,0,0.0,95.0,4400,0.0,24.0,0.0,0,0.0,105.0,4800,0.0,24.0,0.0,0,0.0,130.0,6000,0.0,29.8,30.0,1,35.0,120.0,5500,157.5,2.05,4.15,0,2,2,98.5,97.9,0,1,0,1.13,1.122,0.562,0.56,0.562,0.56,1.0025,1,1,655,0,0,3,0,305.94,103.65,18.897,23.8,50.0,1013.1
2026-09-16T15:44:06,475.70000000000005,1,Ronda 1,4,Niquelado Químico Watts,138,300,1.13,DC,30.0,85.0,0.0,0,0.0,95.0,4400,0.0,24.0,0.0,0,0.0,105.0,4800,0.0,24.0,0.0,0,0.0,130.0,6000,0.0,29.9,30.0,1,35.0,120.0,5500,157.5,2.05,4.15,0,2,2,98.5,97.9,0,1,0,1.13,1.115,0.559,0.556,0.559,0.556,1.0025,1,1,655,0,0,3,0,307.05,104.03,18.941,23.8,50.0,1013.1
2026-09-16T15:44:06,476.70000000000005,1,Ronda 1,4,Niquelado Químico Watts,139,300,1.13,DC,30.0,85.0,0.0,0,0.0,95.0,4400,0.0,24.0,0.0,0,0.0,105.0,4800,0.0,24.0,0.0,0,0.0,130.0,6000,0.0,30.0,30.0,1,35.0,120.0,5500,157.5,2.05,4.15,0,2,2,98.5,97.9,0,1,0,1.13,1.123,0.563,0.561,0.563,0.561,1.0025,1,1,655,0,0,3,0,308.17,104.41,18.985,23.8,50.0,1013.1
2026-09-16T15:44:06,477.70000000000005,1,Ronda 1,4,Niquelado Químico Watts,140,300,1.13,DC,30.0,85.0,0.0,0,0.0,95.0,4400,0.0,24.0,0.0,0,0.0,105.0,4800,0.0,24.0,0.0,0,0.0,130.0,6000,0.0,30.0,30.0,1,35.0,120.0,5500,157.5,2.05,4.15,0,2,2,98.5,97.9,0,1,0,1.13,1.135,0.569,0.566,0.569,0.566,1.0025,1,1,655,0,0,3,0,309.31,104.79,19.029,23.8,50.0,1013.1
2026-09-16T15:44:06,478.70000000000005,1,Ronda 1,4,Niquelado Químico Watts,141,300,1.13,DC,30.0,85.0,0.0,0,0.0,95.0,4400,0.0,24.0,0.0,0,0.0,105.0,4800,0.0,24.0,0.0,0,0.0,130.0,6000,0.0,30.0,30.0,1,35.0,120.0,5500,157.5,2.05,4.15,0,2,2,98.5,97.9,0,1,0,1.13,1.127,0.565,0.562,0.565,0.562,1.0025,1,1,655,0,0,3,0,310.44,105.18,19.072,23.8,50.0,1013.1
2026-09-16T15:44:06,479.70000000000005,1,Ronda 1,4,Niquelado Químico Watts,142,300,1.13,DC,30.0,85.0,0.0,0,0.0,95.0,4400,0.0,24.0,0.0,0,0.0,105.0,4800,0.0,24.0,0.0,0,0.0,130.0,6000,0.0,30.2,30.0,1,35.0,120.0,5500,157.5,2.05,4.15,0,2,2,98.5,97.9,0,1,0,1.13,1.128,0.565,0.563,0.565,0.563,1.0025,1,1,655,0,0,3,0,311.56,105.56,19.116,23.8,50.0,1013.1
2026-09-16T15:44:06,480.70000000000005,1,Ronda 1,4,Niquelado Químico Watts,143,300,1.13,DC,30.0,85.0,0.0,0,0.0,95.0,4400,0.0,24.0,0.0,0,0.0,105.0,4800,0.0,24.0,0.0,0,0.0,130.0,6000,0.0,30.0,30.0,1,35.0,120.0,5500,157.5,2.05,4.15,0,2,2,98.5,97.9,0,1,0,1.13,1.124,0.563,0.561,0.563,0.561,1.0025,1,1,655,0,0,3,0,312.69,105.94,19.16,23.8,50.0,1013.1
2026-09-16T15:44:06,481.70000000000005,1,Ronda 1,4,Niquelado Químico Watts,144,300,1.13,DC,30.0,85.0,0.0,0,0.0,95.0,4400,0.0,24.0,0.0,0,0.0,105.0,4800,0.0,24.0,0.0,0,0.0,130.0,6000,0.0,30.0,30.0,1,35.0,120.0,5500,157.5,2.05,4.15,0,2,2,98.5,97.9,0,1,0,1.13,1.136,0.569,0.567,0.569,0.567,1.0025,1,1,655,0,0,3,0,313.82,106.32,19.204,23.8,50.0,1013.1
2026-09-16T15:44:06,482.70000000000005,1,Ronda 1,4,Niquelado Químico Watts,145,300,1.13,DC,30.0,85.0,0.0,0,0.0,95.0,4400,0.0,24.0,0.0,0,0.0,105.0,4800,0.0,24.0,0.0,0,0.0,130.0,6000,0.0,29.9,30.0,1,35.0,120.0,5500,157.5,2.05,4.15,0,2,2,98.5,97.9,0,1,0,1.13,1.128,0.565,0.563,0.565,0.563,1.0025,1,1,655,0,0,3,0,314.95,106.71,19.247,23.8,50.0,1013.1
2026-09-16T15:44:06,483.70000000000005,1,Ronda 1,4,Niquelado Químico Watts,146,300,1.13,DC,30.0,85.0,0.0,0,0.0,95.0,4400,0.0,24.0,0.0,0,0.0,105.0,4800,0.0,24.0,0.0,0,0.0,130.0,6000,0.0,29.8,30.0,1,35.0,120.0,5500,157.5,2.05,4.15,0,2,2,98.5,97.9,0,1,0,1.13,1.133,0.568,0.566,0.568,0.566,1.0025,1,1,655,0,0,3,0,316.09,107.09,19.291,23.8,50.0,1013.1
2026-09-16T15:44:06,484.70000000000005,1,Ronda 1,4,Niquelado Químico Watts,147,300,1.13,DC,30.0,85.0,0.0,0,0.0,95.0,4400,0.0,24.0,0.0,0,0.0,105.0,4800,0.0,24.0,0.0,0,0.0,130.0,6000,0.0,29.9,30.0,1,35.0,120.0,5500,157.5,2.05,4.15,0,2,2,98.5,97.9,0,1,0,1.13,1.115,0.559,0.556,0.559,0.556,1.0025,1,1,655,0,0,3,0,317.2,107.47,19.335,23.8,50.0,1013.1
2026-09-16T15:44:06,485.70000000000005,1,Ronda 1,4,Niquelado Químico Watts,148,300,1.13,DC,30.0,85.0,0.0,0,0.0,95.0,4400,0.0,24.0,0.0,0,0.0,105.0,4800,0.0,24.0,0.0,0,0.0,130.0,6000,0.0,30.3,30.0,1,35.0,120.0,5500,157.5,2.05,4.15,0,2,2,98.5,97.9,0,1,0,1.13,1.139,0.571,0.568,0.571,0.568,1.0025,1,1,655,0,0,3,0,318.34,107.85,19.379,23.8,50.0,1013.1
2026-09-16T15:44:06,486.70000000000005,1,Ronda 1,4,Niquelado Químico Watts,149,300,1.13,DC,30.0,85.0,0.0,0,0.0,95.0,4400,0.0,24.0,0.0,0,0.0,105.0,4800,0.0,24.0,0.0,0,0.0,130.0,6000,0.0,29.9,30.0,1,35.0,120.0,5500,157.5,2.05,4.15,0,2,2,98.5,97.9,0,1,0,1.13,1.12,0.561,0.559,0.561,0.559,1.0025,1,1,655,0,0,3,0,319.46,108.23,19.422,23.8,50.0,1013.1
2026-09-16T15:44:06,487.70000000000005,1,Ronda 1,4,Niquelado Químico Watts,150,300,1.13,DC,30.0,85.0,0.0,0,0.0,95.0,4400,0.0,24.0,0.0,0,0.0,105.0,4800,0.0,24.0,0.0,0,0.0,130.0,6000,0.0,30.2,30.0,1,35.0,120.0,5500,157.5,2.05,4.15,0,2,2,98.5,97.9,0,1,0,1.13,1.119,0.56,0.558,0.56,0.558,1.0025,1,1,655,0,0,3,0,320.58,108.61,19.466,23.8,50.0,1013.1
2026-09-16T15:44:06,488.70000000000005,1,Ronda 1,4,Niquelado Químico Watts,151,300,1.13,DC,30.0,85.0,0.0,0,0.0,95.0,4400,0.0,24.0,0.0,0,0.0,105.0,4800,0.0,24.0,0.0,0,0.0,130.0,6000,0.0,30.1,30.0,1,35.0,120.0,5500,157.5,2.05,4.15,0,2,2,98.5,97.9,0,1,0,1.13,1.146,0.574,0.572,0.574,0.572,1.0025,1,1,655,0,0,3,0,321.72,109.0,19.51,23.8,50.0,1013.1
2026-09-16T15:44:06,489.70000000000005,1,Ronda 1,4,Niquelado Químico Watts,152,300,1.13,DC,30.0,85.0,0.0,0,0.0,95.0,4400,0.0,24.0,0.0,0,0.0,105.0,4800,0.0,24.0,0.0,0,0.0,130.0,6000,0.0,30.2,30.0,1,35.0,120.0,5500,157.5,2.05,4.15,0,2,2,98.5,97.9,0,1,0,1.13,1.128,0.565,0.563,0.565,0.563,1.0025,1,1,655,0,0,3,0,322.85,109.38,19.554,23.8,50.0,1013.1
2026-09-16T15:44:06,490.70000000000005,1,Ronda 1,4,Niquelado Químico Watts,153,300,1.13,DC,30.0,85.0,0.0,0,0.0,95.0,4400,0.0,24.0,0.0,0,0.0,105.0,4800,0.0,24.0,0.0,0,0.0,130.0,6000,0.0,30.1,30.0,1,35.0,120.0,5500,157.5,2.05,4.15,0,2,2,98.5,97.9,0,1,0,1.13,1.154,0.578,0.576,0.578,0.576,1.0025,1,1,655,0,0,3,0,324.01,109.77,19.597,23.8,50.0,1013.1
2026-09-16T15:44:06,491.70000000000005,1,Ronda 1,4,Niquelado Químico Watts,154,300,1.13,DC,30.0,85.0,0.0,0,0.0,95.0,4400,0.0,24.0,0.0,0,0.0,105.0,4800,0.0,24.0,0.0,0,0.0,130.0,6000,0.0,30.2,30.0,1,35.0,120.0,5500,157.5,2.05,4.15,0,2,2,98.5,97.9,0,1,0,1.13,1.131,0.567,0.565,0.567,0.565,1.0025,1,1,655,0,0,3,0,325.14,110.16,19.641,23.8,50.0,1013.1
2026-09-16T15:44:06,492.70000000000005,1,Ronda 1,4,Niquelado Químico Watts,155,300,1.13,DC,30.0,85.0,0.0,0,0.0,95.0,4400,0.0,24.0,0.0,0,0.0,105.0,4800,0.0,24.0,0.0,0,0.0,130.0,6000,0.0,30.0,30.0,1,35.0,120.0,5500,157.5,2.05,4.15,0,2,2,98.5,97.9,0,1,0,1.13,1.129,0.566,0.564,0.566,0.564,1.0025,1,1,655,0,0,3,0,326.27,110.54,19.685,23.8,49.9,1013.1
2026-09-16T15:44:06,493.70000000000005,1,Ronda 1,4,Niquelado Químico Watts,156,300,1.13,DC,30.0,85.0,0.0,0,0.0,95.0,4400,0.0,24.0,0.0,0,0.0,105.0,4800,0.0,24.0,0.0,0,0.0,130.0,6000,0.0,30.3,30.0,1,35.0,120.0,5500,157.5,2.05,4.15,0,2,2,98.5,97.9,0,1,0,1.13,1.141,0.572,0.57,0.572,0.57,1.0025,1,1,655,0,0,3,0,327.41,110.93,19.729,23.8,49.9,1013.1
2026-09-16T15:44:06,494.70000000000005,1,Ronda 1,4,Niquelado Químico Watts,157,300,1.13,DC,30.0,85.0,0.0,0,0.0,95.0,4400,0.0,24.0,0.0,0,0.0,105.0,4800,0.0,24.0,0.0,0,0.0,130.0,6000,0.0,30.0,30.0,1,35.0,120.0,5500,157.5,2.05,4.15,0,2,2,98.5,97.9,0,1,0,1.13,1.132,0.567,0.565,0.567,0.565,1.0025,1,1,655,0,0,3,0,328.54,111.31,19.772,23.8,49.9,1013.1
2026-09-16T15:44:06,495.70000000000005,1,Ronda 1,4,Niquelado Químico Watts,158,300,1.13,DC,30.0,85.0,0.0,0,0.0,95.0,4400,0.0,24.0,0.0,0,0.0,105.0,4800,0.0,24.0,0.0,0,0.0,130.0,6000,0.0,30.1,30.0,1,35.0,120.0,5500,157.5,2.05,4.15,0,2,2,98.5,97.9,0,1,0,1.13,1.123,0.563,0.56,0.563,0.56,1.0025,1,1,655,0,0,3,0,329.66,111.69,19.816,23.8,49.9,1013.1
2026-09-16T15:44:06,496.70000000000005,1,Ronda 1,4,Niquelado Químico Watts,159,300,1.13,DC,30.0,85.0,0.0,0,0.0,95.0,4400,0.0,24.0,0.0,0,0.0,105.0,4800,0.0,24.0,0.0,0,0.0,130.0,6000,0.0,30.3,30.0,1,35.0,120.0,5500,157.5,2.05,4.15,0,2,2,98.5,97.9,0,1,0,1.13,1.123,0.563,0.561,0.563,0.561,1.0025,1,1,655,0,0,3,0,330.79,112.07,19.86,23.8,49.9,1013.1
2026-09-16T15:44:06,497.70000000000005,1,Ronda 1,4,Niquelado Químico Watts,160,300,1.13,DC,30.0,85.0,0.0,0,0.0,95.0,4400,0.0,24.0,0.0,0,0.0,105.0,4800,0.0,24.0,0.0,0,0.0,130.0,6000,0.0,29.7,30.0,1,35.0,120.0,5500,157.5,2.05,4.15,0,2,2,98.5,97.9,0,1,0,1.13,1.135,0.568,0.566,0.568,0.566,1.0025,1,1,655,0,0,3,0,331.92,112.45,19.904,23.8,49.9,1013.1
2026-09-16T15:44:06,498.70000000000005,1,Ronda 1,4,Niquelado Químico Watts,161,300,1.13,DC,30.0,85.0,0.0,0,0.0,95.0,4400,0.0,24.0,0.0,0,0.0,105.0,4800,0.0,24.0,0.0,0,0.0,130.0,6000,0.0,30.0,30.0,1,35.0,120.0,5500,157.5,2.05,4.15,0,2,2,98.5,97.9,0,1,0,1.13,1.129,0.566,0.563,0.566,0.563,1.0025,1,1,655,0,0,3,0,333.05,112.84,19.947,23.8,49.9,1013.1
2026-09-16T15:44:06,499.70000000000005,1,Ronda 1,4,Niquelado Químico Watts,162,300,1.13,DC,30.0,85.0,0.0,0,0.0,95.0,4400,0.0,24.0,0.0,0,0.0,105.0,4800,0.0,24.0,0.0,0,0.0,130.0,6000,0.0,30.0,30.0,1,35.0,120.0,5500,157.5,2.05,4.15,0,2,2,98.5,97.9,0,1,0,1.13,1.117,0.56,0.557,0.56,0.557,1.0025,1,1,655,0,0,3,0,334.17,113.22,19.991,23.8,49.9,1013.1
2026-09-16T15:44:06,500.70000000000005,1,Ronda 1,4,Niquelado Químico Watts,163,300,1.13,DC,30.0,85.0,0.0,0,0.0,95.0,4400,0.0,24.0,0.0,0,0.0,105.0,4800,0.0,24.0,0.0,0,0.0,130.0,6000,0.0,30.1,30.0,1,35.0,120.0,5500,157.5,2.05,4.15,0,2,2,98.5,97.9,0,1,0,1.13,1.141,0.571,0.569,0.571,0.569,1.0025,1,1,655,0,0,3,0,335.31,113.6,20.035,23.8,49.9,1013.1
2026-09-16T15:44:06,501.70000000000005,1,Ronda 1,4,Niquelado Químico Watts,164,300,1.13,DC,30.0,85.0,0.0,0,0.0,95.0,4400,0.0,24.0,0.0,0,0.0,105.0,4800,0.0,24.0,0.0,0,0.0,130.0,6000,0.0,29.9,30.0,1,35.0,120.0,5500,157.5,2.05,4.15,0,2,2,98.5,97.9,0,1,0,1.13,1.139,0.57,0.568,0.57,0.568,1.0025,1,1,655,0,0,3,0,336.45,113.99,20.079,23.8,49.9,1013.1
2026-09-16T15:44:06,502.70000000000005,1,Ronda 1,4,Niquelado Químico Watts,165,300,1.13,DC,30.0,85.0,0.0,0,0.0,95.0,4400,0.0,24.0,0.0,0,0.0,105.0,4800,0.0,24.0,0.0,0,0.0,130.0,6000,0.0,30.1,30.0,1,35.0,120.0,5500,157.5,2.05,4.15,0,2,2,98.5,97.9,0,1,0,1.13,1.13,0.566,0.564,0.566,0.564,1.0025,1,1,655,0,0,3,0,337.58,114.37,20.122,23.8,49.9,1013.1
2026-09-16T15:44:06,503.70000000000005,1,Ronda 1,4,Niquelado Químico Watts,166,300,1.13,DC,30.0,85.0,0.0,0,0.0,95.0,4400,0.0,24.0,0.0,0,0.0,105.0,4800,0.0,24.0,0.0,0,0.0,130.0,6000,0.0,29.9,30.0,1,35.0,120.0,5500,157.5,2.05,4.15,0,2,2,98.5,97.9,0,1,0,1.13,1.13,0.566,0.564,0.566,0.564,1.0025,1,1,655,0,0,3,0,338.71,114.75,20.166,23.8,49.9,1013.1
2026-09-16T15:44:06,504.70000000000005,1,Ronda 1,4,Niquelado Químico Watts,167,300,1.13,DC,30.0,85.0,0.0,0,0.0,95.0,4400,0.0,24.0,0.0,0,0.0,105.0,4800,0.0,24.0,0.0,0,0.0,130.0,6000,0.0,29.8,30.0,1,35.0,120.0,5500,157.5,2.05,4.15,0,2,2,98.5,97.9,0,1,0,1.13,1.132,0.567,0.565,0.567,0.565,1.0025,1,1,655,0,0,3,0,339.84,115.14,20.21,23.8,49.9,1013.1
2026-09-16T15:44:06,505.70000000000005,1,Ronda 1,4,Niquelado Químico Watts,168,300,1.13,DC,30.0,85.0,0.0,0,0.0,95.0,4400,0.0,24.0,0.0,0,0.0,105.0,4800,0.0,24.0,0.0,0,0.0,130.0,6000,0.0,30.2,30.0,1,35.0,120.0,5500,157.5,2.05,4.15,0,2,2,98.5,97.9,0,1,0,1.13,1.131,0.567,0.564,0.567,0.564,1.0025,1,1,655,0,0,3,0,340.97,115.52,20.254,23.8,49.9,1013.1
2026-09-16T15:44:06,506.70000000000005,1,Ronda 1,4,Niquelado Químico Watts,169,300,1.13,DC,30.0,85.0,0.0,0,0.0,95.0,4400,0.0,24.0,0.0,0,0.0,105.0,4800,0.0,24.0,0.0,0,0.0,130.0,6000,0.0,30.4,30.0,1,35.0,120.0,5500,157.5,2.05,4.15,0,2,2,98.5,97.9,0,1,0,1.13,1.122,0.562,0.56,0.562,0.56,1.0025,1,1,655,0,0,3,0,342.09,115.9,20.297,23.8,49.9,1013.1
2026-09-16T15:44:06,507.70000000000005,1,Ronda 1,4,Niquelado Químico Watts,170,300,1.13,DC,30.0,85.0,0.0,0,0.0,95.0,4400,0.0,24.0,0.0,0,0.0,105.0,4800,0.0,24.0,0.0,0,0.0,130.0,6000,0.0,30.0,30.0,1,35.0,120.0,5500,157.5,2.05,4.15,0,2,2,98.5,97.9,0,1,0,1.13,1.123,0.563,0.56,0.563,0.56,1.0025,1,1,655,0,0,3,0,343.21,116.28,20.341,23.8,49.9,1013.1
2026-09-16T15:44:06,508.70000000000005,1,Ronda 1,4,Niquelado Químico Watts,171,300,1.13,DC,30.0,85.0,0.0,0,0.0,95.0,4400,0.0,24.0,0.0,0,0.0,105.0,4800,0.0,24.0,0.0,0,0.0,130.0,6000,0.0,30.1,30.0,1,35.0,120.0,5500,157.5,2.05,4.15,0,2,2,98.5,97.9,0,1,0,1.13,1.123,0.563,0.561,0.563,0.561,1.0025,1,1,655,0,0,3,0,344.34,116.66,20.385,23.8,49.9,1013.1
2026-09-16T15:44:06,509.70000000000005,1,Ronda 1,4,Niquelado Químico Watts,172,300,1.13,DC,30.0,85.0,0.0,0,0.0,95.0,4400,0.0,24.0,0.0,0,0.0,105.0,4800,0.0,24.0,0.0,0,0.0,130.0,6000,0.0,30.4,30.0,1,35.0,120.0,5500,157.5,2.05,4.15,0,2,2,98.5,97.9,0,1,0,1.13,1.135,0.569,0.567,0.569,0.567,1.0025,1,1,655,0,0,3,0,345.47,117.05,20.429,23.8,49.9,1013.1
2026-09-16T15:44:06,510.70000000000005,1,Ronda 1,4,Niquelado Químico Watts,173,300,1.13,DC,30.0,85.0,0.0,0,0.0,95.0,4400,0.0,24.0,0.0,0,0.0,105.0,4800,0.0,24.0,0.0,0,0.0,130.0,6000,0.0,30.3,30.0,1,35.0,120.0,5500,157.5,2.05,4.15,0,2,2,98.5,97.9,0,1,0,1.13,1.113,0.558,0.556,0.558,0.556,1.0025,1,1,655,0,0,3,0,346.59,117.42,20.472,23.8,49.9,1013.1
2026-09-16T15:44:06,511.70000000000005,1,Ronda 1,4,Niquelado Químico Watts,174,300,1.13,DC,30.0,85.0,0.0,0,0.0,95.0,4400,0.0,24.0,0.0,0,0.0,105.0,4800,0.0,24.0,0.0,0,0.0,130.0,6000,0.0,29.8,30.0,1,35.0,120.0,5500,157.5,2.05,4.15,0,2,2,98.5,97.9,0,1,0,1.13,1.133,0.568,0.565,0.568,0.565,1.0025,1,1,655,0,0,3,0,347.72,117.81,20.516,23.8,49.9,1013.1
2026-09-16T15:44:06,512.7,1,Ronda 1,4,Niquelado Químico Watts,175,300,1.13,DC,30.0,85.0,0.0,0,0.0,95.0,4400,0.0,24.0,0.0,0,0.0,105.0,4800,0.0,24.0,0.0,0,0.0,130.0,6000,0.0,30.0,30.0,1,35.0,120.0,5500,157.5,2.05,4.15,0,2,2,98.5,97.9,0,1,0,1.13,1.129,0.566,0.563,0.566,0.563,1.0025,1,1,655,0,0,3,0,348.85,118.19,20.56,23.8,49.9,1013.1
2026-09-16T15:44:06,513.7,1,Ronda 1,4,Niquelado Químico Watts,176,300,1.13,DC,30.0,85.0,0.0,0,0.0,95.0,4400,0.0,24.0,0.0,0,0.0,105.0,4800,0.0,24.0,0.0,0,0.0,130.0,6000,0.0,30.0,30.0,1,35.0,120.0,5500,157.5,2.05,4.15,0,2,2,98.5,97.9,0,1,0,1.13,1.145,0.573,0.571,0.573,0.571,1.0025,1,1,655,0,0,3,0,349.99,118.58,20.604,23.8,49.9,1013.1
2026-09-16T15:44:06,514.7,1,Ronda 1,4,Niquelado Químico Watts,177,300,1.13,DC,30.0,85.0,0.0,0,0.0,95.0,4400,0.0,24.0,0.0,0,0.0,105.0,4800,0.0,24.0,0.0,0,0.0,130.0,6000,0.0,30.1,30.0,1,35.0,120.0,5500,157.5,2.05,4.15,0,2,2,98.5,97.9,0,1,0,1.13,1.131,0.566,0.564,0.566,0.564,1.0025,1,1,655,0,0,3,0,351.12,118.96,20.647,23.8,49.9,1013.1
2026-09-16T15:44:06,515.7,1,Ronda 1,4,Niquelado Químico Watts,178,300,1.13,DC,30.0,85.0,0.0,0,0.0,95.0,4400,0.0,24.0,0.0,0,0.0,105.0,4800,0.0,24.0,0.0,0,0.0,130.0,6000,0.0,30.0,30.0,1,35.0,120.0,5500,157.5,2.05,4.15,0,2,2,98.5,97.9,0,1,0,1.13,1.12,0.561,0.559,0.561,0.559,1.0025,1,1,655,0,0,3,0,352.24,119.34,20.691,23.8,49.9,1013.1
2026-09-16T15:44:06,516.7,1,Ronda 1,4,Niquelado Químico Watts,179,300,1.13,DC,30.0,85.0,0.0,0,0.0,95.0,4400,0.0,24.0,0.0,0,0.0,105.0,4800,0.0,24.0,0.0,0,0.0,130.0,6000,0.0,29.9,30.0,1,35.0,120.0,5500,157.5,2.05,4.15,0,2,2,98.5,97.9,0,1,0,1.13,1.138,0.57,0.568,0.57,0.568,1.0025,1,1,655,0,0,3,0,353.38,119.73,20.735,23.9,49.8,1013.1
2026-09-16T15:44:06,517.7,1,Ronda 1,4,Niquelado Químico Watts,180,300,1.13,DC,30.0,85.0,0.0,0,0.0,95.0,4400,0.0,24.0,0.0,0,0.0,105.0,4800,0.0,24.0,0.0,0,0.0,130.0,6000,0.0,29.9,30.0,1,35.0,120.0,5500,157.5,2.05,4.15,0,2,2,98.5,97.9,0,1,0,1.13,1.117,0.56,0.557,0.56,0.557,1.0025,1,1,655,0,0,3,0,354.5,120.1,20.779,23.9,49.8,1013.1
2026-09-16T15:44:06,518.7,1,Ronda 1,4,Niquelado Químico Watts,181,300,1.13,DC,30.0,85.0,0.0,0,0.0,95.0,4400,0.0,24.0,0.0,0,0.0,105.0,4800,0.0,24.0,0.0,0,0.0,130.0,6000,0.0,30.2,30.0,1,35.0,120.0,5500,157.5,2.05,4.15,0,2,2,98.5,97.9,0,1,0,1.13,1.143,0.573,0.571,0.573,0.571,1.0025,1,1,655,0,0,3,0,355.64,120.49,20.822,23.9,49.8,1013.1
2026-09-16T15:44:06,519.7,1,Ronda 1,4,Niquelado Químico Watts,182,300,1.13,DC,30.0,85.0,0.0,0,0.0,95.0,4400,0.0,24.0,0.0,0,0.0,105.0,4800,0.0,24.0,0.0,0,0.0,130.0,6000,0.0,29.9,30.0,1,35.0,120.0,5500,157.5,2.05,4.15,0,2,2,98.5,97.9,0,1,0,1.13,1.135,0.569,0.566,0.569,0.566,1.0025,1,1,655,0,0,3,0,356.78,120.88,20.866,23.9,49.8,1013.1
2026-09-16T15:44:06,520.7,1,Ronda 1,4,Niquelado Químico Watts,183,300,1.13,DC,30.0,85.0,0.0,0,0.0,95.0,4400,0.0,24.0,0.0,0,0.0,105.0,4800,0.0,24.0,0.0,0,0.0,130.0,6000,0.0,29.8,30.0,1,35.0,120.0,5500,157.5,2.05,4.15,0,2,2,98.5,97.9,0,1,0,1.13,1.115,0.559,0.556,0.559,0.556,1.0025,1,1,655,0,0,3,0,357.89,121.25,20.91,23.9,49.8,1013.1
2026-09-16T15:44:06,521.7,1,Ronda 1,4,Niquelado Químico Watts,184,300,1.13,DC,30.0,85.0,0.0,0,0.0,95.0,4400,0.0,24.0,0.0,0,0.0,105.0,4800,0.0,24.0,0.0,0,0.0,130.0,6000,0.0,30.0,30.0,1,35.0,120.0,5500,157.5,2.05,4.15,0,2,2,98.5,97.9,0,1,0,1.13,1.15,0.576,0.574,0.576,0.574,1.0025,1,1,655,0,0,3,0,359.04,121.64,20.954,23.9,49.8,1013.1
2026-09-16T15:44:06,522.7,1,Ronda 1,4,Niquelado Químico Watts,185,300,1.13,DC,30.0,85.0,0.0,0,0.0,95.0,4400,0.0,24.0,0.0,0,0.0,105.0,4800,0.0,24.0,0.0,0,0.0,130.0,6000,0.0,29.5,30.0,1,35.0,120.0,5500,157.5,2.05,4.15,0,2,2,98.5,97.9,0,1,0,1.13,1.132,0.567,0.565,0.567,0.565,1.0025,1,1,655,0,0,3,0,360.17,122.03,20.997,23.9,49.8,1013.1
2026-09-16T15:44:06,523.7,1,Ronda 1,4,Niquelado Químico Watts,186,300,1.13,DC,30.0,85.0,0.0,0,0.0,95.0,4400,0.0,24.0,0.0,0,0.0,105.0,4800,0.0,24.0,0.0,0,0.0,130.0,6000,0.0,29.9,30.0,1,35.0,120.0,5500,157.5,2.05,4.15,0,2,2,98.5,97.9,0,1,0,1.13,1.13,0.566,0.564,0.566,0.564,1.0025,1,1,655,0,0,3,0,361.3,122.41,21.041,23.9,49.8,1013.1
2026-09-16T15:44:06,524.7,1,Ronda 1,4,Niquelado Químico Watts,187,300,1.13,DC,30.0,85.0,0.0,0,0.0,95.0,4400,0.0,24.0,0.0,0,0.0,105.0,4800,0.0,24.0,0.0,0,0.0,130.0,6000,0.0,29.9,30.0,1,35.0,120.0,5500,157.5,2.05,4.15,0,2,2,98.5,97.9,0,1,0,1.13,1.123,0.562,0.56,0.562,0.56,1.0025,1,1,655,0,0,3,0,362.43,122.79,21.085,23.9,49.8,1013.1
2026-09-16T15:44:06,525.7,1,Ronda 1,4,Niquelado Químico Watts,188,300,1.13,DC,30.0,85.0,0.0,0,0.0,95.0,4400,0.0,24.0,0.0,0,0.0,105.0,4800,0.0,24.0,0.0,0,0.0,130.0,6000,0.0,30.0,30.0,1,35.0,120.0,5500,157.5,2.05,4.15,0,2,2,98.5,97.9,0,1,0,1.13,1.134,0.568,0.566,0.568,0.566,1.0025,1,1,655,0,0,3,0,363.56,123.17,21.129,23.9,49.8,1013.1
2026-09-16T15:44:06,526.7,1,Ronda 1,4,Niquelado Químico Watts,189,300,1.13,DC,30.0,85.0,0.0,0,0.0,95.0,4400,0.0,24.0,0.0,0,0.0,105.0,4800,0.0,24.0,0.0,0,0.0,130.0,6000,0.0,30.2,30.0,1,35.0,120.0,5500,157.5,2.05,4.15,0,2,2,98.5,97.9,0,1,0,1.13,1.118,0.56,0.558,0.56,0.558,1.0025,1,1,655,0,0,3,0,364.68,123.55,21.172,23.9,49.8,1013.1
2026-09-16T15:44:06,527.7,1,Ronda 1,4,Niquelado Químico Watts,190,300,1.13,DC,30.0,85.0,0.0,0,0.0,95.0,4400,0.0,24.0,0.0,0,0.0,105.0,4800,0.0,24.0,0.0,0,0.0,130.0,6000,0.0,29.9,30.0,1,35.0,120.0,5500,157.5,2.05,4.15,0,2,2,98.5,97.9,0,1,0,1.13,1.131,0.567,0.564,0.567,0.564,1.0025,1,1,655,0,0,3,0,365.81,123.94,21.216,23.9,49.8,1013.1
2026-09-16T15:44:06,528.7,1,Ronda 1,4,Niquelado Químico Watts,191,300,1.13,DC,30.0,85.0,0.0,0,0.0,95.0,4400,0.0,24.0,0.0,0,0.0,105.0,4800,0.0,24.0,0.0,0,0.0,130.0,6000,0.0,30.2,30.0,1,35.0,120.0,5500,157.5,2.05,4.15,0,2,2,98.5,97.9,0,1,0,1.13,1.141,0.572,0.569,0.572,0.569,1.0025,1,1,655,0,0,3,0,366.95,124.32,21.26,23.9,49.8,1013.1
2026-09-16T15:44:06,529.7,1,Ronda 1,4,Niquelado Químico Watts,192,300,1.13,DC,30.0,85.0,0.0,0,0.0,95.0,4400,0.0,24.0,0.0,0,0.0,105.0,4800,0.0,24.0,0.0,0,0.0,130.0,6000,0.0,29.9,30.0,1,35.0,120.0,5500,157.5,2.05,4.15,0,2,2,98.5,97.9,0,1,0,1.13,1.136,0.569,0.567,0.569,0.567,1.0025,1,1,655,0,0,3,0,368.09,124.71,21.304,23.9,49.8,1013.1
2026-09-16T15:44:06,530.7,1,Ronda 1,4,Niquelado Químico Watts,193,300,1.13,DC,30.0,85.0,0.0,0,0.0,95.0,4400,0.0,24.0,0.0,0,0.0,105.0,4800,0.0,24.0,0.0,0,0.0,130.0,6000,0.0,30.0,30.0,1,35.0,120.0,5500,157.5,2.05,4.15,0,2,2,98.5,97.9,0,1,0,1.13,1.116,0.559,0.557,0.559,0.557,1.0025,1,1,655,0,0,3,0,369.2,125.09,21.347,23.9,49.8,1013.1
2026-09-16T15:44:06,531.7,1,Ronda 1,4,Niquelado Químico Watts,194,300,1.13,DC,30.0,85.0,0.0,0,0.0,95.0,4400,0.0,24.0,0.0,0,0.0,105.0,4800,0.0,24.0,0.0,0,0.0,130.0,6000,0.0,29.8,30.0,1,35.0,120.0,5500,157.5,2.05,4.15,0,2,2,98.5,97.9,0,1,0,1.13,1.124,0.563,0.561,0.563,0.561,1.0025,1,1,655,0,0,3,0,370.33,125.47,21.391,23.9,49.8,1013.1
2026-09-16T15:44:06,532.7,1,Ronda 1,4,Niquelado Químico Watts,195,300,1.13,DC,30.0,85.0,0.0,0,0.0,95.0,4400,0.0,24.0,0.0,0,0.0,105.0,4800,0.0,24.0,0.0,0,0.0,130.0,6000,0.0,30.2,30.0,1,35.0,120.0,5500,157.5,2.05,4.15,0,2,2,98.5,97.9,0,1,0,1.13,1.126,0.564,0.562,0.564,0.562,1.0025,1,1,655,0,0,3,0,371.45,125.85,21.435,23.9,49.8,1013.1
2026-09-16T15:44:06,533.7,1,Ronda 1,4,Niquelado Químico Watts,196,300,1.13,DC,30.0,85.0,0.0,0,0.0,95.0,4400,0.0,24.0,0.0,0,0.0,105.0,4800,0.0,24.0,0.0,0,0.0,130.0,6000,0.0,29.6,30.0,1,35.0,120.0,5500,157.5,2.05,4.15,0,2,2,98.5,97.9,0,1,0,1.13,1.122,0.562,0.56,0.562,0.56,1.0025,1,1,655,0,0,3,0,372.58,126.23,21.479,23.9,49.8,1013.1
2026-09-16T15:44:06,534.7,1,Ronda 1,4,Niquelado Químico Watts,197,300,1.13,DC,30.0,85.0,0.0,0,0.0,95.0,4400,0.0,24.0,0.0,0,0.0,105.0,4800,0.0,24.0,0.0,0,0.0,130.0,6000,0.0,29.8,30.0,1,35.0,120.0,5500,157.5,2.05,4.15,0,2,2,98.5,97.9,0,1,0,1.13,1.118,0.56,0.558,0.56,0.558,1.0025,1,1,655,0,0,3,0,373.69,126.61,21.522,23.9,49.8,1013.1
2026-09-16T15:44:06,535.7,1,Ronda 1,4,Niquelado Químico Watts,198,300,1.13,DC,30.0,85.0,0.0,0,0.0,95.0,4400,0.0,24.0,0.0,0,0.0,105.0,4800,0.0,24.0,0.0,0,0.0,130.0,6000,0.0,30.1,30.0,1,35.0,120.0,5500,157.5,2.05,4.15,0,2,2,98.5,97.9,0,1,0,1.13,1.121,0.562,0.559,0.562,0.559,1.0025,1,1,655,0,0,3,0,374.81,126.99,21.566,23.9,49.8,1013.1
2026-09-16T15:44:06,536.7,1,Ronda 1,4,Niquelado Químico Watts,199,300,1.13,DC,30.0,85.0,0.0,0,0.0,95.0,4400,0.0,24.0,0.0,0,0.0,105.0,4800,0.0,24.0,0.0,0,0.0,130.0,6000,0.0,30.1,30.0,1,35.0,120.0,5500,157.5,2.05,4.15,0,2,2,98.5,97.9,0,1,0,1.13,1.121,0.562,0.559,0.562,0.559,1.0025,1,1,655,0,0,3,0,375.94,127.37,21.61,23.9,49.8,1013.1
2026-09-16T15:44:06,537.7,1,Ronda 1,4,Niquelado Químico Watts,200,300,1.13,DC,30.0,85.0,0.0,0,0.0,95.0,4400,0.0,24.0,0.0,0,0.0,105.0,4800,0.0,24.0,0.0,0,0.0,130.0,6000,0.0,29.8,30.0,1,35.0,120.0,5500,157.5,2.05,4.15,0,2,2,98.5,97.9,0,1,0,1.13,1.14,0.571,0.569,0.571,0.569,1.0025,1,1,655,0,0,3,0,377.08,127.75,21.654,23.9,49.8,1013.1
2026-09-16T15:44:06,538.7,1,Ronda 1,4,Niquelado Químico Watts,201,300,1.13,DC,30.0,85.0,0.0,0,0.0,95.0,4400,0.0,24.0,0.0,0,0.0,105.0,4800,0.0,24.0,0.0,0,0.0,130.0,6000,0.0,30.0,30.0,1,35.0,120.0,5500,157.5,2.05,4.15,0,2,2,98.5,97.9,0,1,0,1.13,1.127,0.565,0.562,0.565,0.562,1.0025,1,1,655,0,0,3,0,378.2,128.13,21.697,23.9,49.8,1013.1
2026-09-16T15:44:06,539.7,1,Ronda 1,4,Niquelado Químico Watts,202,300,1.13,DC,30.0,85.0,0.0,0,0.0,95.0,4400,0.0,24.0,0.0,0,0.0,105.0,4800,0.0,24.0,0.0,0,0.0,130.0,6000,0.0,30.2,30.0,1,35.0,120.0,5500,157.5,2.05,4.15,0,2,2,98.5,97.9,0,1,0,1.13,1.125,0.564,0.561,0.564,0.561,1.0025,1,1,655,0,0,3,0,379.33,128.52,21.741,23.9,49.8,1013.1
2026-09-16T15:44:06,540.7,1,Ronda 1,4,Niquelado Químico Watts,203,300,1.13,DC,30.0,85.0,0.0,0,0.0,95.0,4400,0.0,24.0,0.0,0,0.0,105.0,4800,0.0,24.0,0.0,0,0.0,130.0,6000,0.0,30.0,30.0,1,35.0,120.0,5500,157.5,2.05,4.15,0,2,2,98.5,97.9,0,1,0,1.13,1.134,0.568,0.566,0.568,0.566,1.0025,1,1,655,0,0,3,0,380.46,128.9,21.785,23.9,49.7,1013.1
2026-09-16T15:44:06,541.7,1,Ronda 1,4,Niquelado Químico Watts,204,300,1.13,DC,30.0,85.0,0.0,0,0.0,95.0,4400,0.0,24.0,0.0,0,0.0,105.0,4800,0.0,24.0,0.0,0,0.0,130.0,6000,0.0,29.7,30.0,1,35.0,120.0,5500,157.5,2.05,4.15,0,2,2,98.5,97.9,0,1,0,1.13,1.126,0.564,0.562,0.564,0.562,1.0025,1,1,655,0,0,3,0,381.59,129.28,21.829,23.9,49.7,1013.1
2026-09-16T15:44:06,542.7,1,Ronda 1,4,Niquelado Químico Watts,205,300,1.13,DC,30.0,85.0,0.0,0,0.0,95.0,4400,0.0,24.0,0.0,0,0.0,105.0,4800,0.0,24.0,0.0,0,0.0,130.0,6000,0.0,30.1,30.0,1,35.0,120.0,5500,157.5,2.05,4.15,0,2,2,98.5,97.9,0,1,0,1.13,1.128,0.565,0.563,0.565,0.563,1.0025,1,1,655,0,0,3,0,382.71,129.66,21.872,23.9,49.7,1013.1
2026-09-16T15:44:06,543.7,1,Ronda 1,4,Niquelado Químico Watts,206,300,1.13,DC,30.0,85.0,0.0,0,0.0,95.0,4400,0.0,24.0,0.0,0,0.0,105.0,4800,0.0,24.0,0.0,0,0.0,130.0,6000,0.0,29.8,30.0,1,35.0,120.0,5500,157.5,2.05,4.15,0,2,2,98.5,97.9,0,1,0,1.13,1.133,0.568,0.565,0.568,0.565,1.0025,1,1,655,0,0,3,0,383.85,130.05,21.916,23.9,49.7,1013.1
2026-09-16T15:44:06,544.7,1,Ronda 1,4,Niquelado Químico Watts,207,300,1.13,DC,30.0,85.0,0.0,0,0.0,95.0,4400,0.0,24.0,0.0,0,0.0,105.0,4800,0.0,24.0,0.0,0,0.0,130.0,6000,0.0,30.1,30.0,1,35.0,120.0,5500,157.5,2.05,4.15,0,2,2,98.5,97.9,0,1,0,1.13,1.129,0.565,0.563,0.565,0.563,1.0025,1,1,655,0,0,3,0,384.98,130.43,21.96,23.9,49.7,1013.1
2026-09-16T15:44:06,545.7,1,Ronda 1,4,Niquelado Químico Watts,208,300,1.13,DC,30.0,85.0,0.0,0,0.0,95.0,4400,0.0,24.0,0.0,0,0.0,105.0,4800,0.0,24.0,0.0,0,0.0,130.0,6000,0.0,29.8,30.0,1,35.0,120.0,5500,157.5,2.05,4.15,0,2,2,98.5,97.9,0,1,0,1.13,1.129,0.566,0.564,0.566,0.564,1.0025,1,1,655,0,0,3,0,386.11,130.81,22.004,23.9,49.7,1013.1
2026-09-16T15:44:06,546.7,1,Ronda 1,4,Niquelado Químico Watts,209,300,1.13,DC,30.0,85.0,0.0,0,0.0,95.0,4400,0.0,24.0,0.0,0,0.0,105.0,4800,0.0,24.0,0.0,0,0.0,130.0,6000,0.0,29.6,30.0,1,35.0,120.0,5500,157.5,2.05,4.15,0,2,2,98.5,97.9,0,1,0,1.13,1.137,0.57,0.567,0.57,0.567,1.0025,1,1,655,0,0,3,0,387.24,131.2,22.047,23.9,49.7,1013.1
2026-09-16T15:44:06,547.7,1,Ronda 1,4,Niquelado Químico Watts,210,300,1.13,DC,30.0,85.0,0.0,0,0.0,95.0,4400,0.0,24.0,0.0,0,0.0,105.0,4800,0.0,24.0,0.0,0,0.0,130.0,6000,0.0,29.9,30.0,1,35.0,120.0,5500,157.5,2.05,4.15,0,2,2,98.5,97.9,0,1,0,1.13,1.127,0.564,0.562,0.564,0.562,1.0025,1,1,655,0,0,3,0,388.37,131.58,22.091,23.9,49.7,1013.1
2026-09-16T15:44:06,548.7,1,Ronda 1,4,Niquelado Químico Watts,211,300,1.13,DC,30.0,85.0,0.0,0,0.0,95.0,4400,0.0,24.0,0.0,0,0.0,105.0,4800,0.0,24.0,0.0,0,0.0,130.0,6000,0.0,29.9,30.0,1,35.0,120.0,5500,157.5,2.05,4.15,0,2,2,98.5,97.9,0,1,0,1.13,1.135,0.568,0.566,0.568,0.566,1.0025,1,1,655,0,0,3,0,389.5,131.96,22.135,23.9,49.7,1013.1
2026-09-16T15:44:06,549.7,1,Ronda 1,4,Niquelado Químico Watts,212,300,1.13,DC,30.0,85.0,0.0,0,0.0,95.0,4400,0.0,24.0,0.0,0,0.0,105.0,4800,0.0,24.0,0.0,0,0.0,130.0,6000,0.0,29.8,30.0,1,35.0,120.0,5500,157.5,2.05,4.15,0,2,2,98.5,97.9,0,1,0,1.13,1.127,0.565,0.562,0.565,0.562,1.0025,1,1,655,0,0,3,0,390.63,132.35,22.179,23.9,49.7,1013.1
2026-09-16T15:44:06,550.7,1,Ronda 1,4,Niquelado Químico Watts,213,300,1.13,DC,30.0,85.0,0.0,0,0.0,95.0,4400,0.0,24.0,0.0,0,0.0,105.0,4800,0.0,24.0,0.0,0,0.0,130.0,6000,0.0,30.0,30.0,1,35.0,120.0,5500,157.5,2.05,4.15,0,2,2,98.5,97.9,0,1,0,1.13,1.132,0.567,0.565,0.567,0.565,1.0025,1,1,655,0,0,3,0,391.76,132.73,22.222,23.9,49.7,1013.1
2026-09-16T15:44:06,551.7,1,Ronda 1,4,Niquelado Químico Watts,214,300,1.13,DC,30.0,85.0,0.0,0,0.0,95.0,4400,0.0,24.0,0.0,0,0.0,105.0,4800,0.0,24.0,0.0,0,0.0,130.0,6000,0.0,29.8,30.0,1,35.0,120.0,5500,157.5,2.05,4.15,0,2,2,98.5,97.9,0,1,0,1.13,1.122,0.562,0.56,0.562,0.56,1.0025,1,1,655,0,0,3,0,392.89,133.11,22.266,24.0,49.7,1013.1
2026-09-16T15:44:06,552.7,1,Ronda 1,4,Niquelado Químico Watts,215,300,1.13,DC,30.0,85.0,0.0,0,0.0,95.0,4400,0.0,24.0,0.0,0,0.0,105.0,4800,0.0,24.0,0.0,0,0.0,130.0,6000,0.0,30.2,30.0,1,35.0,120.0,5500,157.5,2.05,4.15,0,2,2,98.5,97.9,0,1,0,1.13,1.136,0.569,0.567,0.569,0.567,1.0025,1,1,655,0,0,3,0,394.02,133.49,22.31,24.0,49.7,1013.1
2026-09-16T15:44:06,553.7,1,Ronda 1,4,Niquelado Químico Watts,216,300,1.13,DC,30.0,85.0,0.0,0,0.0,95.0,4400,0.0,24.0,0.0,0,0.0,105.0,4800,0.0,24.0,0.0,0,0.0,130.0,6000,0.0,30.0,30.0,1,35.0,120.0,5500,157.5,2.05,4.15,0,2,2,98.5,97.9,0,1,0,1.13,1.133,0.568,0.566,0.568,0.566,1.0025,1,1,655,0,0,3,0,395.15,133.88,22.354,24.0,49.7,1013.1
2026-09-16T15:44:06,554.7,1,Ronda 1,4,Niquelado Químico Watts,217,300,1.13,DC,30.0,85.0,0.0,0,0.0,95.0,4400,0.0,24.0,0.0,0,0.0,105.0,4800,0.0,24.0,0.0,0,0.0,130.0,6000,0.0,30.0,30.0,1,35.0,120.0,5500,157.5,2.05,4.15,0,2,2,98.5,97.9,0,1,0,1.13,1.131,0.567,0.565,0.567,0.565,1.0025,1,1,655,0,0,3,0,396.29,134.26,22.397,24.0,49.7,1013.1
2026-09-16T15:44:06,555.7,1,Ronda 1,4,Niquelado Químico Watts,218,300,1.13,DC,30.0,85.0,0.0,0,0.0,95.0,4400,0.0,24.0,0.0,0,0.0,105.0,4800,0.0,24.0,0.0,0,0.0,130.0,6000,0.0,29.9,30.0,1,35.0,120.0,5500,157.5,2.05,4.15,0,2,2,98.5,97.9,0,1,0,1.13,1.123,0.563,0.561,0.563,0.561,1.0025,1,1,655,0,0,3,0,397.41,134.64,22.441,24.0,49.7,1013.1
2026-09-16T15:44:06,556.7,1,Ronda 1,4,Niquelado Químico Watts,219,300,1.13,DC,30.0,85.0,0.0,0,0.0,95.0,4400,0.0,24.0,0.0,0,0.0,105.0,4800,0.0,24.0,0.0,0,0.0,130.0,6000,0.0,30.2,30.0,1,35.0,120.0,5500,157.5,2.05,4.15,0,2,2,98.5,97.9,0,1,0,1.13,1.129,0.566,0.564,0.566,0.564,1.0025,1,1,655,0,0,3,0,398.54,135.02,22.485,24.0,49.7,1013.1
2026-09-16T15:44:06,557.7,1,Ronda 1,4,Niquelado Químico Watts,220,300,1.13,DC,30.0,85.0,0.0,0,0.0,95.0,4400,0.0,24.0,0.0,0,0.0,105.0,4800,0.0,24.0,0.0,0,0.0,130.0,6000,0.0,29.7,30.0,1,35.0,120.0,5500,157.5,2.05,4.15,0,2,2,98.5,97.9,0,1,0,1.13,1.117,0.559,0.557,0.559,0.557,1.0025,1,1,655,0,0,3,0,399.65,135.4,22.529,24.0,49.7,1013.1
2026-09-16T15:44:06,558.7,1,Ronda 1,4,Niquelado Químico Watts,221,300,1.13,DC,30.0,85.0,0.0,0,0.0,95.0,4400,0.0,24.0,0.0,0,0.0,105.0,4800,0.0,24.0,0.0,0,0.0,130.0,6000,0.0,30.0,30.0,1,35.0,120.0,5500,157.5,2.05,4.15,0,2,2,98.5,97.9,0,1,0,1.13,1.126,0.564,0.562,0.564,0.562,1.0025,1,1,655,0,0,3,0,400.78,135.78,22.572,24.0,49.7,1013.1
2026-09-16T15:44:06,559.7,1,Ronda 1,4,Niquelado Químico Watts,222,300,1.13,DC,30.0,85.0,0.0,0,0.0,95.0,4400,0.0,24.0,0.0,0,0.0,105.0,4800,0.0,24.0,0.0,0,0.0,130.0,6000,0.0,29.9,30.0,1,35.0,120.0,5500,157.5,2.05,4.15,0,2,2,98.5,97.9,0,1,0,1.13,1.128,0.565,0.563,0.565,0.563,1.0025,1,1,655,0,0,3,0,401.91,136.17,22.616,24.0,49.7,1013.1
2026-09-16T15:44:06,560.7,1,Ronda 1,4,Niquelado Químico Watts,223,300,1.13,DC,30.0,85.0,0.0,0,0.0,95.0,4400,0.0,24.0,0.0,0,0.0,105.0,4800,0.0,24.0,0.0,0,0.0,130.0,6000,0.0,30.2,30.0,1,35.0,120.0,5500,157.5,2.05,4.15,0,2,2,98.5,97.9,0,1,0,1.13,1.133,0.568,0.566,0.568,0.566,1.0025,1,1,655,0,0,3,0,403.04,136.55,22.66,24.0,49.7,1013.1
2026-09-16T15:44:06,561.7,1,Ronda 1,4,Niquelado Químico Watts,224,300,1.13,DC,30.0,85.0,0.0,0,0.0,95.0,4400,0.0,24.0,0.0,0,0.0,105.0,4800,0.0,24.0,0.0,0,0.0,130.0,6000,0.0,29.7,30.0,1,35.0,120.0,5500,157.5,2.05,4.15,0,2,2,98.5,97.9,0,1,0,1.13,1.143,0.573,0.57,0.573,0.57,1.0025,1,1,655,0,0,3,0,404.19,136.94,22.704,24.0,49.7,1013.1
2026-09-16T15:44:06,562.7,1,Ronda 1,4,Niquelado Químico Watts,225,300,1.13,DC,30.0,85.0,0.0,0,0.0,95.0,4400,0.0,24.0,0.0,0,0.0,105.0,4800,0.0,24.0,0.0,0,0.0,130.0,6000,0.0,30.2,30.0,1,35.0,120.0,5500,157.5,2.05,4.15,0,2,2,98.5,97.9,0,1,0,1.13,1.114,0.558,0.556,0.558,0.556,1.0025,1,1,655,0,0,3,0,405.3,137.32,22.747,24.0,49.7,1013.1
2026-09-16T15:44:06,563.7,1,Ronda 1,4,Niquelado Químico Watts,226,300,1.13,DC,30.0,85.0,0.0,0,0.0,95.0,4400,0.0,24.0,0.0,0,0.0,105.0,4800,0.0,24.0,0.0,0,0.0,130.0,6000,0.0,30.0,30.0,1,35.0,120.0,5500,157.5,2.05,4.15,0,2,2,98.5,97.9,0,1,0,1.13,1.137,0.57,0.568,0.57,0.568,1.0025,1,1,655,0,0,3,0,406.44,137.7,22.791,24.0,49.7,1013.1
2026-09-16T15:44:06,564.7,1,Ronda 1,4,Niquelado Químico Watts,227,300,1.13,DC,30.0,85.0,0.0,0,0.0,95.0,4400,0.0,24.0,0.0,0,0.0,105.0,4800,0.0,24.0,0.0,0,0.0,130.0,6000,0.0,30.3,30.0,1,35.0,120.0,5500,157.5,2.05,4.15,0,2,2,98.5,97.9,0,1,0,1.13,1.132,0.567,0.565,0.567,0.565,1.0025,1,1,655,0,0,3,0,407.57,138.08,22.835,24.0,49.6,1013.1
2026-09-16T15:44:06,565.7,1,Ronda 1,4,Niquelado Químico Watts,228,300,1.13,DC,30.0,85.0,0.0,0,0.0,95.0,4400,0.0,24.0,0.0,0,0.0,105.0,4800,0.0,24.0,0.0,0,0.0,130.0,6000,0.0,30.0,30.0,1,35.0,120.0,5500,157.5,2.05,4.15,0,2,2,98.5,97.9,0,1,0,1.13,1.131,0.566,0.564,0.566,0.564,1.0025,1,1,655,0,0,3,0,408.7,138.47,22.879,24.0,49.6,1013.1
2026-09-16T15:44:06,566.7,1,Ronda 1,4,Niquelado Químico Watts,229,300,1.13,DC,30.0,85.0,0.0,0,0.0,95.0,4400,0.0,24.0,0.0,0,0.0,105.0,4800,0.0,24.0,0.0,0,0.0,130.0,6000,0.0,29.9,30.0,1,35.0,120.0,5500,157.5,2.05,4.15,0,2,2,98.5,97.9,0,1,0,1.13,1.123,0.563,0.56,0.563,0.56,1.0025,1,1,655,0,0,3,0,409.82,138.85,22.922,24.0,49.6,1013.1
2026-09-16T15:44:06,567.7,1,Ronda 1,4,Niquelado Químico Watts,230,300,1.13,DC,30.0,85.0,0.0,0,0.0,95.0,4400,0.0,24.0,0.0,0,0.0,105.0,4800,0.0,24.0,0.0,0,0.0,130.0,6000,0.0,29.8,30.0,1,35.0,120.0,5500,157.5,2.05,4.15,0,2,2,98.5,97.9,0,1,0,1.13,1.131,0.566,0.564,0.566,0.564,1.0025,1,1,655,0,0,3,0,410.95,139.23,22.966,24.0,49.6,1013.1
2026-09-16T15:44:06,568.7,1,Ronda 1,4,Niquelado Químico Watts,231,300,1.13,DC,30.0,85.0,0.0,0,0.0,95.0,4400,0.0,24.0,0.0,0,0.0,105.0,4800,0.0,24.0,0.0,0,0.0,130.0,6000,0.0,30.1,30.0,1,35.0,120.0,5500,157.5,2.05,4.15,0,2,2,98.5,97.9,0,1,0,1.13,1.125,0.563,0.561,0.563,0.561,1.0025,1,1,655,0,0,3,0,412.08,139.61,23.01,24.0,49.6,1013.1
2026-09-16T15:44:06,569.7,1,Ronda 1,4,Niquelado Químico Watts,232,300,1.13,DC,30.0,85.0,0.0,0,0.0,95.0,4400,0.0,24.0,0.0,0,0.0,105.0,4800,0.0,24.0,0.0,0,0.0,130.0,6000,0.0,29.6,30.0,1,35.0,120.0,5500,157.5,2.05,4.15,0,2,2,98.5,97.9,0,1,0,1.13,1.132,0.567,0.565,0.567,0.565,1.0025,1,1,655,0,0,3,0,413.21,140.0,23.054,24.0,49.6,1013.1
2026-09-16T15:44:06,570.7,1,Ronda 1,4,Niquelado Químico Watts,233,300,1.13,DC,30.0,85.0,0.0,0,0.0,95.0,4400,0.0,24.0,0.0,0,0.0,105.0,4800,0.0,24.0,0.0,0,0.0,130.0,6000,0.0,30.0,30.0,1,35.0,120.0,5500,157.5,2.05,4.15,0,2,2,98.5,97.9,0,1,0,1.13,1.134,0.568,0.566,0.568,0.566,1.0025,1,1,655,0,0,3,0,414.34,140.38,23.097,24.0,49.6,1013.1
2026-09-16T15:44:06,571.7,1,Ronda 1,4,Niquelado Químico Watts,234,300,1.13,DC,30.0,85.0,0.0,0,0.0,95.0,4400,0.0,24.0,0.0,0,0.0,105.0,4800,0.0,24.0,0.0,0,0.0,130.0,6000,0.0,29.7,30.0,1,35.0,120.0,5500,157.5,2.05,4.15,0,2,2,98.5,97.9,0,1,0,1.13,1.139,0.571,0.568,0.571,0.568,1.0025,1,1,655,0,0,3,0,415.48,140.77,23.141,24.0,49.6,1013.1
2026-09-16T15:44:06,572.7,1,Ronda 1,4,Niquelado Químico Watts,235,300,1.13,DC,30.0,85.0,0.0,0,0.0,95.0,4400,0.0,24.0,0.0,0,0.0,105.0,4800,0.0,24.0,0.0,0,0.0,130.0,6000,0.0,30.0,30.0,1,35.0,120.0,5500,157.5,2.05,4.15,0,2,2,98.5,97.9,0,1,0,1.13,1.123,0.563,0.561,0.563,0.561,1.0025,1,1,655,0,0,3,0,416.61,141.15,23.185,24.0,49.6,1013.1
2026-09-16T15:44:06,573.7,1,Ronda 1,4,Niquelado Químico Watts,236,300,1.13,DC,30.0,85.0,0.0,0,0.0,95.0,4400,0.0,24.0,0.0,0,0.0,105.0,4800,0.0,24.0,0.0,0,0.0,130.0,6000,0.0,30.1,30.0,1,35.0,120.0,5500,157.5,2.05,4.15,0,2,2,98.5,97.9,0,1,0,1.13,1.118,0.56,0.558,0.56,0.558,1.0025,1,1,655,0,0,3,0,417.72,141.53,23.229,24.0,49.6,1013.1
2026-09-16T15:44:06,574.7,1,Ronda 1,4,Niquelado Químico Watts,237,300,1.13,DC,30.0,85.0,0.0,0,0.0,95.0,4400,0.0,24.0,0.0,0,0.0,105.0,4800,0.0,24.0,0.0,0,0.0,130.0,6000,0.0,29.9,30.0,1,35.0,120.0,5500,157.5,2.05,4.15,0,2,2,98.5,97.9,0,1,0,1.13,1.115,0.559,0.556,0.559,0.556,1.0025,1,1,655,0,0,3,0,418.84,141.9,23.272,24.0,49.6,1013.1
2026-09-16T15:44:06,575.7,1,Ronda 1,4,Niquelado Químico Watts,238,300,1.13,DC,30.0,85.0,0.0,0,0.0,95.0,4400,0.0,24.0,0.0,0,0.0,105.0,4800,0.0,24.0,0.0,0,0.0,130.0,6000,0.0,30.0,30.0,1,35.0,120.0,5500,157.5,2.05,4.15,0,2,2,98.5,97.9,0,1,0,1.13,1.122,0.562,0.56,0.562,0.56,1.0025,1,1,655,0,0,3,0,419.96,142.28,23.316,24.0,49.6,1013.1
2026-09-16T15:44:06,576.7,1,Ronda 1,4,Niquelado Químico Watts,239,300,1.13,DC,30.0,85.0,0.0,0,0.0,95.0,4400,0.0,24.0,0.0,0,0.0,105.0,4800,0.0,24.0,0.0,0,0.0,130.0,6000,0.0,30.0,30.0,1,35.0,120.0,5500,157.5,2.05,4.15,0,2,2,98.5,97.9,0,1,0,1.13,1.119,0.56,0.558,0.56,0.558,1.0025,1,1,655,0,0,3,0,421.08,142.66,23.36,24.1,49.6,1013.1
2026-09-16T15:44:06,577.7,1,Ronda 1,4,Niquelado Químico Watts,240,300,1.13,DC,30.0,85.0,0.0,0,0.0,95.0,4400,0.0,24.0,0.0,0,0.0,105.0,4800,0.0,24.0,0.0,0,0.0,130.0,6000,0.0,30.0,30.0,1,35.0,120.0,5500,157.5,2.05,4.15,0,2,2,98.5,97.9,0,1,0,1.13,1.138,0.57,0.568,0.57,0.568,1.0025,1,1,655,0,0,3,0,422.22,143.05,23.404,24.1,49.6,1013.1
2026-09-16T15:44:06,578.7,1,Ronda 1,4,Niquelado Químico Watts,241,300,1.13,DC,30.0,85.0,0.0,0,0.0,95.0,4400,0.0,24.0,0.0,0,0.0,105.0,4800,0.0,24.0,0.0,0,0.0,130.0,6000,0.0,30.1,30.0,1,35.0,120.0,5500,157.5,2.05,4.15,0,2,2,98.5,97.9,0,1,0,1.13,1.125,0.564,0.561,0.564,0.561,1.0025,1,1,655,0,0,3,0,423.34,143.43,23.447,24.1,49.6,1013.1
2026-09-16T15:44:06,579.7,1,Ronda 1,4,Niquelado Químico Watts,242,300,1.13,DC,30.0,85.0,0.0,0,0.0,95.0,4400,0.0,24.0,0.0,0,0.0,105.0,4800,0.0,24.0,0.0,0,0.0,130.0,6000,0.0,29.9,30.0,1,35.0,120.0,5500,157.5,2.05,4.15,0,2,2,98.5,97.9,0,1,0,1.13,1.141,0.572,0.569,0.572,0.569,1.0025,1,1,655,0,0,3,0,424.49,143.82,23.491,24.1,49.6,1013.1
2026-09-16T15:44:06,580.7,1,Ronda 1,4,Niquelado Químico Watts,243,300,1.13,DC,30.0,85.0,0.0,0,0.0,95.0,4400,0.0,24.0,0.0,0,0.0,105.0,4800,0.0,24.0,0.0,0,0.0,130.0,6000,0.0,30.4,30.0,1,35.0,120.0,5500,157.5,2.05,4.15,0,2,2,98.5,97.9,0,1,0,1.13,1.137,0.57,0.567,0.57,0.567,1.0025,1,1,655,0,0,3,0,425.62,144.2,23.535,24.1,49.6,1013.1
2026-09-16T15:44:06,581.7,1,Ronda 1,4,Niquelado Químico Watts,244,300,1.13,DC,30.0,85.0,0.0,0,0.0,95.0,4400,0.0,24.0,0.0,0,0.0,105.0,4800,0.0,24.0,0.0,0,0.0,130.0,6000,0.0,30.0,30.0,1,35.0,120.0,5500,157.5,2.05,4.15,0,2,2,98.5,97.9,0,1,0,1.13,1.132,0.567,0.565,0.567,0.565,1.0025,1,1,655,0,0,3,0,426.75,144.58,23.579,24.1,49.6,1013.1
2026-09-16T15:44:06,582.7,1,Ronda 1,4,Niquelado Químico Watts,245,300,1.13,DC,30.0,85.0,0.0,0,0.0,95.0,4400,0.0,24.0,0.0,0,0.0,105.0,4800,0.0,24.0,0.0,0,0.0,130.0,6000,0.0,30.2,30.0,1,35.0,120.0,5500,157.5,2.05,4.15,0,2,2,98.5,97.9,0,1,0,1.13,1.126,0.564,0.562,0.564,0.562,1.0025,1,1,655,0,0,3,0,427.88,144.97,23.622,24.1,49.6,1013.1
2026-09-16T15:44:06,583.7,1,Ronda 1,4,Niquelado Químico Watts,246,300,1.13,DC,30.0,85.0,0.0,0,0.0,95.0,4400,0.0,24.0,0.0,0,0.0,105.0,4800,0.0,24.0,0.0,0,0.0,130.0,6000,0.0,30.3,30.0,1,35.0,120.0,5500,157.5,2.05,4.15,0,2,2,98.5,97.9,0,1,0,1.13,1.133,0.568,0.565,0.568,0.565,1.0025,1,1,655,0,0,3,0,429.01,145.35,23.666,24.1,49.6,1013.1
2026-09-16T15:44:06,584.7,1,Ronda 1,4,Niquelado Químico Watts,247,300,1.13,DC,30.0,85.0,0.0,0,0.0,95.0,4400,0.0,24.0,0.0,0,0.0,105.0,4800,0.0,24.0,0.0,0,0.0,130.0,6000,0.0,30.1,30.0,1,35.0,120.0,5500,157.5,2.05,4.15,0,2,2,98.5,97.9,0,1,0,1.13,1.142,0.572,0.57,0.572,0.57,1.0025,1,1,655,0,0,3,0,430.16,145.74,23.71,24.1,49.6,1013.1
2026-09-16T15:44:06,585.7,1,Ronda 1,4,Niquelado Químico Watts,248,300,1.13,DC,30.0,85.0,0.0,0,0.0,95.0,4400,0.0,24.0,0.0,0,0.0,105.0,4800,0.0,24.0,0.0,0,0.0,130.0,6000,0.0,29.8,30.0,1,35.0,120.0,5500,157.5,2.05,4.15,0,2,2,98.5,97.9,0,1,0,1.13,1.113,0.558,0.555,0.558,0.555,1.0025,1,1,655,0,0,3,0,431.27,146.11,23.754,24.1,49.6,1013.1
2026-09-16T15:44:06,586.7,1,Ronda 1,4,Niquelado Químico Watts,249,300,1.13,DC,30.0,85.0,0.0,0,0.0,95.0,4400,0.0,24.0,0.0,0,0.0,105.0,4800,0.0,24.0,0.0,0,0.0,130.0,6000,0.0,30.2,30.0,1,35.0,120.0,5500,157.5,2.05,4.15,0,2,2,98.5,97.9,0,1,0,1.13,1.127,0.565,0.562,0.565,0.562,1.0025,1,1,655,0,0,3,0,432.39,146.5,23.797,24.1,49.6,1013.1
2026-09-16T15:44:06,587.7,1,Ronda 1,4,Niquelado Químico Watts,250,300,1.13,DC,30.0,85.0,0.0,0,0.0,95.0,4400,0.0,24.0,0.0,0,0.0,105.0,4800,0.0,24.0,0.0,0,0.0,130.0,6000,0.0,29.9,30.0,1,35.0,120.0,5500,157.5,2.05,4.15,0,2,2,98.5,97.9,0,1,0,1.13,1.116,0.559,0.557,0.559,0.557,1.0025,1,1,655,0,0,3,0,433.51,146.87,23.841,24.1,49.6,1013.1
2026-09-16T15:44:06,588.7,1,Ronda 1,4,Niquelado Químico Watts,251,300,1.13,DC,30.0,85.0,0.0,0,0.0,95.0,4400,0.0,24.0,0.0,0,0.0,105.0,4800,0.0,24.0,0.0,0,0.0,130.0,6000,0.0,29.7,30.0,1,35.0,120.0,5500,157.5,2.05,4.15,0,2,2,98.5,97.9,0,1,0,1.13,1.107,0.555,0.552,0.555,0.552,1.0025,1,1,655,0,0,3,0,434.62,147.25,23.885,24.1,49.5,1013.1
2026-09-16T15:44:06,589.7,1,Ronda 1,4,Niquelado Químico Watts,252,300,1.13,DC,30.0,85.0,0.0,0,0.0,95.0,4400,0.0,24.0,0.0,0,0.0,105.0,4800,0.0,24.0,0.0,0,0.0,130.0,6000,0.0,30.2,30.0,1,35.0,120.0,5500,157.5,2.05,4.15,0,2,2,98.5,97.9,0,1,0,1.13,1.121,0.561,0.559,0.561,0.559,1.0025,1,1,655,0,0,3,0,435.74,147.63,23.929,24.1,49.5,1013.1
2026-09-16T15:44:06,590.7,1,Ronda 1,4,Niquelado Químico Watts,253,300,1.13,DC,30.0,85.0,0.0,0,0.0,95.0,4400,0.0,24.0,0.0,0,0.0,105.0,4800,0.0,24.0,0.0,0,0.0,130.0,6000,0.0,29.9,30.0,1,35.0,120.0,5500,157.5,2.05,4.15,0,2,2,98.5,97.9,0,1,0,1.13,1.119,0.561,0.558,0.561,0.558,1.0025,1,1,655,0,0,3,0,436.86,148.01,23.972,24.1,49.5,1013.1
2026-09-16T15:44:06,591.7,1,Ronda 1,4,Niquelado Químico Watts,254,300,1.13,DC,30.0,85.0,0.0,0,0.0,95.0,4400,0.0,24.0,0.0,0,0.0,105.0,4800,0.0,24.0,0.0,0,0.0,130.0,6000,0.0,29.6,30.0,1,35.0,120.0,5500,157.5,2.05,4.15,0,2,2,98.5,97.9,0,1,0,1.13,1.138,0.57,0.568,0.57,0.568,1.0025,1,1,655,0,0,3,0,438.0,148.39,24.016,24.1,49.5,1013.1
2026-09-16T15:44:06,592.7,1,Ronda 1,4,Niquelado Químico Watts,255,300,1.13,DC,30.0,85.0,0.0,0,0.0,95.0,4400,0.0,24.0,0.0,0,0.0,105.0,4800,0.0,24.0,0.0,0,0.0,130.0,6000,0.0,30.0,30.0,1,35.0,120.0,5500,157.5,2.05,4.15,0,2,2,98.5,97.9,0,1,0,1.13,1.129,0.566,0.563,0.566,0.563,1.0025,1,1,655,0,0,3,0,439.12,148.78,24.06,24.1,49.5,1013.1
2026-09-16T15:44:06,593.7,1,Ronda 1,4,Niquelado Químico Watts,256,300,1.13,DC,30.0,85.0,0.0,0,0.0,95.0,4400,0.0,24.0,0.0,0,0.0,105.0,4800,0.0,24.0,0.0,0,0.0,130.0,6000,0.0,30.2,30.0,1,35.0,120.0,5500,157.5,2.05,4.15,0,2,2,98.5,97.9,0,1,0,1.13,1.137,0.57,0.568,0.57,0.568,1.0025,1,1,655,0,0,3,0,440.26,149.16,24.104,24.1,49.5,1013.1
2026-09-16T15:44:06,594.7,1,Ronda 1,4,Niquelado Químico Watts,257,300,1.13,DC,30.0,85.0,0.0,0,0.0,95.0,4400,0.0,24.0,0.0,0,0.0,105.0,4800,0.0,24.0,0.0,0,0.0,130.0,6000,0.0,30.3,30.0,1,35.0,120.0,5500,157.5,2.05,4.15,0,2,2,98.5,97.9,0,1,0,1.13,1.14,0.571,0.569,0.571,0.569,1.0025,1,1,655,0,0,3,0,441.4,149.55,24.147,24.1,49.5,1013.1
2026-09-16T15:44:06,595.7,1,Ronda 1,4,Niquelado Químico Watts,258,300,1.13,DC,30.0,85.0,0.0,0,0.0,95.0,4400,0.0,24.0,0.0,0,0.0,105.0,4800,0.0,24.0,0.0,0,0.0,130.0,6000,0.0,30.0,30.0,1,35.0,120.0,5500,157.5,2.05,4.15,0,2,2,98.5,97.9,0,1,0,1.13,1.141,0.571,0.569,0.571,0.569,1.0025,1,1,655,0,0,3,0,442.54,149.93,24.191,24.1,49.5,1013.1
2026-09-16T15:44:06,596.7,1,Ronda 1,4,Niquelado Químico Watts,259,300,1.13,DC,30.0,85.0,0.0,0,0.0,95.0,4400,0.0,24.0,0.0,0,0.0,105.0,4800,0.0,24.0,0.0,0,0.0,130.0,6000,0.0,30.3,30.0,1,35.0,120.0,5500,157.5,2.05,4.15,0,2,2,98.5,97.9,0,1,0,1.13,1.133,0.568,0.566,0.568,0.566,1.0025,1,1,655,0,0,3,0,443.68,150.32,24.235,24.1,49.5,1013.1
2026-09-16T15:44:06,597.7,1,Ronda 1,4,Niquelado Químico Watts,260,300,1.13,DC,30.0,85.0,0.0,0,0.0,95.0,4400,0.0,24.0,0.0,0,0.0,105.0,4800,0.0,24.0,0.0,0,0.0,130.0,6000,0.0,29.7,30.0,1,35.0,120.0,5500,157.5,2.05,4.15,0,2,2,98.5,97.9,0,1,0,1.13,1.127,0.565,0.562,0.565,0.562,1.0025,1,1,655,0,0,3,0,444.8,150.7,24.279,24.1,49.5,1013.1
2026-09-16T15:44:06,598.7,1,Ronda 1,4,Niquelado Químico Watts,261,300,1.13,DC,30.0,85.0,0.0,0,0.0,95.0,4400,0.0,24.0,0.0,0,0.0,105.0,4800,0.0,24.0,0.0,0,0.0,130.0,6000,0.0,30.2,30.0,1,35.0,120.0,5500,157.5,2.05,4.15,0,2,2,98.5,97.9,0,1,0,1.13,1.135,0.569,0.566,0.569,0.566,1.0025,1,1,655,0,0,3,0,445.94,151.08,24.322,24.2,49.5,1013.1
2026-09-16T15:44:06,599.7,1,Ronda 1,4,Niquelado Químico Watts,262,300,1.13,DC,30.0,85.0,0.0,0,0.0,95.0,4400,0.0,24.0,0.0,0,0.0,105.0,4800,0.0,24.0,0.0,0,0.0,130.0,6000,0.0,30.0,30.0,1,35.0,120.0,5500,157.5,2.05,4.15,0,2,2,98.5,97.9,0,1,0,1.13,1.125,0.564,0.562,0.564,0.562,1.0025,1,1,655,0,0,3,0,447.06,151.46,24.366,24.2,49.5,1013.1
2026-09-16T15:44:06,600.7,1,Ronda 1,4,Niquelado Químico Watts,263,300,1.13,DC,30.0,85.0,0.0,0,0.0,95.0,4400,0.0,24.0,0.0,0,0.0,105.0,4800,0.0,24.0,0.0,0,0.0,130.0,6000,0.0,29.9,30.0,1,35.0,120.0,5500,157.5,2.05,4.15,0,2,2,98.5,97.9,0,1,0,1.13,1.136,0.569,0.567,0.569,0.567,1.0025,1,1,655,0,0,3,0,448.2,151.85,24.41,24.2,49.5,1013.1
2026-09-16T15:44:06,601.7,1,Ronda 1,4,Niquelado Químico Watts,264,300,1.13,DC,30.0,85.0,0.0,0,0.0,95.0,4400,0.0,24.0,0.0,0,0.0,105.0,4800,0.0,24.0,0.0,0,0.0,130.0,6000,0.0,29.9,30.0,1,35.0,120.0,5500,157.5,2.05,4.15,0,2,2,98.5,97.9,0,1,0,1.13,1.13,0.566,0.564,0.566,0.564,1.0025,1,1,655,0,0,3,0,449.33,152.23,24.454,24.2,49.5,1013.1
2026-09-16T15:44:06,602.7,1,Ronda 1,4,Niquelado Químico Watts,265,300,1.13,DC,30.0,85.0,0.0,0,0.0,95.0,4400,0.0,24.0,0.0,0,0.0,105.0,4800,0.0,24.0,0.0,0,0.0,130.0,6000,0.0,30.2,30.0,1,35.0,120.0,5500,157.5,2.05,4.15,0,2,2,98.5,97.9,0,1,0,1.13,1.14,0.571,0.569,0.571,0.569,1.0025,1,1,655,0,0,3,0,450.47,152.62,24.497,24.2,49.5,1013.1
2026-09-16T15:44:06,603.7,1,Ronda 1,4,Niquelado Químico Watts,266,300,1.13,DC,30.0,85.0,0.0,0,0.0,95.0,4400,0.0,24.0,0.0,0,0.0,105.0,4800,0.0,24.0,0.0,0,0.0,130.0,6000,0.0,30.3,30.0,1,35.0,120.0,5500,157.5,2.05,4.15,0,2,2,98.5,97.9,0,1,0,1.13,1.138,0.57,0.568,0.57,0.568,1.0025,1,1,655,0,0,3,0,451.61,153.0,24.541,24.2,49.5,1013.1
2026-09-16T15:44:06,604.7,1,Ronda 1,4,Niquelado Químico Watts,267,300,1.13,DC,30.0,85.0,0.0,0,0.0,95.0,4400,0.0,24.0,0.0,0,0.0,105.0,4800,0.0,24.0,0.0,0,0.0,130.0,6000,0.0,29.8,30.0,1,35.0,120.0,5500,157.5,2.05,4.15,0,2,2,98.5,97.9,0,1,0,1.13,1.134,0.568,0.566,0.568,0.566,1.0025,1,1,655,0,0,3,0,452.74,153.39,24.585,24.2,49.5,1013.1
2026-09-16T15:44:06,605.7,1,Ronda 1,4,Niquelado Químico Watts,268,300,1.13,DC,30.0,85.0,0.0,0,0.0,95.0,4400,0.0,24.0,0.0,0,0.0,105.0,4800,0.0,24.0,0.0,0,0.0,130.0,6000,0.0,30.5,30.0,1,35.0,120.0,5500,157.5,2.05,4.15,0,2,2,98.5,97.9,0,1,0,1.13,1.148,0.575,0.573,0.575,0.573,1.0025,1,1,655,0,0,3,0,453.89,153.78,24.629,24.2,49.5,1013.1
2026-09-16T15:44:06,606.7,1,Ronda 1,4,Niquelado Químico Watts,269,300,1.13,DC,30.0,85.0,0.0,0,0.0,95.0,4400,0.0,24.0,0.0,0,0.0,105.0,4800,0.0,24.0,0.0,0,0.0,130.0,6000,0.0,30.2,30.0,1,35.0,120.0,5500,157.5,2.05,4.15,0,2,2,98.5,97.9,0,1,0,1.13,1.131,0.567,0.564,0.567,0.564,1.0025,1,1,655,0,0,3,0,455.02,154.16,24.672,24.2,49.5,1013.1
2026-09-16T15:44:06,607.7,1,Ronda 1,4,Niquelado Químico Watts,270,300,1.13,DC,30.0,85.0,0.0,0,0.0,95.0,4400,0.0,24.0,0.0,0,0.0,105.0,4800,0.0,24.0,0.0,0,0.0,130.0,6000,0.0,30.1,30.0,1,35.0,120.0,5500,157.5,2.05,4.15,0,2,2,98.5,97.9,0,1,0,1.13,1.127,0.565,0.563,0.565,0.563,1.0025,1,1,655,0,0,3,0,456.15,154.54,24.716,24.2,49.5,1013.1
2026-09-16T15:44:06,608.7,1,Ronda 1,4,Niquelado Químico Watts,271,300,1.13,DC,30.0,85.0,0.0,0,0.0,95.0,4400,0.0,24.0,0.0,0,0.0,105.0,4800,0.0,24.0,0.0,0,0.0,130.0,6000,0.0,30.1,30.0,1,35.0,120.0,5500,157.5,2.05,4.15,0,2,2,98.5,97.9,0,1,0,1.13,1.129,0.566,0.564,0.566,0.564,1.0025,1,1,655,0,0,3,0,457.28,154.93,24.76,24.2,49.5,1013.1
2026-09-16T15:44:06,609.7,1,Ronda 1,4,Niquelado Químico Watts,272,300,1.13,DC,30.0,85.0,0.0,0,0.0,95.0,4400,0.0,24.0,0.0,0,0.0,105.0,4800,0.0,24.0,0.0,0,0.0,130.0,6000,0.0,30.0,30.0,1,35.0,120.0,5500,157.5,2.05,4.15,0,2,2,98.5,97.9,0,1,0,1.13,1.135,0.569,0.567,0.569,0.567,1.0025,1,1,655,0,0,3,0,458.41,155.31,24.804,24.2,49.5,1013.1
2026-09-16T15:44:06,610.7,1,Ronda 1,4,Niquelado Químico Watts,273,300,1.13,DC,30.0,85.0,0.0,0,0.0,95.0,4400,0.0,24.0,0.0,0,0.0,105.0,4800,0.0,24.0,0.0,0,0.0,130.0,6000,0.0,29.8,30.0,1,35.0,120.0,5500,157.5,2.05,4.15,0,2,2,98.5,97.9,0,1,0,1.13,1.128,0.565,0.563,0.565,0.563,1.0025,1,1,655,0,0,3,0,459.54,155.69,24.847,24.2,49.5,1013.1
2026-09-16T15:44:06,611.7,1,Ronda 1,4,Niquelado Químico Watts,274,300,1.13,DC,30.0,85.0,0.0,0,0.0,95.0,4400,0.0,24.0,0.0,0,0.0,105.0,4800,0.0,24.0,0.0,0,0.0,130.0,6000,0.0,30.1,30.0,1,35.0,120.0,5500,157.5,2.05,4.15,0,2,2,98.5,97.9,0,1,0,1.13,1.129,0.565,0.563,0.565,0.563,1.0025,1,1,655,0,0,3,0,460.67,156.07,24.891,24.2,49.5,1013.1
2026-09-16T15:44:06,612.7,1,Ronda 1,4,Niquelado Químico Watts,275,300,1.13,DC,30.0,85.0,0.0,0,0.0,95.0,4400,0.0,24.0,0.0,0,0.0,105.0,4800,0.0,24.0,0.0,0,0.0,130.0,6000,0.0,30.0,30.0,1,35.0,120.0,5500,157.5,2.05,4.15,0,2,2,98.5,97.9,0,1,0,1.13,1.12,0.561,0.559,0.561,0.559,1.0025,1,1,655,0,0,3,0,461.79,156.45,24.935,24.2,49.4,1013.1
2026-09-16T15:44:06,613.7,1,Ronda 1,4,Niquelado Químico Watts,276,300,1.13,DC,30.0,85.0,0.0,0,0.0,95.0,4400,0.0,24.0,0.0,0,0.0,105.0,4800,0.0,24.0,0.0,0,0.0,130.0,6000,0.0,30.0,30.0,1,35.0,120.0,5500,157.5,2.05,4.15,0,2,2,98.5,97.9,0,1,0,1.13,1.123,0.563,0.56,0.563,0.56,1.0025,1,1,655,0,0,3,0,462.91,156.83,24.979,24.2,49.4,1013.1
2026-09-16T15:44:06,614.7,1,Ronda 1,4,Niquelado Químico Watts,277,300,1.13,DC,30.0,85.0,0.0,0,0.0,95.0,4400,0.0,24.0,0.0,0,0.0,105.0,4800,0.0,24.0,0.0,0,0.0,130.0,6000,0.0,30.2,30.0,1,35.0,120.0,5500,157.5,2.05,4.15,0,2,2,98.5,97.9,0,1,0,1.13,1.128,0.565,0.563,0.565,0.563,1.0025,1,1,655,0,0,3,0,464.04,157.22,25.022,24.2,49.4,1013.1
2026-09-16T15:44:06,615.7,1,Ronda 1,4,Niquelado Químico Watts,278,300,1.13,DC,30.0,85.0,0.0,0,0.0,95.0,4400,0.0,24.0,0.0,0,0.0,105.0,4800,0.0,24.0,0.0,0,0.0,130.0,6000,0.0,30.1,30.0,1,35.0,120.0,5500,157.5,2.05,4.15,0,2,2,98.5,97.9,0,1,0,1.13,1.123,0.562,0.56,0.562,0.56,1.0025,1,1,655,0,0,3,0,465.16,157.6,25.066,24.2,49.4,1013.1
2026-09-16T15:44:06,616.7,1,Ronda 1,4,Niquelado Químico Watts,279,300,1.13,DC,30.0,85.0,0.0,0,0.0,95.0,4400,0.0,24.0,0.0,0,0.0,105.0,4800,0.0,24.0,0.0,0,0.0,130.0,6000,0.0,29.7,30.0,1,35.0,120.0,5500,157.5,2.05,4.15,0,2,2,98.5,97.9,0,1,0,1.13,1.121,0.562,0.56,0.562,0.56,1.0025,1,1,655,0,0,3,0,466.28,157.98,25.11,24.2,49.4,1013.1
2026-09-16T15:44:06,617.7,1,Ronda 1,4,Niquelado Químico Watts,280,300,1.13,DC,30.0,85.0,0.0,0,0.0,95.0,4400,0.0,24.0,0.0,0,0.0,105.0,4800,0.0,24.0,0.0,0,0.0,130.0,6000,0.0,30.0,30.0,1,35.0,120.0,5500,157.5,2.05,4.15,0,2,2,98.5,97.9,0,1,0,1.13,1.125,0.563,0.561,0.563,0.561,1.0025,1,1,655,0,0,3,0,467.41,158.36,25.154,24.2,49.4,1013.1
2026-09-16T15:44:06,618.7,1,Ronda 1,4,Niquelado Químico Watts,281,300,1.13,DC,30.0,85.0,0.0,0,0.0,95.0,4400,0.0,24.0,0.0,0,0.0,105.0,4800,0.0,24.0,0.0,0,0.0,130.0,6000,0.0,29.6,30.0,1,35.0,120.0,5500,157.5,2.05,4.15,0,2,2,98.5,97.9,0,1,0,1.13,1.121,0.561,0.559,0.561,0.559,1.0025,1,1,655,0,0,3,0,468.53,158.74,25.197,24.3,49.4,1013.1
2026-09-16T15:44:06,619.7,1,Ronda 1,4,Niquelado Químico Watts,282,300,1.13,DC,30.0,85.0,0.0,0,0.0,95.0,4400,0.0,24.0,0.0,0,0.0,105.0,4800,0.0,24.0,0.0,0,0.0,130.0,6000,0.0,30.0,30.0,1,35.0,120.0,5500,157.5,2.05,4.15,0,2,2,98.5,97.9,0,1,0,1.13,1.117,0.559,0.557,0.559,0.557,1.0025,1,1,655,0,0,3,0,469.65,159.12,25.241,24.3,49.4,1013.1
2026-09-16T15:44:06,620.7,1,Ronda 1,4,Niquelado Químico Watts,283,300,1.13,DC,30.0,85.0,0.0,0,0.0,95.0,4400,0.0,24.0,0.0,0,0.0,105.0,4800,0.0,24.0,0.0,0,0.0,130.0,6000,0.0,29.8,30.0,1,35.0,120.0,5500,157.5,2.05,4.15,0,2,2,98.5,97.9,0,1,0,1.13,1.134,0.568,0.566,0.568,0.566,1.0025,1,1,655,0,0,3,0,470.78,159.5,25.285,24.3,49.4,1013.1
2026-09-16T15:44:06,621.7,1,Ronda 1,4,Niquelado Químico Watts,284,300,1.13,DC,30.0,85.0,0.0,0,0.0,95.0,4400,0.0,24.0,0.0,0,0.0,105.0,4800,0.0,24.0,0.0,0,0.0,130.0,6000,0.0,30.3,30.0,1,35.0,120.0,5500,157.5,2.05,4.15,0,2,2,98.5,97.9,0,1,0,1.13,1.127,0.564,0.562,0.564,0.562,1.0025,1,1,655,0,0,3,0,471.91,159.88,25.329,24.3,49.4,1013.1
2026-09-16T15:44:06,622.7,1,Ronda 1,4,Niquelado Químico Watts,285,300,1.13,DC,30.0,85.0,0.0,0,0.0,95.0,4400,0.0,24.0,0.0,0,0.0,105.0,4800,0.0,24.0,0.0,0,0.0,130.0,6000,0.0,29.8,30.0,1,35.0,120.0,5500,157.5,2.05,4.15,0,2,2,98.5,97.9,0,1,0,1.13,1.128,0.565,0.563,0.565,0.563,1.0025,1,1,655,0,0,3,0,473.03,160.26,25.372,24.3,49.4,1013.1
2026-09-16T15:44:06,623.7,1,Ronda 1,4,Niquelado Químico Watts,286,300,1.13,DC,30.0,85.0,0.0,0,0.0,95.0,4400,0.0,24.0,0.0,0,0.0,105.0,4800,0.0,24.0,0.0,0,0.0,130.0,6000,0.0,29.9,30.0,1,35.0,120.0,5500,157.5,2.05,4.15,0,2,2,98.5,97.9,0,1,0,1.13,1.137,0.57,0.567,0.57,0.567,1.0025,1,1,655,0,0,3,0,474.17,160.65,25.416,24.3,49.4,1013.1
2026-09-16T15:44:06,624.7,1,Ronda 1,4,Niquelado Químico Watts,287,300,1.13,DC,30.0,85.0,0.0,0,0.0,95.0,4400,0.0,24.0,0.0,0,0.0,105.0,4800,0.0,24.0,0.0,0,0.0,130.0,6000,0.0,30.2,30.0,1,35.0,120.0,5500,157.5,2.05,4.15,0,2,2,98.5,97.9,0,1,0,1.13,1.132,0.567,0.565,0.567,0.565,1.0025,1,1,655,0,0,3,0,475.3,161.03,25.46,24.3,49.4,1013.1
2026-09-16T15:44:06,625.7,1,Ronda 1,4,Niquelado Químico Watts,288,300,1.13,DC,30.0,85.0,0.0,0,0.0,95.0,4400,0.0,24.0,0.0,0,0.0,105.0,4800,0.0,24.0,0.0,0,0.0,130.0,6000,0.0,30.5,30.0,1,35.0,120.0,5500,157.5,2.05,4.15,0,2,2,98.5,97.9,0,1,0,1.13,1.125,0.564,0.561,0.564,0.561,1.0025,1,1,655,0,0,3,0,476.43,161.41,25.504,24.3,49.4,1013.1
2026-09-16T15:44:06,626.7,1,Ronda 1,4,Niquelado Químico Watts,289,300,1.13,DC,30.0,85.0,0.0,0,0.0,95.0,4400,0.0,24.0,0.0,0,0.0,105.0,4800,0.0,24.0,0.0,0,0.0,130.0,6000,0.0,30.0,30.0,1,35.0,120.0,5500,157.5,2.05,4.15,0,2,2,98.5,97.9,0,1,0,1.13,1.133,0.568,0.565,0.568,0.565,1.0025,1,1,655,0,0,3,0,477.56,161.8,25.547,24.3,49.4,1013.1
2026-09-16T15:44:06,627.7,1,Ronda 1,4,Niquelado Químico Watts,290,300,1.13,DC,30.0,85.0,0.0,0,0.0,95.0,4400,0.0,24.0,0.0,0,0.0,105.0,4800,0.0,24.0,0.0,0,0.0,130.0,6000,0.0,30.0,30.0,1,35.0,120.0,5500,157.5,2.05,4.15,0,2,2,98.5,97.9,0,1,0,1.13,1.14,0.571,0.569,0.571,0.569,1.0025,1,1,655,0,0,3,0,478.7,162.18,25.591,24.3,49.4,1013.1
2026-09-16T15:44:06,628.7,1,Ronda 1,4,Niquelado Químico Watts,291,300,1.13,DC,30.0,85.0,0.0,0,0.0,95.0,4400,0.0,24.0,0.0,0,0.0,105.0,4800,0.0,24.0,0.0,0,0.0,130.0,6000,0.0,30.0,30.0,1,35.0,120.0,5500,157.5,2.05,4.15,0,2,2,98.5,97.9,0,1,0,1.13,1.134,0.568,0.566,0.568,0.566,1.0025,1,1,655,0,0,3,0,479.83,162.57,25.635,24.3,49.4,1013.1
2026-09-16T15:44:06,629.7,1,Ronda 1,4,Niquelado Químico Watts,292,300,1.13,DC,30.0,85.0,0.0,0,0.0,95.0,4400,0.0,24.0,0.0,0,0.0,105.0,4800,0.0,24.0,0.0,0,0.0,130.0,6000,0.0,29.8,30.0,1,35.0,120.0,5500,157.5,2.05,4.15,0,2,2,98.5,97.9,0,1,0,1.13,1.14,0.571,0.569,0.571,0.569,1.0025,1,1,655,0,0,3,0,480.98,162.95,25.679,24.3,49.4,1013.1
2026-09-16T15:44:06,630.7,1,Ronda 1,4,Niquelado Químico Watts,293,300,1.13,DC,30.0,85.0,0.0,0,0.0,95.0,4400,0.0,24.0,0.0,0,0.0,105.0,4800,0.0,24.0,0.0,0,0.0,130.0,6000,0.0,29.9,30.0,1,35.0,120.0,5500,157.5,2.05,4.15,0,2,2,98.5,97.9,0,1,0,1.13,1.131,0.567,0.564,0.567,0.564,1.0025,1,1,655,0,0,3,0,482.11,163.34,25.722,24.3,49.4,1013.1
2026-09-16T15:44:06,631.7,1,Ronda 1,4,Niquelado Químico Watts,294,300,1.13,DC,30.0,85.0,0.0,0,0.0,95.0,4400,0.0,24.0,0.0,0,0.0,105.0,4800,0.0,24.0,0.0,0,0.0,130.0,6000,0.0,30.1,30.0,1,35.0,120.0,5500,157.5,2.05,4.15,0,2,2,98.5,97.9,0,1,0,1.13,1.137,0.569,0.567,0.569,0.567,1.0025,1,1,655,0,0,3,0,483.24,163.72,25.766,24.3,49.4,1013.1
2026-09-16T15:44:06,632.7,1,Ronda 1,4,Niquelado Químico Watts,295,300,1.13,DC,30.0,85.0,0.0,0,0.0,95.0,4400,0.0,24.0,0.0,0,0.0,105.0,4800,0.0,24.0,0.0,0,0.0,130.0,6000,0.0,30.0,30.0,1,35.0,120.0,5500,157.5,2.05,4.15,0,2,2,98.5,97.9,0,1,0,1.13,1.123,0.563,0.561,0.563,0.561,1.0025,1,1,655,0,0,3,0,484.37,164.1,25.81,24.3,49.4,1013.1
2026-09-16T15:44:06,633.7,1,Ronda 1,4,Niquelado Químico Watts,296,300,1.13,DC,30.0,85.0,0.0,0,0.0,95.0,4400,0.0,24.0,0.0,0,0.0,105.0,4800,0.0,24.0,0.0,0,0.0,130.0,6000,0.0,30.0,30.0,1,35.0,120.0,5500,157.5,2.05,4.15,0,2,2,98.5,97.9,0,1,0,1.13,1.12,0.561,0.559,0.561,0.559,1.0025,1,1,655,0,0,3,0,485.49,164.48,25.854,24.3,49.4,1013.1
2026-09-16T15:44:06,634.7,1,Ronda 1,4,Niquelado Químico Watts,297,300,1.13,DC,30.0,85.0,0.0,0,0.0,95.0,4400,0.0,24.0,0.0,0,0.0,105.0,4800,0.0,24.0,0.0,0,0.0,130.0,6000,0.0,30.2,30.0,1,35.0,120.0,5500,157.5,2.05,4.15,0,2,2,98.5,97.9,0,1,0,1.13,1.135,0.569,0.567,0.569,0.567,1.0025,1,1,655,0,0,3,0,486.62,164.87,25.897,24.3,49.4,1013.1
2026-09-16T15:44:06,635.7,1,Ronda 1,4,Niquelado Químico Watts,298,300,1.13,DC,30.0,85.0,0.0,0,0.0,95.0,4400,0.0,24.0,0.0,0,0.0,105.0,4800,0.0,24.0,0.0,0,0.0,130.0,6000,0.0,30.3,30.0,1,35.0,120.0,5500,157.5,2.05,4.15,0,2,2,98.5,97.9,0,1,0,1.13,1.114,0.558,0.556,0.558,0.556,1.0025,1,1,655,0,0,3,0,487.74,165.24,25.941,24.3,49.4,1013.1
2026-09-16T15:44:06,636.7,1,Ronda 1,4,Niquelado Químico Watts,299,300,1.13,DC,30.0,85.0,0.0,0,0.0,95.0,4400,0.0,24.0,0.0,0,0.0,105.0,4800,0.0,24.0,0.0,0,0.0,130.0,6000,0.0,30.2,30.0,1,35.0,120.0,5500,157.5,2.05,4.15,0,2,2,98.5,97.9,0,1,0,1.13,1.137,0.57,0.568,0.57,0.568,1.0025,1,1,655,0,0,3,0,488.87,165.63,25.985,24.3,49.3,1013.1
