Timestamp_ISO,Tiempo_Relativo_s,Placa_ID,Ronda,Etapa_Num,Etapa_Nombre,Etapa_Tiempo_s,Etapa_Duracion_s,Corriente_Target_A,Modo_Corriente,Temp_SP_Target_C,T1_Limpieza_Temp_C,T1_Limpieza_SP_C,T1_Limpieza_Activo,T1_TRIAC_Potencia_Pct,T1_TRIAC_Alpha_Deg,T1_TRIAC_Delay_us,T1_TRIAC_Watts_W,T2_Decapado_Temp_C,T2_Decapado_SP_C,T2_Decapado_Activo,T2_TRIAC_Potencia_Pct,T2_TRIAC_Alpha_Deg,T2_TRIAC_Delay_us,T2_TRIAC_Watts_W,T3_CeldaHull_Temp_C,T3_CeldaHull_SP_C,T3_CeldaHull_Activo,T3_TRIAC_Potencia_Pct,T3_TRIAC_Alpha_Deg,T3_TRIAC_Delay_us,T3_TRIAC_Watts_W,T4_Niquelado_Temp_C,T4_Niquelado_SP_C,T4_Niquelado_Activo,T4_TRIAC_Potencia_Pct,T4_TRIAC_Alpha_Deg,T4_TRIAC_Delay_us,T4_TRIAC_Watts_W,pH_Tina1,pH_Tina2,pH_Modulo_Activo,pH_Modo_Cal_T1,pH_Modo_Cal_T2,pH_Slope_Pct_T1,pH_Slope_Pct_T2,pH_Interlock_Activo,Fuente_Activa,Fuente_Modo_Pulsado,Fuente_Corriente_Consigna_A,Fuente_Corriente_Real_A,Fuente_Corriente_Shunt1_A,Fuente_Corriente_Shunt2_A,Fuente_Voltaje_Shunt1_V,Fuente_Voltaje_Shunt2_V,Fuente_Factor_Gm,Fuente_Compensacion_Activa,Fuente_Rele_VDD,Fuente_Amplitud_DAC,Fuente_Frecuencia_Hz,Fuente_DutyCycle_Pct,Fuente_PI_Estado,Fuente_Salud_Celda,Carga_Acumulada_Coulombs,Masa_Teorica_Faraday_mg,Energia_Termica_Wh,Ambiente_Temp_C,Ambiente_Humedad_Pct,Ambiente_Presion_hPa
2026-09-14T22:03:00,0.0,1,Ronda 1,1,Limpieza Electrolítica (T1),3,240,0.0,OFF,85.0,24.0,0.0,0,0.0,180.0,8333,0.0,24.0,0.0,0,0.0,180.0,8333,0.0,24.0,0.0,0,0.0,180.0,8333,0.0,24.0,0.0,0,0.0,180.0,8333,0.0,7.0,7.0,0,0,0,100.0,100.0,0,0,0,0.0,0.0,0.0,0.0,0.0,0.0,1.0,0,0,0,0,0,0,0,0.0,0.0,0.0,24.0,50,1013.2
2026-09-14T22:03:04,4.1,1,Ronda 1,1,Limpieza Electrolítica (T1),7,240,0.0,OFF,85.0,24.0,0.0,0,0.0,180.0,8333,0.0,24.0,0.0,0,0.0,180.0,8333,0.0,24.0,0.0,0,0.0,180.0,8333,0.0,24.0,0.0,0,0.0,180.0,8333,0.0,7.0,7.0,0,0,0,100.0,100.0,0,0,0,0.0,0.0,0.0,0.0,0.0,0.0,1.0,0,0,0,0,0,0,0,0.0,0.0,0.0,24.0,50,1013.2
2026-09-14T22:03:08,8.1,1,Ronda 1,1,Limpieza Electrolítica (T1),12,240,0.0,OFF,85.0,24.0,0.0,0,0.0,180.0,8333,0.0,24.0,0.0,0,0.0,180.0,8333,0.0,24.0,0.0,0,0.0,180.0,8333,0.0,24.0,0.0,0,0.0,180.0,8333,0.0,7.0,7.0,0,0,0,100.0,100.0,0,0,0,0.0,0.0,0.0,0.0,0.0,0.0,1.0,0,0,0,0,0,0,0,0.0,0.0,0.0,24.0,50,1013.2
2026-09-14T22:03:12,12.2,1,Ronda 1,1,Limpieza Electrolítica (T1),16,240,0.0,OFF,85.0,24.0,0.0,0,0.0,180.0,8333,0.0,24.0,0.0,0,0.0,180.0,8333,0.0,24.0,0.0,0,0.0,180.0,8333,0.0,24.0,0.0,0,0.0,180.0,8333,0.0,7.0,7.0,0,0,0,100.0,100.0,0,0,0,0.0,0.0,0.0,0.0,0.0,0.0,1.0,0,0,0,0,0,0,0,0.0,0.0,0.0,24.0,50,1013.2
2026-09-14T22:03:16,16.2,1,Ronda 1,1,Limpieza Electrolítica (T1),20,240,0.0,OFF,85.0,24.0,0.0,0,0.0,180.0,8333,0.0,24.0,0.0,0,0.0,180.0,8333,0.0,24.0,0.0,0,0.0,180.0,8333,0.0,24.0,0.0,0,0.0,180.0,8333,0.0,7.0,7.0,0,0,0,100.0,100.0,0,0,0,0.0,0.0,0.0,0.0,0.0,0.0,1.0,0,0,0,0,0,0,0,0.0,0.0,0.0,24.0,50,1013.2
2026-09-14T22:03:20,20.3,1,Ronda 1,1,Limpieza Electrolítica (T1),24,240,0.0,OFF,85.0,24.0,0.0,0,0.0,180.0,8333,0.0,24.0,0.0,0,0.0,180.0,8333,0.0,24.0,0.0,0,0.0,180.0,8333,0.0,24.0,0.0,0,0.0,180.0,8333,0.0,7.0,7.0,0,0,0,100.0,100.0,0,0,0,0.0,0.0,0.0,0.0,0.0,0.0,1.0,0,0,0,0,0,0,0,0.0,0.0,0.0,24.0,50,1013.2
2026-09-14T22:03:24,24.3,1,Ronda 1,1,Limpieza Electrolítica (T1),28,240,0.0,OFF,85.0,24.0,0.0,0,0.0,180.0,8333,0.0,24.0,0.0,0,0.0,180.0,8333,0.0,24.0,0.0,0,0.0,180.0,8333,0.0,24.0,0.0,0,0.0,180.0,8333,0.0,7.0,7.0,0,0,0,100.0,100.0,0,0,0,0.0,0.0,0.0,0.0,0.0,0.0,1.0,0,0,0,0,0,0,0,0.0,0.0,0.0,24.0,50,1013.2
2026-09-14T22:03:28,28.4,1,Ronda 1,1,Limpieza Electrolítica (T1),32,240,0.0,OFF,85.0,24.0,0.0,0,0.0,180.0,8333,0.0,24.0,0.0,0,0.0,180.0,8333,0.0,24.0,0.0,0,0.0,180.0,8333,0.0,24.0,0.0,0,0.0,180.0,8333,0.0,7.0,7.0,0,0,0,100.0,100.0,0,0,0,0.0,0.0,0.0,0.0,0.0,0.0,1.0,0,0,0,0,0,0,0,0.0,0.0,0.0,24.0,50,1013.2
2026-09-14T22:03:32,32.4,1,Ronda 1,1,Limpieza Electrolítica (T1),36,240,0.0,OFF,85.0,24.0,0.0,0,0.0,180.0,8333,0.0,24.0,0.0,0,0.0,180.0,8333,0.0,24.0,0.0,0,0.0,180.0,8333,0.0,24.0,0.0,0,0.0,180.0,8333,0.0,7.0,7.0,0,0,0,100.0,100.0,0,0,0,0.0,0.0,0.0,0.0,0.0,0.0,1.0,0,0,0,0,0,0,0,0.0,0.0,0.0,24.0,50,1013.2
2026-09-14T22:03:36,36.5,1,Ronda 1,1,Limpieza Electrolítica (T1),40,240,0.0,OFF,85.0,24.0,0.0,0,0.0,180.0,8333,0.0,24.0,0.0,0,0.0,180.0,8333,0.0,24.0,0.0,0,0.0,180.0,8333,0.0,24.0,0.0,0,0.0,180.0,8333,0.0,7.0,7.0,0,0,0,100.0,100.0,0,0,0,0.0,0.0,0.0,0.0,0.0,0.0,1.0,0,0,0,0,0,0,0,0.0,0.0,0.0,24.0,50,1013.2
2026-09-14T22:03:40,40.5,1,Ronda 1,1,Limpieza Electrolítica (T1),40,240,0.0,OFF,85.0,48.1,85.0,1,100.0,0.0,0,450.0,48.2,85.0,1,100.0,0.0,0,450.0,24.4,25.0,1,29.0,114.8,5316,5.2,26.4,30.0,1,74.0,61.3,2838,333.0,2.01,4.18,1,2,2,98.4,97.8,0,0,0,0.0,0.0,0.0,0.0,0.0,0.0,1.0,0,0,0,0,0,0,0,0.0,0.0,1.032,23.5,57.7,1013.2
2026-09-14T22:03:41,41.5,1,Ronda 1,1,Limpieza Electrolítica (T1),41,240,0.0,OFF,85.0,48.5,85.0,1,100.0,0.0,0,450.0,48.6,85.0,1,100.0,0.0,0,450.0,24.4,25.0,1,28.0,116.1,5374,5.0,26.4,30.0,1,73.0,62.6,2898,328.5,2.0,4.21,1,2,2,98.4,97.8,0,0,0,0.0,0.0,0.0,0.0,0.0,0.0,1.0,0,0,0,0,0,0,0,0.0,0.0,1.375,23.5,57.9,1013.2
2026-09-14T22:03:42,42.5,1,Ronda 1,1,Limpieza Electrolítica (T1),42,240,0.0,OFF,85.0,49.1,85.0,1,100.0,0.0,0,450.0,49.1,85.0,1,100.0,0.0,0,450.0,24.4,25.0,1,28.0,116.1,5374,5.0,26.4,30.0,1,74.0,61.3,2838,333.0,1.97,4.21,1,2,2,98.4,97.8,0,0,0,0.0,0.0,0.0,0.0,0.0,0.0,1.0,0,0,0,0,0,0,0,0.0,0.0,1.719,23.4,58.3,1013.2
2026-09-14T22:03:43,43.5,1,Ronda 1,1,Limpieza Electrolítica (T1),43,240,0.0,OFF,85.0,49.7,85.0,1,100.0,0.0,0,450.0,49.6,85.0,1,100.0,0.0,0,450.0,24.3,25.0,1,30.0,113.6,5258,5.4,26.4,30.0,1,73.0,62.6,2898,328.5,2.04,4.18,1,2,2,98.4,97.8,0,0,0,0.0,0.0,0.0,0.0,0.0,0.0,1.0,0,0,0,0,0,0,0,0.0,0.0,2.062,23.5,58.2,1013.2
2026-09-14T22:03:44,44.5,1,Ronda 1,1,Limpieza Electrolítica (T1),44,240,0.0,OFF,85.0,50.0,85.0,1,100.0,0.0,0,450.0,50.1,85.0,1,100.0,0.0,0,450.0,24.6,25.0,1,26.0,118.7,5494,4.7,26.5,30.0,1,73.0,62.6,2898,328.5,1.99,4.23,1,2,2,98.4,97.8,0,0,0,0.0,0.0,0.0,0.0,0.0,0.0,1.0,0,0,0,0,0,0,0,0.0,0.0,2.404,23.4,57.9,1013.2
2026-09-14T22:03:45,45.5,1,Ronda 1,1,Limpieza Electrolítica (T1),45,240,0.0,OFF,85.0,50.4,85.0,1,100.0,0.0,0,450.0,50.4,85.0,1,100.0,0.0,0,450.0,24.4,25.0,1,28.0,116.1,5374,5.0,26.6,30.0,1,70.0,66.4,3074,315.0,1.97,4.18,1,2,2,98.4,97.8,0,0,0,0.0,0.0,0.0,0.0,0.0,0.0,1.0,0,0,0,0,0,0,0,0.0,0.0,2.744,23.6,58.1,1013.2
2026-09-14T22:03:46,46.5,1,Ronda 1,1,Limpieza Electrolítica (T1),46,240,0.0,OFF,85.0,50.8,85.0,1,100.0,0.0,0,450.0,51.0,85.0,1,100.0,0.0,0,450.0,24.5,25.0,1,27.0,117.4,5434,4.9,26.7,30.0,1,69.0,67.7,3132,310.5,2.04,4.2,1,2,2,98.4,97.8,0,0,0,0.0,0.0,0.0,0.0,0.0,0.0,1.0,0,0,0,0,0,0,0,0.0,0.0,3.081,23.5,58.1,1013.2
2026-09-14T22:03:47,47.5,1,Ronda 1,1,Limpieza Electrolítica (T1),47,240,0.0,OFF,85.0,51.4,85.0,1,100.0,0.0,0,450.0,51.4,85.0,1,100.0,0.0,0,450.0,24.4,25.0,1,28.0,116.1,5374,5.0,26.8,30.0,1,67.0,70.1,3246,301.5,1.96,4.17,1,2,2,98.4,97.8,0,0,0,0.0,0.0,0.0,0.0,0.0,0.0,1.0,0,0,0,0,0,0,0,0.0,0.0,3.417,23.5,57.8,1013.2
2026-09-14T22:03:48,48.5,1,Ronda 1,1,Limpieza Electrolítica (T1),48,240,0.0,OFF,85.0,51.8,85.0,1,100.0,0.0,0,450.0,51.6,85.0,1,100.0,0.0,0,450.0,24.4,25.0,1,29.0,114.8,5316,5.2,26.8,30.0,1,68.0,68.9,3189,306.0,2.03,4.19,1,2,2,98.4,97.8,0,0,0,0.0,0.0,0.0,0.0,0.0,0.0,1.0,0,0,0,0,0,0,0,0.0,0.0,3.753,23.6,57.9,1013.2
2026-09-14T22:03:49,49.5,1,Ronda 1,1,Limpieza Electrolítica (T1),49,240,0.0,OFF,85.0,52.2,85.0,1,100.0,0.0,0,450.0,52.1,85.0,1,100.0,0.0,0,450.0,24.5,25.0,1,27.0,117.4,5434,4.9,26.6,30.0,1,70.0,66.4,3074,315.0,1.99,4.2,1,2,2,98.4,97.8,0,0,0,0.0,0.0,0.0,0.0,0.0,0.0,1.0,0,0,0,0,0,0,0,0.0,0.0,4.092,23.5,57.5,1013.2
2026-09-14T22:03:50,50.5,1,Ronda 1,1,Limpieza Electrolítica (T1),50,240,0.0,OFF,85.0,52.4,85.0,1,100.0,0.0,0,450.0,52.6,85.0,1,100.0,0.0,0,450.0,24.4,25.0,1,28.0,116.1,5374,5.0,26.7,30.0,1,69.0,67.7,3132,310.5,2.02,4.2,1,2,2,98.4,97.8,0,0,0,0.0,0.0,0.0,0.0,0.0,0.0,1.0,0,0,0,0,0,0,0,0.0,0.0,4.43,23.7,57.9,1013.2
2026-09-14T22:03:51,51.5,1,Ronda 1,1,Limpieza Electrolítica (T1),51,240,0.0,OFF,85.0,52.9,85.0,1,100.0,0.0,0,450.0,53.0,85.0,1,100.0,0.0,0,450.0,24.6,25.0,1,26.0,118.7,5494,4.7,26.9,30.0,1,67.0,70.1,3246,301.5,1.97,4.19,1,2,2,98.4,97.8,0,0,0,0.0,0.0,0.0,0.0,0.0,0.0,1.0,0,0,0,0,0,0,0,0.0,0.0,4.765,23.4,58.0,1013.2
2026-09-14T22:03:52,52.5,1,Ronda 1,1,Limpieza Electrolítica (T1),52,240,0.0,OFF,85.0,53.4,85.0,1,100.0,0.0,0,450.0,53.2,85.0,1,100.0,0.0,0,450.0,24.6,25.0,1,26.0,118.7,5494,4.7,27.0,30.0,1,64.0,73.7,3413,288.0,2.0,4.19,1,2,2,98.4,97.8,0,0,0,0.0,0.0,0.0,0.0,0.0,0.0,1.0,0,0,0,0,0,0,0,0.0,0.0,5.097,23.4,57.7,1013.2
2026-09-14T22:03:53,53.5,1,Ronda 1,1,Limpieza Electrolítica (T1),53,240,0.0,OFF,85.0,53.8,85.0,1,100.0,0.0,0,450.0,53.8,85.0,1,100.0,0.0,0,450.0,24.5,25.0,1,27.0,117.4,5434,4.9,26.8,30.0,1,67.0,70.1,3246,301.5,1.96,4.19,1,2,2,98.4,97.8,0,0,0,0.0,0.0,0.0,0.0,0.0,0.0,1.0,0,0,0,0,0,0,0,0.0,0.0,5.432,23.6,57.6,1013.2
2026-09-14T22:03:54,54.5,1,Ronda 1,1,Limpieza Electrolítica (T1),54,240,0.0,OFF,85.0,54.2,85.0,1,100.0,0.0,0,450.0,54.2,85.0,1,100.0,0.0,0,450.0,24.5,25.0,1,27.0,117.4,5434,4.9,26.9,30.0,1,65.0,72.5,3358,292.5,1.99,4.21,1,2,2,98.4,97.8,0,0,0,0.0,0.0,0.0,0.0,0.0,0.0,1.0,0,0,0,0,0,0,0,0.0,0.0,5.764,23.3,58.1,1013.2
2026-09-14T22:03:55,55.5,1,Ronda 1,1,Limpieza Electrolítica (T1),55,240,0.0,OFF,85.0,54.6,85.0,1,100.0,0.0,0,450.0,54.4,85.0,1,100.0,0.0,0,450.0,24.6,25.0,1,26.0,118.7,5494,4.7,26.9,30.0,1,66.0,71.3,3302,297.0,1.99,4.19,1,2,2,98.4,97.8,0,0,0,0.0,0.0,0.0,0.0,0.0,0.0,1.0,0,0,0,0,0,0,0,0.0,0.0,6.098,23.5,57.7,1013.2
2026-09-14T22:03:56,56.5,1,Ronda 1,1,Limpieza Electrolítica (T1),56,240,0.0,OFF,85.0,55.0,85.0,1,100.0,0.0,0,450.0,55.0,85.0,1,100.0,0.0,0,450.0,24.4,25.0,1,29.0,114.8,5316,5.2,27.2,30.0,1,62.0,76.1,3523,279.0,2.03,4.17,1,2,2,98.4,97.8,0,0,0,0.0,0.0,0.0,0.0,0.0,0.0,1.0,0,0,0,0,0,0,0,0.0,0.0,6.428,23.6,57.8,1013.2
2026-09-14T22:03:57,57.5,1,Ronda 1,1,Limpieza Electrolítica (T1),57,240,0.0,OFF,85.0,55.3,85.0,1,100.0,0.0,0,450.0,55.3,85.0,1,100.0,0.0,0,450.0,24.7,25.0,1,25.0,120.0,5555,4.5,27.1,30.0,1,62.0,76.1,3523,279.0,1.97,4.19,1,2,2,98.4,97.8,0,0,0,0.0,0.0,0.0,0.0,0.0,0.0,1.0,0,0,0,0,0,0,0,0.0,0.0,6.756,23.7,58.4,1013.2
2026-09-14T22:03:58,58.5,1,Ronda 1,1,Limpieza Electrolítica (T1),58,240,0.0,OFF,85.0,55.7,85.0,1,100.0,0.0,0,450.0,55.7,85.0,1,100.0,0.0,0,450.0,24.5,25.0,1,28.0,116.1,5374,5.0,27.2,30.0,1,61.0,77.3,3578,274.5,2.03,4.19,1,2,2,98.4,97.8,0,0,0,0.0,0.0,0.0,0.0,0.0,0.0,1.0,0,0,0,0,0,0,0,0.0,0.0,7.084,23.7,58.0,1013.2
2026-09-14T22:03:59,59.5,1,Ronda 1,1,Limpieza Electrolítica (T1),59,240,0.0,OFF,85.0,56.1,85.0,1,100.0,0.0,0,450.0,55.9,85.0,1,100.0,0.0,0,450.0,24.4,25.0,1,29.0,114.8,5316,5.2,27.0,30.0,1,64.0,73.7,3413,288.0,2.01,4.2,1,2,2,98.4,97.8,0,0,0,0.0,0.0,0.0,0.0,0.0,0.0,1.0,0,0,0,0,0,0,0,0.0,0.0,7.416,23.6,57.9,1013.2
2026-09-14T22:04:00,60.5,1,Ronda 1,1,Limpieza Electrolítica (T1),60,240,0.0,OFF,85.0,56.4,85.0,1,100.0,0.0,0,450.0,56.4,85.0,1,100.0,0.0,0,450.0,24.5,25.0,1,27.0,117.4,5434,4.9,27.3,30.0,1,60.0,78.5,3632,270.0,1.97,4.2,1,2,2,98.4,97.8,0,0,0,0.0,0.0,0.0,0.0,0.0,0.0,1.0,0,0,0,0,0,0,0,0.0,0.0,7.743,23.3,58.5,1013.2
2026-09-14T22:04:01,61.5,1,Ronda 1,1,Limpieza Electrolítica (T1),61,240,0.0,OFF,85.0,56.6,85.0,1,100.0,0.0,0,450.0,56.7,85.0,1,100.0,0.0,0,450.0,24.6,25.0,1,26.0,118.7,5494,4.7,27.3,30.0,1,61.0,77.3,3578,274.5,2.0,4.23,1,2,2,98.4,97.8,0,0,0,0.0,0.0,0.0,0.0,0.0,0.0,1.0,0,0,0,0,0,0,0,0.0,0.0,8.07,23.6,57.6,1013.2
2026-09-14T22:04:02,62.5,1,Ronda 1,1,Limpieza Electrolítica (T1),62,240,0.0,OFF,85.0,57.1,85.0,1,100.0,0.0,0,450.0,57.0,85.0,1,100.0,0.0,0,450.0,24.5,25.0,1,27.0,117.4,5434,4.9,27.4,30.0,1,59.0,79.6,3686,265.5,1.99,4.18,1,2,2,98.4,97.8,0,0,0,0.0,0.0,0.0,0.0,0.0,0.0,1.0,0,0,0,0,0,0,0,0.0,0.0,8.396,23.3,58.2,1013.2
2026-09-14T22:04:03,63.5,1,Ronda 1,1,Limpieza Electrolítica (T1),63,240,0.0,OFF,85.0,57.3,85.0,1,100.0,0.0,0,450.0,57.5,85.0,1,100.0,0.0,0,450.0,24.5,25.0,1,26.0,118.7,5494,4.7,27.2,30.0,1,61.0,77.3,3578,274.5,1.97,4.22,1,2,2,98.4,97.8,0,0,0,0.0,0.0,0.0,0.0,0.0,0.0,1.0,0,0,0,0,0,0,0,0.0,0.0,8.723,23.4,57.6,1013.2
2026-09-14T22:04:04,64.5,1,Ronda 1,1,Limpieza Electrolítica (T1),64,240,0.0,OFF,85.0,57.9,85.0,1,100.0,0.0,0,450.0,57.8,85.0,1,100.0,0.0,0,450.0,24.4,25.0,1,28.0,116.1,5374,5.0,27.4,30.0,1,59.0,79.6,3686,265.5,2.04,4.19,1,2,2,98.4,97.8,0,0,0,0.0,0.0,0.0,0.0,0.0,0.0,1.0,0,0,0,0,0,0,0,0.0,0.0,9.049,23.4,57.9,1013.2
2026-09-14T22:04:05,65.5,1,Ronda 1,1,Limpieza Electrolítica (T1),65,240,0.0,OFF,85.0,58.0,85.0,1,100.0,0.0,0,450.0,58.2,85.0,1,100.0,0.0,0,450.0,24.5,25.0,1,27.0,117.4,5434,4.9,27.3,30.0,1,60.0,78.5,3632,270.0,2.0,4.21,1,2,2,98.4,97.8,0,0,0,0.0,0.0,0.0,0.0,0.0,0.0,1.0,0,0,0,0,0,0,0,0.0,0.0,9.375,23.4,57.9,1013.2
2026-09-14T22:04:06,66.5,1,Ronda 1,1,Limpieza Electrolítica (T1),66,240,0.0,OFF,85.0,58.3,85.0,1,100.0,0.0,0,450.0,58.5,85.0,1,100.0,0.0,0,450.0,24.5,25.0,1,27.0,117.4,5434,4.9,27.4,30.0,1,58.0,80.8,3740,261.0,2.04,4.18,1,2,2,98.4,97.8,0,0,0,0.0,0.0,0.0,0.0,0.0,0.0,1.0,0,0,0,0,0,0,0,0.0,0.0,9.699,23.6,58.1,1013.2
2026-09-14T22:04:07,67.5,1,Ronda 1,1,Limpieza Electrolítica (T1),67,240,0.0,OFF,85.0,58.6,85.0,1,100.0,0.0,0,450.0,58.8,85.0,1,100.0,0.0,0,450.0,24.5,25.0,1,26.0,118.7,5494,4.7,27.6,30.0,1,56.0,83.1,3847,252.0,2.04,4.2,1,2,2,98.4,97.8,0,0,0,0.0,0.0,0.0,0.0,0.0,0.0,1.0,0,0,0,0,0,0,0,0.0,0.0,10.021,23.5,57.9,1013.2
2026-09-14T22:04:08,68.5,1,Ronda 1,1,Limpieza Electrolítica (T1),68,240,0.0,OFF,85.0,59.0,85.0,1,100.0,0.0,0,450.0,59.0,85.0,1,100.0,0.0,0,450.0,24.6,25.0,1,26.0,118.7,5494,4.7,27.3,30.0,1,59.0,79.6,3686,265.5,2.04,4.19,1,2,2,98.4,97.8,0,0,0,0.0,0.0,0.0,0.0,0.0,0.0,1.0,0,0,0,0,0,0,0,0.0,0.0,10.346,23.4,58.0,1013.2
2026-09-14T22:04:09,69.5,1,Ronda 1,1,Limpieza Electrolítica (T1),69,240,0.0,OFF,85.0,59.3,85.0,1,100.0,0.0,0,450.0,59.3,85.0,1,100.0,0.0,0,450.0,24.5,25.0,1,28.0,116.1,5374,5.0,27.6,30.0,1,55.0,84.3,3900,247.5,2.01,4.22,1,2,2,98.4,97.8,0,0,0,0.0,0.0,0.0,0.0,0.0,0.0,1.0,0,0,0,0,0,0,0,0.0,0.0,10.666,23.5,57.6,1013.2
2026-09-14T22:04:10,70.5,1,Ronda 1,1,Limpieza Electrolítica (T1),70,240,0.0,OFF,85.0,59.7,85.0,1,100.0,0.0,0,450.0,59.9,85.0,1,100.0,0.0,0,450.0,24.4,25.0,1,28.0,116.1,5374,5.0,27.5,30.0,1,57.0,82.0,3793,256.5,1.97,4.19,1,2,2,98.4,97.8,0,0,0,0.0,0.0,0.0,0.0,0.0,0.0,1.0,0,0,0,0,0,0,0,0.0,0.0,10.989,23.7,58.2,1013.2
2026-09-14T22:04:11,71.5,1,Ronda 1,1,Limpieza Electrolítica (T1),71,240,0.0,OFF,85.0,59.9,85.0,1,100.0,0.0,0,450.0,60.1,85.0,1,100.0,0.0,0,450.0,24.7,25.0,1,24.0,121.3,5617,4.3,27.5,30.0,1,57.0,82.0,3793,256.5,2.02,4.23,1,2,2,98.4,97.8,0,0,0,0.0,0.0,0.0,0.0,0.0,0.0,1.0,0,0,0,0,0,0,0,0.0,0.0,11.311,23.4,57.6,1013.2
2026-09-14T22:04:12,72.5,1,Ronda 1,1,Limpieza Electrolítica (T1),72,240,0.0,OFF,85.0,60.2,85.0,1,100.0,0.0,0,450.0,60.3,85.0,1,100.0,0.0,0,450.0,24.5,25.0,1,27.0,117.4,5434,4.9,27.4,30.0,1,58.0,80.8,3740,261.0,2.04,4.22,1,2,2,98.4,97.8,0,0,0,0.0,0.0,0.0,0.0,0.0,0.0,1.0,0,0,0,0,0,0,0,0.0,0.0,11.635,23.4,58.4,1013.2
2026-09-14T22:04:13,73.5,1,Ronda 1,1,Limpieza Electrolítica (T1),73,240,0.0,OFF,85.0,60.6,85.0,1,100.0,0.0,0,450.0,60.6,85.0,1,100.0,0.0,0,450.0,24.5,25.0,1,26.0,118.7,5494,4.7,27.7,30.0,1,54.0,85.4,3954,243.0,2.0,4.23,1,2,2,98.4,97.8,0,0,0,0.0,0.0,0.0,0.0,0.0,0.0,1.0,0,0,0,0,0,0,0,0.0,0.0,11.954,23.6,57.8,1013.2
2026-09-14T22:04:14,74.5,1,Ronda 1,1,Limpieza Electrolítica (T1),74,240,0.0,OFF,85.0,61.0,85.0,1,100.0,0.0,0,450.0,60.9,85.0,1,100.0,0.0,0,450.0,24.5,25.0,1,27.0,117.4,5434,4.9,27.5,30.0,1,57.0,82.0,3793,256.5,2.0,4.2,1,2,2,98.4,97.8,0,0,0,0.0,0.0,0.0,0.0,0.0,0.0,1.0,0,0,0,0,0,0,0,0.0,0.0,12.277,23.6,58.0,1013.2
2026-09-14T22:04:15,75.5,1,Ronda 1,1,Limpieza Electrolítica (T1),75,240,0.0,OFF,85.0,61.2,85.0,1,100.0,0.0,0,450.0,61.4,85.0,1,100.0,0.0,0,450.0,24.7,25.0,1,24.0,121.3,5617,4.3,27.8,30.0,1,53.0,86.6,4007,238.5,1.98,4.19,1,2,2,98.4,97.8,0,0,0,0.0,0.0,0.0,0.0,0.0,0.0,1.0,0,0,0,0,0,0,0,0.0,0.0,12.595,23.6,58.0,1013.2
2026-09-14T22:04:16,76.5,1,Ronda 1,1,Limpieza Electrolítica (T1),76,240,0.0,OFF,85.0,61.6,85.0,1,100.0,0.0,0,450.0,61.6,85.0,1,100.0,0.0,0,450.0,24.5,25.0,1,27.0,117.4,5434,4.9,27.8,30.0,1,53.0,86.6,4007,238.5,2.01,4.21,1,2,2,98.4,97.8,0,0,0,0.0,0.0,0.0,0.0,0.0,0.0,1.0,0,0,0,0,0,0,0,0.0,0.0,12.912,23.6,58.1,1013.2
2026-09-14T22:04:17,77.5,1,Ronda 1,1,Limpieza Electrolítica (T1),77,240,0.0,OFF,85.0,61.7,85.0,1,100.0,0.0,0,450.0,61.8,85.0,1,100.0,0.0,0,450.0,24.5,25.0,1,27.0,117.4,5434,4.9,27.7,30.0,1,54.0,85.4,3954,243.0,2.0,4.17,1,2,2,98.4,97.8,0,0,0,0.0,0.0,0.0,0.0,0.0,0.0,1.0,0,0,0,0,0,0,0,0.0,0.0,13.232,23.6,58.2,1013.2
2026-09-14T22:04:18,78.5,1,Ronda 1,1,Limpieza Electrolítica (T1),78,240,0.0,OFF,85.0,62.1,85.0,1,100.0,0.0,0,450.0,62.2,85.0,1,100.0,0.0,0,450.0,24.5,25.0,1,27.0,117.4,5434,4.9,27.7,30.0,1,55.0,84.3,3900,247.5,1.96,4.21,1,2,2,98.4,97.8,0,0,0,0.0,0.0,0.0,0.0,0.0,0.0,1.0,0,0,0,0,0,0,0,0.0,0.0,13.552,23.5,58.4,1013.2
2026-09-14T22:04:19,79.5,1,Ronda 1,1,Limpieza Electrolítica (T1),79,240,0.0,OFF,85.0,62.4,85.0,1,100.0,0.0,0,450.0,62.3,85.0,1,100.0,0.0,0,450.0,24.7,25.0,1,24.0,121.3,5617,4.3,27.8,30.0,1,52.0,87.7,4060,234.0,2.0,4.21,1,2,2,98.4,97.8,0,0,0,0.0,0.0,0.0,0.0,0.0,0.0,1.0,0,0,0,0,0,0,0,0.0,0.0,13.868,23.4,57.9,1013.2
2026-09-14T22:04:20,80.5,1,Ronda 1,1,Limpieza Electrolítica (T1),80,240,0.0,OFF,85.0,62.6,85.0,1,100.0,0.0,0,450.0,62.8,85.0,1,100.0,0.0,0,450.0,24.6,25.0,1,26.0,118.7,5494,4.7,27.8,30.0,1,52.0,87.7,4060,234.0,2.02,4.19,1,2,2,98.4,97.8,0,0,0,0.0,0.0,0.0,0.0,0.0,0.0,1.0,0,0,0,0,0,0,0,0.0,0.0,14.185,23.4,57.9,1013.2
2026-09-14T22:04:21,81.5,1,Ronda 1,1,Limpieza Electrolítica (T1),81,240,0.0,OFF,85.0,62.8,85.0,1,100.0,0.0,0,450.0,62.9,85.0,1,100.0,0.0,0,450.0,24.7,25.0,1,24.0,121.3,5617,4.3,27.9,30.0,1,51.0,88.9,4113,229.5,2.03,4.2,1,2,2,98.4,97.8,0,0,0,0.0,0.0,0.0,0.0,0.0,0.0,1.0,0,0,0,0,0,0,0,0.0,0.0,14.5,23.4,58.0,1013.2
2026-09-14T22:04:22,82.5,1,Ronda 1,1,Limpieza Electrolítica (T1),82,240,0.0,OFF,85.0,63.2,85.0,1,100.0,0.0,0,450.0,63.2,85.0,1,100.0,0.0,0,450.0,24.6,25.0,1,25.0,120.0,5555,4.5,28.0,30.0,1,50.0,90.0,4166,225.0,2.02,4.18,1,2,2,98.4,97.8,0,0,0,0.0,0.0,0.0,0.0,0.0,0.0,1.0,0,0,0,0,0,0,0,0.0,0.0,14.814,23.4,57.9,1013.2
2026-09-14T22:04:23,83.5,1,Ronda 1,1,Limpieza Electrolítica (T1),83,240,0.0,OFF,85.0,63.6,85.0,1,100.0,0.0,0,450.0,63.7,85.0,1,100.0,0.0,0,450.0,24.7,25.0,1,24.0,121.3,5617,4.3,27.7,30.0,1,53.0,86.6,4007,238.5,1.98,4.18,1,2,2,98.4,97.8,0,0,0,0.0,0.0,0.0,0.0,0.0,0.0,1.0,0,0,0,0,0,0,0,0.0,0.0,15.131,23.3,58.1,1013.2
2026-09-14T22:04:24,84.5,1,Ronda 1,1,Limpieza Electrolítica (T1),84,240,0.0,OFF,85.0,63.8,85.0,1,100.0,0.0,0,450.0,63.9,85.0,1,100.0,0.0,0,450.0,24.5,25.0,1,27.0,117.4,5434,4.9,27.9,30.0,1,51.0,88.9,4113,229.5,2.04,4.18,1,2,2,98.4,97.8,0,0,0,0.0,0.0,0.0,0.0,0.0,0.0,1.0,0,0,0,0,0,0,0,0.0,0.0,15.447,23.5,58.1,1013.2
2026-09-14T22:04:25,85.5,1,Ronda 1,1,Limpieza Electrolítica (T1),85,240,0.0,OFF,85.0,64.0,85.0,1,100.0,0.0,0,450.0,64.1,85.0,1,100.0,0.0,0,450.0,24.6,25.0,1,25.0,120.0,5555,4.5,27.8,30.0,1,52.0,87.7,4060,234.0,1.98,4.19,1,2,2,98.4,97.8,0,0,0,0.0,0.0,0.0,0.0,0.0,0.0,1.0,0,0,0,0,0,0,0,0.0,0.0,15.763,23.7,57.6,1013.2
2026-09-14T22:04:26,86.5,1,Ronda 1,1,Limpieza Electrolítica (T1),86,240,0.0,OFF,85.0,64.4,85.0,1,100.0,0.0,0,450.0,64.4,85.0,1,100.0,0.0,0,450.0,24.8,25.0,1,23.0,122.7,5679,4.1,28.0,30.0,1,49.0,91.1,4219,220.5,2.02,4.18,1,2,2,98.4,97.8,0,0,0,0.0,0.0,0.0,0.0,0.0,0.0,1.0,0,0,0,0,0,0,0,0.0,0.0,16.076,23.6,58.0,1013.2
2026-09-14T22:04:27,87.5,1,Ronda 1,1,Limpieza Electrolítica (T1),87,240,0.0,OFF,85.0,64.7,85.0,1,100.0,0.0,0,450.0,64.7,85.0,1,100.0,0.0,0,450.0,24.7,25.0,1,24.0,121.3,5617,4.3,27.9,30.0,1,51.0,88.9,4113,229.5,1.97,4.22,1,2,2,98.4,97.8,0,0,0,0.0,0.0,0.0,0.0,0.0,0.0,1.0,0,0,0,0,0,0,0,0.0,0.0,16.391,23.3,58.5,1013.2
2026-09-14T22:04:28,88.5,1,Ronda 1,1,Limpieza Electrolítica (T1),88,240,0.0,OFF,85.0,64.8,85.0,1,100.0,0.0,0,450.0,64.7,85.0,1,100.0,0.0,0,450.0,24.7,25.0,1,24.0,121.3,5617,4.3,27.9,30.0,1,51.0,88.9,4113,229.5,2.0,4.21,1,2,2,98.4,97.8,0,0,0,0.0,0.0,0.0,0.0,0.0,0.0,1.0,0,0,0,0,0,0,0,0.0,0.0,16.706,23.7,57.6,1013.2
2026-09-14T22:04:29,89.5,1,Ronda 1,1,Limpieza Electrolítica (T1),89,240,0.0,OFF,85.0,65.2,85.0,1,100.0,0.0,0,450.0,65.1,85.0,1,100.0,0.0,0,450.0,24.6,25.0,1,26.0,118.7,5494,4.7,27.9,30.0,1,51.0,88.9,4113,229.5,1.98,4.17,1,2,2,98.4,97.8,0,0,0,0.0,0.0,0.0,0.0,0.0,0.0,1.0,0,0,0,0,0,0,0,0.0,0.0,17.021,23.6,57.7,1013.2
2026-09-14T22:04:30,90.5,1,Ronda 1,1,Limpieza Electrolítica (T1),90,240,0.0,OFF,85.0,65.2,85.0,1,100.0,0.0,0,450.0,65.3,85.0,1,100.0,0.0,0,450.0,24.8,25.0,1,22.0,124.1,5743,4.0,28.1,30.0,1,48.0,92.3,4272,216.0,2.03,4.18,1,2,2,98.4,97.8,0,0,0,0.0,0.0,0.0,0.0,0.0,0.0,1.0,0,0,0,0,0,0,0,0.0,0.0,17.332,23.4,57.8,1013.2
2026-09-14T22:04:31,91.5,1,Ronda 1,1,Limpieza Electrolítica (T1),91,240,0.0,OFF,85.0,65.5,85.0,1,100.0,0.0,0,450.0,65.6,85.0,1,100.0,0.0,0,450.0,24.8,25.0,1,23.0,122.7,5679,4.1,28.1,30.0,1,48.0,92.3,4272,216.0,1.98,4.18,1,2,2,98.4,97.8,0,0,0,0.0,0.0,0.0,0.0,0.0,0.0,1.0,0,0,0,0,0,0,0,0.0,0.0,17.644,23.4,57.6,1013.2
2026-09-14T22:04:32,92.5,1,Ronda 1,1,Limpieza Electrolítica (T1),92,240,0.0,OFF,85.0,65.9,85.0,1,100.0,0.0,0,450.0,65.7,85.0,1,100.0,0.0,0,450.0,24.7,25.0,1,24.0,121.3,5617,4.3,28.1,30.0,1,48.0,92.3,4272,216.0,2.02,4.2,1,2,2,98.4,97.8,0,0,0,0.0,0.0,0.0,0.0,0.0,0.0,1.0,0,0,0,0,0,0,0,0.0,0.0,17.955,23.3,58.1,1013.2
2026-09-14T22:04:33,93.5,1,Ronda 1,1,Limpieza Electrolítica (T1),93,240,0.0,OFF,85.0,66.1,85.0,1,100.0,0.0,0,450.0,66.2,85.0,1,100.0,0.0,0,450.0,24.6,25.0,1,25.0,120.0,5555,4.5,28.2,30.0,1,46.0,94.6,4378,207.0,2.0,4.23,1,2,2,98.4,97.8,0,0,0,0.0,0.0,0.0,0.0,0.0,0.0,1.0,0,0,0,0,0,0,0,0.0,0.0,18.264,23.6,58.1,1013.2
2026-09-14T22:04:34,94.5,1,Ronda 1,1,Limpieza Electrolítica (T1),94,240,0.0,OFF,85.0,66.2,85.0,1,100.0,0.0,0,450.0,66.3,85.0,1,100.0,0.0,0,450.0,24.8,25.0,1,23.0,122.7,5679,4.1,28.3,30.0,1,46.0,94.6,4378,207.0,2.03,4.18,1,2,2,98.4,97.8,0,0,0,0.0,0.0,0.0,0.0,0.0,0.0,1.0,0,0,0,0,0,0,0,0.0,0.0,18.573,23.5,57.6,1013.2
2026-09-14T22:04:35,95.5,1,Ronda 1,1,Limpieza Electrolítica (T1),95,240,0.0,OFF,85.0,66.7,85.0,1,100.0,0.0,0,450.0,66.5,85.0,1,100.0,0.0,0,450.0,24.7,25.0,1,24.0,121.3,5617,4.3,28.2,30.0,1,46.0,94.6,4378,207.0,1.97,4.21,1,2,2,98.4,97.8,0,0,0,0.0,0.0,0.0,0.0,0.0,0.0,1.0,0,0,0,0,0,0,0,0.0,0.0,18.882,23.3,57.9,1013.2
2026-09-14T22:04:36,96.5,1,Ronda 1,1,Limpieza Electrolítica (T1),96,240,0.0,OFF,85.0,66.7,85.0,1,100.0,0.0,0,450.0,66.7,85.0,1,100.0,0.0,0,450.0,24.7,25.0,1,24.0,121.3,5617,4.3,28.3,30.0,1,45.0,95.7,4432,202.5,2.0,4.23,1,2,2,98.4,97.8,0,0,0,0.0,0.0,0.0,0.0,0.0,0.0,1.0,0,0,0,0,0,0,0,0.0,0.0,19.189,23.4,57.5,1013.2
2026-09-14T22:04:37,97.5,1,Ronda 1,1,Limpieza Electrolítica (T1),97,240,0.0,OFF,85.0,66.9,85.0,1,100.0,0.0,0,450.0,66.9,85.0,1,100.0,0.0,0,450.0,24.7,25.0,1,24.0,121.3,5617,4.3,28.2,30.0,1,47.0,93.4,4325,211.5,2.03,4.22,1,2,2,98.4,97.8,0,0,0,0.0,0.0,0.0,0.0,0.0,0.0,1.0,0,0,0,0,0,0,0,0.0,0.0,19.499,23.5,58.1,1013.2
2026-09-14T22:04:38,98.5,1,Ronda 1,1,Limpieza Electrolítica (T1),98,240,0.0,OFF,85.0,67.2,85.0,1,100.0,0.0,0,450.0,67.2,85.0,1,100.0,0.0,0,450.0,24.6,25.0,1,26.0,118.7,5494,4.7,28.2,30.0,1,46.0,94.6,4378,207.0,2.04,4.18,1,2,2,98.4,97.8,0,0,0,0.0,0.0,0.0,0.0,0.0,0.0,1.0,0,0,0,0,0,0,0,0.0,0.0,19.808,23.4,57.7,1013.2
2026-09-14T22:04:39,99.5,1,Ronda 1,1,Limpieza Electrolítica (T1),99,240,0.0,OFF,85.0,67.3,85.0,1,100.0,0.0,0,450.0,67.5,85.0,1,100.0,0.0,0,450.0,24.6,25.0,1,25.0,120.0,5555,4.5,28.3,30.0,1,44.0,96.9,4485,198.0,2.02,4.18,1,2,2,98.4,97.8,0,0,0,0.0,0.0,0.0,0.0,0.0,0.0,1.0,0,0,0,0,0,0,0,0.0,0.0,20.115,23.6,58.0,1013.2
2026-09-14T22:04:40,100.5,1,Ronda 1,1,Limpieza Electrolítica (T1),100,240,0.0,OFF,85.0,67.6,85.0,1,100.0,0.0,0,450.0,67.6,85.0,1,100.0,0.0,0,450.0,24.7,25.0,1,24.0,121.3,5617,4.3,28.4,30.0,1,44.0,96.9,4485,198.0,2.02,4.2,1,2,2,98.4,97.8,0,0,0,0.0,0.0,0.0,0.0,0.0,0.0,1.0,0,0,0,0,0,0,0,0.0,0.0,20.421,23.5,57.8,1013.2
2026-09-14T22:04:41,101.5,1,Ronda 1,1,Limpieza Electrolítica (T1),101,240,0.0,OFF,85.0,67.9,85.0,1,100.0,0.0,0,450.0,67.9,85.0,1,100.0,0.0,0,450.0,24.6,25.0,1,26.0,118.7,5494,4.7,28.3,30.0,1,44.0,96.9,4485,198.0,1.99,4.21,1,2,2,98.4,97.8,0,0,0,0.0,0.0,0.0,0.0,0.0,0.0,1.0,0,0,0,0,0,0,0,0.0,0.0,20.727,23.6,58.2,1013.2
2026-09-14T22:04:42,102.5,1,Ronda 1,1,Limpieza Electrolítica (T1),102,240,0.0,OFF,85.0,68.1,85.0,1,100.0,0.0,0,450.0,68.1,85.0,1,100.0,0.0,0,450.0,24.6,25.0,1,25.0,120.0,5555,4.5,28.4,30.0,1,44.0,96.9,4485,198.0,2.01,4.22,1,2,2,98.4,97.8,0,0,0,0.0,0.0,0.0,0.0,0.0,0.0,1.0,0,0,0,0,0,0,0,0.0,0.0,21.034,23.6,58.2,1013.2
2026-09-14T22:04:43,103.5,1,Ronda 1,1,Limpieza Electrolítica (T1),103,240,0.0,OFF,85.0,68.3,85.0,1,100.0,0.0,0,450.0,68.1,85.0,1,100.0,0.0,0,450.0,24.7,25.0,1,24.0,121.3,5617,4.3,28.2,30.0,1,46.0,94.6,4378,207.0,2.04,4.2,1,2,2,98.4,97.8,0,0,0,0.0,0.0,0.0,0.0,0.0,0.0,1.0,0,0,0,0,0,0,0,0.0,0.0,21.343,23.7,58.3,1013.2
2026-09-14T22:04:44,104.5,1,Ronda 1,1,Limpieza Electrolítica (T1),104,240,0.0,OFF,85.0,68.4,85.0,1,100.0,0.0,0,450.0,68.4,85.0,1,100.0,0.0,0,450.0,24.9,25.0,1,21.0,125.5,5807,3.8,28.2,30.0,1,46.0,94.6,4378,207.0,2.04,4.18,1,2,2,98.4,97.8,0,0,0,0.0,0.0,0.0,0.0,0.0,0.0,1.0,0,0,0,0,0,0,0,0.0,0.0,21.651,23.3,58.2,1013.2
2026-09-14T22:04:45,105.5,1,Ronda 1,1,Limpieza Electrolítica (T1),105,240,0.0,OFF,85.0,68.6,85.0,1,100.0,0.0,0,450.0,68.8,85.0,1,100.0,0.0,0,450.0,24.7,25.0,1,23.0,122.7,5679,4.1,28.4,30.0,1,44.0,96.9,4485,198.0,1.96,4.2,1,2,2,98.4,97.8,0,0,0,0.0,0.0,0.0,0.0,0.0,0.0,1.0,0,0,0,0,0,0,0,0.0,0.0,21.958,23.7,57.9,1013.2
2026-09-14T22:04:46,106.5,1,Ronda 1,1,Limpieza Electrolítica (T1),106,240,0.0,OFF,85.0,68.9,85.0,1,100.0,0.0,0,450.0,68.9,85.0,1,100.0,0.0,0,450.0,24.7,25.0,1,23.0,122.7,5679,4.1,28.5,30.0,1,43.0,98.0,4539,193.5,2.02,4.22,1,2,2,98.4,97.8,0,0,0,0.0,0.0,0.0,0.0,0.0,0.0,1.0,0,0,0,0,0,0,0,0.0,0.0,22.263,23.7,57.7,1013.2
2026-09-14T22:04:47,107.5,1,Ronda 1,1,Limpieza Electrolítica (T1),107,240,0.0,OFF,85.0,69.2,85.0,1,100.0,0.0,0,450.0,69.0,85.0,1,100.0,0.0,0,450.0,24.7,25.0,1,23.0,122.7,5679,4.1,28.3,30.0,1,45.0,95.7,4432,202.5,2.0,4.21,1,2,2,98.4,97.8,0,0,0,0.0,0.0,0.0,0.0,0.0,0.0,1.0,0,0,0,0,0,0,0,0.0,0.0,22.57,23.3,57.9,1013.2
2026-09-14T22:04:48,108.5,1,Ronda 1,1,Limpieza Electrolítica (T1),108,240,0.0,OFF,85.0,69.1,85.0,1,100.0,0.0,0,450.0,69.2,85.0,1,100.0,0.0,0,450.0,24.9,25.0,1,21.0,125.5,5807,3.8,28.5,30.0,1,42.0,99.2,4592,189.0,2.01,4.2,1,2,2,98.4,97.8,0,0,0,0.0,0.0,0.0,0.0,0.0,0.0,1.0,0,0,0,0,0,0,0,0.0,0.0,22.874,23.6,57.5,1013.2
2026-09-14T22:04:49,109.5,1,Ronda 1,1,Limpieza Electrolítica (T1),109,240,0.0,OFF,85.0,69.5,85.0,1,100.0,0.0,0,450.0,69.6,85.0,1,100.0,0.0,0,450.0,24.9,25.0,1,21.0,125.5,5807,3.8,28.4,30.0,1,43.0,98.0,4539,193.5,1.97,4.17,1,2,2,98.4,97.8,0,0,0,0.0,0.0,0.0,0.0,0.0,0.0,1.0,0,0,0,0,0,0,0,0.0,0.0,23.179,23.6,57.6,1013.2
2026-09-14T22:04:50,110.5,1,Ronda 1,1,Limpieza Electrolítica (T1),110,240,0.0,OFF,85.0,69.5,85.0,1,100.0,0.0,0,450.0,69.6,85.0,1,100.0,0.0,0,450.0,24.7,25.0,1,25.0,120.0,5555,4.5,28.6,30.0,1,41.0,100.4,4646,184.5,2.0,4.19,1,2,2,98.4,97.8,0,0,0,0.0,0.0,0.0,0.0,0.0,0.0,1.0,0,0,0,0,0,0,0,0.0,0.0,23.481,23.4,57.6,1013.2
2026-09-14T22:04:51,111.5,1,Ronda 1,1,Limpieza Electrolítica (T1),111,240,0.0,OFF,85.0,69.7,85.0,1,100.0,0.0,0,450.0,69.8,85.0,1,100.0,0.0,0,450.0,24.9,25.0,1,22.0,124.1,5743,4.0,28.6,30.0,1,40.0,101.5,4700,180.0,1.98,4.22,1,2,2,98.4,97.8,0,0,0,0.0,0.0,0.0,0.0,0.0,0.0,1.0,0,0,0,0,0,0,0,0.0,0.0,23.783,23.3,57.9,1013.2
2026-09-14T22:04:52,112.5,1,Ronda 1,1,Limpieza Electrolítica (T1),112,240,0.0,OFF,85.0,69.9,85.0,1,100.0,0.0,0,450.0,70.1,85.0,1,100.0,0.0,0,450.0,24.6,25.0,1,25.0,120.0,5555,4.5,28.7,30.0,1,39.0,102.7,4754,175.5,1.98,4.2,1,2,2,98.4,97.8,0,0,0,0.0,0.0,0.0,0.0,0.0,0.0,1.0,0,0,0,0,0,0,0,0.0,0.0,24.083,23.6,58.3,1013.2
2026-09-14T22:04:53,113.5,1,Ronda 1,1,Limpieza Electrolítica (T1),113,240,0.0,OFF,85.0,70.3,85.0,1,100.0,0.0,0,450.0,70.1,85.0,1,100.0,0.0,0,450.0,24.9,25.0,1,22.0,124.1,5743,4.0,28.5,30.0,1,42.0,99.2,4592,189.0,2.02,4.23,1,2,2,98.4,97.8,0,0,0,0.0,0.0,0.0,0.0,0.0,0.0,1.0,0,0,0,0,0,0,0,0.0,0.0,24.386,23.4,58.2,1013.2
2026-09-14T22:04:54,114.5,1,Ronda 1,1,Limpieza Electrolítica (T1),114,240,0.0,OFF,85.0,70.6,85.0,1,100.0,0.0,0,450.0,70.4,85.0,1,100.0,0.0,0,450.0,24.9,25.0,1,21.0,125.5,5807,3.8,28.5,30.0,1,42.0,99.2,4592,189.0,2.04,4.22,1,2,2,98.4,97.8,0,0,0,0.0,0.0,0.0,0.0,0.0,0.0,1.0,0,0,0,0,0,0,0,0.0,0.0,24.69,23.4,57.7,1013.2
2026-09-14T22:04:55,115.5,1,Ronda 1,1,Limpieza Electrolítica (T1),115,240,0.0,OFF,85.0,70.5,85.0,1,100.0,0.0,0,450.0,70.6,85.0,1,100.0,0.0,0,450.0,24.8,25.0,1,22.0,124.1,5743,4.0,28.6,30.0,1,41.0,100.4,4646,184.5,2.01,4.22,1,2,2,98.4,97.8,0,0,0,0.0,0.0,0.0,0.0,0.0,0.0,1.0,0,0,0,0,0,0,0,0.0,0.0,24.993,23.7,58.1,1013.2
2026-09-14T22:04:56,116.5,1,Ronda 1,1,Limpieza Electrolítica (T1),116,240,0.0,OFF,85.0,70.7,85.0,1,100.0,0.0,0,450.0,70.9,85.0,1,100.0,0.0,0,450.0,24.8,25.0,1,23.0,122.7,5679,4.1,28.6,30.0,1,40.0,101.5,4700,180.0,1.97,4.23,1,2,2,98.4,97.8,0,0,0,0.0,0.0,0.0,0.0,0.0,0.0,1.0,0,0,0,0,0,0,0,0.0,0.0,25.294,23.5,58.3,1013.2
2026-09-14T22:04:57,117.5,1,Ronda 1,1,Limpieza Electrolítica (T1),117,240,0.0,OFF,85.0,70.9,85.0,1,100.0,0.0,0,450.0,70.9,85.0,1,100.0,0.0,0,450.0,24.7,25.0,1,25.0,120.0,5555,4.5,28.6,30.0,1,41.0,100.4,4646,184.5,1.97,4.22,1,2,2,98.4,97.8,0,0,0,0.0,0.0,0.0,0.0,0.0,0.0,1.0,0,0,0,0,0,0,0,0.0,0.0,25.597,23.7,57.7,1013.2
2026-09-14T22:04:58,118.5,1,Ronda 1,1,Limpieza Electrolítica (T1),118,240,0.0,OFF,85.0,71.0,85.0,1,100.0,0.0,0,450.0,71.0,85.0,1,100.0,0.0,0,450.0,24.7,25.0,1,24.0,121.3,5617,4.3,28.6,30.0,1,41.0,100.4,4646,184.5,1.96,4.2,1,2,2,98.4,97.8,0,0,0,0.0,0.0,0.0,0.0,0.0,0.0,1.0,0,0,0,0,0,0,0,0.0,0.0,25.899,23.5,58.0,1013.2
2026-09-14T22:04:59,119.5,1,Ronda 1,1,Limpieza Electrolítica (T1),119,240,0.0,OFF,85.0,71.2,85.0,1,100.0,0.0,0,450.0,71.3,85.0,1,100.0,0.0,0,450.0,24.8,25.0,1,22.0,124.1,5743,4.0,28.7,30.0,1,39.0,102.7,4754,175.5,1.99,4.21,1,2,2,98.4,97.8,0,0,0,0.0,0.0,0.0,0.0,0.0,0.0,1.0,0,0,0,0,0,0,0,0.0,0.0,26.199,23.5,58.4,1013.2
2026-09-14T22:05:00,120.5,1,Ronda 1,1,Limpieza Electrolítica (T1),120,240,0.0,OFF,85.0,71.4,85.0,1,100.0,0.0,0,450.0,71.4,85.0,1,100.0,0.0,0,450.0,24.8,25.0,1,23.0,122.7,5679,4.1,28.6,30.0,1,40.0,101.5,4700,180.0,2.02,4.18,1,2,2,98.4,97.8,0,0,0,0.0,0.0,0.0,0.0,0.0,0.0,1.0,0,0,0,0,0,0,0,0.0,0.0,26.501,23.7,58.0,1013.2
2026-09-14T22:05:01,121.5,1,Ronda 1,1,Limpieza Electrolítica (T1),121,240,0.0,OFF,85.0,71.7,85.0,1,100.0,0.0,0,450.0,71.6,85.0,1,100.0,0.0,0,450.0,24.7,25.0,1,23.0,122.7,5679,4.1,28.8,30.0,1,38.0,103.9,4809,171.0,1.97,4.21,1,2,2,98.4,97.8,0,0,0,0.0,0.0,0.0,0.0,0.0,0.0,1.0,0,0,0,0,0,0,0,0.0,0.0,26.799,23.3,58.4,1013.2
2026-09-14T22:05:02,122.5,1,Ronda 1,1,Limpieza Electrolítica (T1),122,240,0.0,OFF,85.0,71.8,85.0,1,100.0,0.0,0,450.0,71.9,85.0,1,100.0,0.0,0,450.0,24.9,25.0,1,21.0,125.5,5807,3.8,28.8,30.0,1,37.0,105.1,4864,166.5,2.0,4.19,1,2,2,98.4,97.8,0,0,0,0.0,0.0,0.0,0.0,0.0,0.0,1.0,0,0,0,0,0,0,0,0.0,0.0,27.097,23.6,58.4,1013.2
2026-09-14T22:05:03,123.5,1,Ronda 1,1,Limpieza Electrolítica (T1),123,240,0.0,OFF,85.0,72.0,85.0,1,100.0,0.0,0,450.0,72.1,85.0,1,100.0,0.0,0,450.0,24.8,25.0,1,22.0,124.1,5743,4.0,28.8,30.0,1,38.0,103.9,4809,171.0,2.01,4.22,1,2,2,98.4,97.8,0,0,0,0.0,0.0,0.0,0.0,0.0,0.0,1.0,0,0,0,0,0,0,0,0.0,0.0,27.396,23.5,58.3,1013.2
2026-09-14T22:05:04,124.5,1,Ronda 1,1,Limpieza Electrolítica (T1),124,240,0.0,OFF,85.0,72.1,85.0,1,100.0,0.0,0,450.0,72.2,85.0,1,100.0,0.0,0,450.0,24.8,25.0,1,23.0,122.7,5679,4.1,28.7,30.0,1,39.0,102.7,4754,175.5,2.0,4.23,1,2,2,98.4,97.8,0,0,0,0.0,0.0,0.0,0.0,0.0,0.0,1.0,0,0,0,0,0,0,0,0.0,0.0,27.696,23.4,58.4,1013.2
2026-09-14T22:05:05,125.5,1,Ronda 1,1,Limpieza Electrolítica (T1),125,240,0.0,OFF,85.0,72.2,85.0,1,100.0,0.0,0,450.0,72.4,85.0,1,100.0,0.0,0,450.0,24.8,25.0,1,22.0,124.1,5743,4.0,28.8,30.0,1,37.0,105.1,4864,166.5,2.03,4.19,1,2,2,98.4,97.8,0,0,0,0.0,0.0,0.0,0.0,0.0,0.0,1.0,0,0,0,0,0,0,0,0.0,0.0,27.993,23.5,58.4,1013.2
2026-09-14T22:05:06,126.5,1,Ronda 1,1,Limpieza Electrolítica (T1),126,240,0.0,OFF,85.0,72.4,85.0,1,100.0,0.0,0,450.0,72.4,85.0,1,100.0,0.0,0,450.0,24.7,25.0,1,24.0,121.3,5617,4.3,28.7,30.0,1,39.0,102.7,4754,175.5,1.97,4.22,1,2,2,98.4,97.8,0,0,0,0.0,0.0,0.0,0.0,0.0,0.0,1.0,0,0,0,0,0,0,0,0.0,0.0,28.293,23.3,57.8,1013.2
2026-09-14T22:05:07,127.5,1,Ronda 1,1,Limpieza Electrolítica (T1),127,240,0.0,OFF,85.0,72.6,85.0,1,100.0,0.0,0,450.0,72.5,85.0,1,100.0,0.0,0,450.0,24.8,25.0,1,23.0,122.7,5679,4.1,28.9,30.0,1,36.0,106.3,4919,162.0,1.99,4.22,1,2,2,98.4,97.8,0,0,0,0.0,0.0,0.0,0.0,0.0,0.0,1.0,0,0,0,0,0,0,0,0.0,0.0,28.59,23.6,58.4,1013.2
2026-09-14T22:05:08,128.5,1,Ronda 1,1,Limpieza Electrolítica (T1),128,240,0.0,OFF,85.0,72.9,85.0,1,100.0,0.0,0,450.0,72.8,85.0,1,100.0,0.0,0,450.0,24.7,25.0,1,24.0,121.3,5617,4.3,28.8,30.0,1,38.0,103.9,4809,171.0,2.03,4.17,1,2,2,98.4,97.8,0,0,0,0.0,0.0,0.0,0.0,0.0,0.0,1.0,0,0,0,0,0,0,0,0.0,0.0,28.888,23.4,58.5,1013.2
2026-09-14T22:05:09,129.5,1,Ronda 1,1,Limpieza Electrolítica (T1),129,240,0.0,OFF,85.0,72.8,85.0,1,100.0,0.0,0,450.0,72.8,85.0,1,100.0,0.0,0,450.0,24.9,25.0,1,22.0,124.1,5743,4.0,28.8,30.0,1,38.0,103.9,4809,171.0,2.04,4.18,1,2,2,98.4,97.8,0,0,0,0.0,0.0,0.0,0.0,0.0,0.0,1.0,0,0,0,0,0,0,0,0.0,0.0,29.187,23.5,58.3,1013.2
2026-09-14T22:05:10,130.5,1,Ronda 1,1,Limpieza Electrolítica (T1),130,240,0.0,OFF,85.0,73.1,85.0,1,100.0,0.0,0,450.0,73.0,85.0,1,100.0,0.0,0,450.0,24.9,25.0,1,20.0,126.9,5873,3.6,28.9,30.0,1,36.0,106.3,4919,162.0,2.04,4.18,1,2,2,98.4,97.8,0,0,0,0.0,0.0,0.0,0.0,0.0,0.0,1.0,0,0,0,0,0,0,0,0.0,0.0,29.483,23.6,57.9,1013.2
2026-09-14T22:05:11,131.5,1,Ronda 1,1,Limpieza Electrolítica (T1),131,240,0.0,OFF,85.0,73.1,85.0,1,100.0,0.0,0,450.0,73.2,85.0,1,100.0,0.0,0,450.0,24.9,25.0,1,21.0,125.5,5807,3.8,28.9,30.0,1,36.0,106.3,4919,162.0,1.98,4.18,1,2,2,98.4,97.8,0,0,0,0.0,0.0,0.0,0.0,0.0,0.0,1.0,0,0,0,0,0,0,0,0.0,0.0,29.779,23.3,58.1,1013.2
2026-09-14T22:05:12,132.5,1,Ronda 1,1,Limpieza Electrolítica (T1),132,240,0.0,OFF,85.0,73.4,85.0,1,100.0,0.0,0,450.0,73.4,85.0,1,100.0,0.0,0,450.0,24.7,25.0,1,24.0,121.3,5617,4.3,28.9,30.0,1,37.0,105.1,4864,166.5,2.02,4.23,1,2,2,98.4,97.8,0,0,0,0.0,0.0,0.0,0.0,0.0,0.0,1.0,0,0,0,0,0,0,0,0.0,0.0,30.077,23.5,57.8,1013.2
2026-09-14T22:05:13,133.5,1,Ronda 1,1,Limpieza Electrolítica (T1),133,240,0.0,OFF,85.0,73.4,85.0,1,100.0,0.0,0,450.0,73.6,85.0,1,100.0,0.0,0,450.0,24.7,25.0,1,24.0,121.3,5617,4.3,28.9,30.0,1,36.0,106.3,4919,162.0,1.98,4.22,1,2,2,98.4,97.8,0,0,0,0.0,0.0,0.0,0.0,0.0,0.0,1.0,0,0,0,0,0,0,0,0.0,0.0,30.373,23.6,58.2,1013.2
2026-09-14T22:05:14,134.5,1,Ronda 1,1,Limpieza Electrolítica (T1),134,240,0.0,OFF,85.0,73.5,85.0,1,100.0,0.0,0,450.0,73.6,85.0,1,100.0,0.0,0,450.0,24.9,25.0,1,21.0,125.5,5807,3.8,28.8,30.0,1,37.0,105.1,4864,166.5,2.01,4.19,1,2,2,98.4,97.8,0,0,0,0.0,0.0,0.0,0.0,0.0,0.0,1.0,0,0,0,0,0,0,0,0.0,0.0,30.671,23.5,58.4,1013.2
2026-09-14T22:05:15,135.5,1,Ronda 1,1,Limpieza Electrolítica (T1),135,240,0.0,OFF,85.0,73.9,85.0,1,100.0,0.0,0,450.0,73.7,85.0,1,100.0,0.0,0,450.0,24.8,25.0,1,23.0,122.7,5679,4.1,28.9,30.0,1,36.0,106.3,4919,162.0,2.04,4.18,1,2,2,98.4,97.8,0,0,0,0.0,0.0,0.0,0.0,0.0,0.0,1.0,0,0,0,0,0,0,0,0.0,0.0,30.967,23.4,58.2,1013.2
2026-09-14T22:05:16,136.5,1,Ronda 1,1,Limpieza Electrolítica (T1),136,240,0.0,OFF,85.0,73.8,85.0,1,100.0,0.0,0,450.0,73.9,85.0,1,100.0,0.0,0,450.0,24.7,25.0,1,23.0,122.7,5679,4.1,28.8,30.0,1,37.0,105.1,4864,166.5,2.0,4.19,1,2,2,98.4,97.8,0,0,0,0.0,0.0,0.0,0.0,0.0,0.0,1.0,0,0,0,0,0,0,0,0.0,0.0,31.264,23.4,58.1,1013.2
2026-09-14T22:05:17,137.5,1,Ronda 1,1,Limpieza Electrolítica (T1),137,240,0.0,OFF,85.0,73.9,85.0,1,100.0,0.0,0,450.0,74.1,85.0,1,100.0,0.0,0,450.0,24.8,25.0,1,22.0,124.1,5743,4.0,28.9,30.0,1,36.0,106.3,4919,162.0,1.97,4.23,1,2,2,98.4,97.8,0,0,0,0.0,0.0,0.0,0.0,0.0,0.0,1.0,0,0,0,0,0,0,0,0.0,0.0,31.561,23.4,57.8,1013.2
2026-09-14T22:05:18,138.5,1,Ronda 1,1,Limpieza Electrolítica (T1),138,240,0.0,OFF,85.0,74.1,85.0,1,100.0,0.0,0,450.0,74.3,85.0,1,100.0,0.0,0,450.0,24.9,25.0,1,21.0,125.5,5807,3.8,28.9,30.0,1,36.0,106.3,4919,162.0,2.02,4.21,1,2,2,98.4,97.8,0,0,0,0.0,0.0,0.0,0.0,0.0,0.0,1.0,0,0,0,0,0,0,0,0.0,0.0,31.857,23.6,58.2,1013.2
2026-09-14T22:05:19,139.5,1,Ronda 1,1,Limpieza Electrolítica (T1),139,240,0.0,OFF,85.0,74.4,85.0,1,100.0,0.0,0,450.0,74.2,85.0,1,100.0,0.0,0,450.0,24.8,25.0,1,22.0,124.1,5743,4.0,29.0,30.0,1,35.0,107.5,4974,157.5,2.04,4.17,1,2,2,98.4,97.8,0,0,0,0.0,0.0,0.0,0.0,0.0,0.0,1.0,0,0,0,0,0,0,0,0.0,0.0,32.152,23.6,58.2,1013.2
2026-09-14T22:05:20,140.5,1,Ronda 1,1,Limpieza Electrolítica (T1),140,240,0.0,OFF,85.0,74.4,85.0,1,100.0,0.0,0,450.0,74.5,85.0,1,100.0,0.0,0,450.0,24.9,25.0,1,21.0,125.5,5807,3.8,29.0,30.0,1,34.0,108.7,5030,153.0,2.02,4.17,1,2,2,98.4,97.8,0,0,0,0.0,0.0,0.0,0.0,0.0,0.0,1.0,0,0,0,0,0,0,0,0.0,0.0,32.446,23.3,57.9,1013.2
2026-09-14T22:05:21,141.5,1,Ronda 1,1,Limpieza Electrolítica (T1),141,240,0.0,OFF,85.0,74.5,85.0,1,100.0,0.0,0,450.0,74.7,85.0,1,100.0,0.0,0,450.0,24.8,25.0,1,23.0,122.7,5679,4.1,29.0,30.0,1,35.0,107.5,4974,157.5,2.0,4.23,1,2,2,98.4,97.8,0,0,0,0.0,0.0,0.0,0.0,0.0,0.0,1.0,0,0,0,0,0,0,0,0.0,0.0,32.741,23.7,58.1,1013.2
2026-09-14T22:05:22,142.5,1,Ronda 1,1,Limpieza Electrolítica (T1),142,240,0.0,OFF,85.0,74.7,85.0,1,100.0,0.0,0,450.0,74.8,85.0,1,100.0,0.0,0,450.0,24.7,25.0,1,24.0,121.3,5617,4.3,29.0,30.0,1,35.0,107.5,4974,157.5,2.04,4.19,1,2,2,98.4,97.8,0,0,0,0.0,0.0,0.0,0.0,0.0,0.0,1.0,0,0,0,0,0,0,0,0.0,0.0,33.036,23.6,58.3,1013.2
2026-09-14T22:05:23,143.5,1,Ronda 1,1,Limpieza Electrolítica (T1),143,240,0.0,OFF,85.0,74.9,85.0,1,100.0,0.0,0,450.0,74.9,85.0,1,100.0,0.0,0,450.0,24.8,25.0,1,22.0,124.1,5743,4.0,29.0,30.0,1,35.0,107.5,4974,157.5,1.97,4.2,1,2,2,98.4,97.8,0,0,0,0.0,0.0,0.0,0.0,0.0,0.0,1.0,0,0,0,0,0,0,0,0.0,0.0,33.331,23.4,58.0,1013.2
2026-09-14T22:05:24,144.5,1,Ronda 1,1,Limpieza Electrolítica (T1),144,240,0.0,OFF,85.0,74.9,85.0,1,100.0,0.0,0,450.0,74.9,85.0,1,100.0,0.0,0,450.0,24.7,25.0,1,24.0,121.3,5617,4.3,28.9,30.0,1,36.0,106.3,4919,162.0,1.97,4.18,1,2,2,98.4,97.8,0,0,0,0.0,0.0,0.0,0.0,0.0,0.0,1.0,0,0,0,0,0,0,0,0.0,0.0,33.627,23.5,57.5,1013.2
2026-09-14T22:05:25,145.5,1,Ronda 1,1,Limpieza Electrolítica (T1),145,240,0.0,OFF,85.0,75.1,85.0,1,100.0,0.0,0,450.0,75.0,85.0,1,100.0,0.0,0,450.0,24.7,25.0,1,24.0,121.3,5617,4.3,28.9,30.0,1,36.0,106.3,4919,162.0,2.0,4.23,1,2,2,98.4,97.8,0,0,0,0.0,0.0,0.0,0.0,0.0,0.0,1.0,0,0,0,0,0,0,0,0.0,0.0,33.923,23.4,58.3,1013.2
2026-09-14T22:05:26,146.5,1,Ronda 1,1,Limpieza Electrolítica (T1),146,240,0.0,OFF,85.0,75.2,85.0,1,100.0,0.0,0,450.0,75.3,85.0,1,100.0,0.0,0,450.0,24.9,25.0,1,20.0,126.9,5873,3.6,29.0,30.0,1,34.0,108.7,5030,153.0,2.03,4.19,1,2,2,98.4,97.8,0,0,0,0.0,0.0,0.0,0.0,0.0,0.0,1.0,0,0,0,0,0,0,0,0.0,0.0,34.217,23.6,57.6,1013.2
2026-09-14T22:05:27,147.5,1,Ronda 1,1,Limpieza Electrolítica (T1),147,240,0.0,OFF,85.0,75.3,85.0,1,100.0,0.0,0,450.0,75.5,85.0,1,100.0,0.0,0,450.0,24.7,25.0,1,24.0,121.3,5617,4.3,29.1,30.0,1,33.0,109.9,5086,148.5,2.04,4.22,1,2,2,98.4,97.8,0,0,0,0.0,0.0,0.0,0.0,0.0,0.0,1.0,0,0,0,0,0,0,0,0.0,0.0,34.509,23.3,57.9,1013.2
2026-09-14T22:05:28,148.5,1,Ronda 1,1,Limpieza Electrolítica (T1),148,240,0.0,OFF,85.0,75.5,85.0,1,100.0,0.0,0,450.0,75.5,85.0,1,100.0,0.0,0,450.0,24.9,25.0,1,21.0,125.5,5807,3.8,29.1,30.0,1,32.0,111.1,5143,144.0,2.03,4.18,1,2,2,98.4,97.8,0,0,0,0.0,0.0,0.0,0.0,0.0,0.0,1.0,0,0,0,0,0,0,0,0.0,0.0,34.801,23.5,58.4,1013.2
2026-09-14T22:05:29,149.5,1,Ronda 1,1,Limpieza Electrolítica (T1),149,240,0.0,OFF,85.0,75.5,85.0,1,100.0,0.0,0,450.0,75.5,85.0,1,100.0,0.0,0,450.0,24.8,25.0,1,22.0,124.1,5743,4.0,29.0,30.0,1,34.0,108.7,5030,153.0,2.0,4.22,1,2,2,98.4,97.8,0,0,0,0.0,0.0,0.0,0.0,0.0,0.0,1.0,0,0,0,0,0,0,0,0.0,0.0,35.094,23.6,58.2,1013.2
2026-09-14T22:05:30,150.5,1,Ronda 1,1,Limpieza Electrolítica (T1),150,240,0.0,OFF,85.0,75.8,85.0,1,100.0,0.0,0,450.0,75.7,85.0,1,100.0,0.0,0,450.0,24.9,25.0,1,21.0,125.5,5807,3.8,29.2,30.0,1,32.0,111.1,5143,144.0,2.03,4.21,1,2,2,98.4,97.8,0,0,0,0.0,0.0,0.0,0.0,0.0,0.0,1.0,0,0,0,0,0,0,0,0.0,0.0,35.386,23.5,57.5,1013.2
2026-09-14T22:05:31,151.5,1,Ronda 1,1,Limpieza Electrolítica (T1),151,240,0.0,OFF,85.0,75.9,85.0,1,100.0,0.0,0,450.0,75.7,85.0,1,100.0,0.0,0,450.0,24.8,25.0,1,22.0,124.1,5743,4.0,29.1,30.0,1,33.0,109.9,5086,148.5,2.03,4.22,1,2,2,98.4,97.8,0,0,0,0.0,0.0,0.0,0.0,0.0,0.0,1.0,0,0,0,0,0,0,0,0.0,0.0,35.678,23.4,58.5,1013.2
2026-09-14T22:05:32,152.6,1,Ronda 1,1,Limpieza Electrolítica (T1),152,240,0.0,OFF,85.0,75.8,85.0,1,100.0,0.0,0,450.0,75.9,85.0,1,100.0,0.0,0,450.0,24.9,25.0,1,21.0,125.5,5807,3.8,29.2,30.0,1,32.0,111.1,5143,144.0,2.03,4.18,1,2,2,98.4,97.8,0,0,0,0.0,0.0,0.0,0.0,0.0,0.0,1.0,0,0,0,0,0,0,0,0.0,0.0,35.969,23.6,58.4,1013.2
2026-09-14T22:05:33,153.6,1,Ronda 1,1,Limpieza Electrolítica (T1),153,240,0.0,OFF,85.0,76.0,85.0,1,100.0,0.0,0,450.0,75.9,85.0,1,100.0,0.0,0,450.0,24.9,25.0,1,22.0,124.1,5743,4.0,29.2,30.0,1,32.0,111.1,5143,144.0,2.03,4.17,1,2,2,98.4,97.8,0,0,0,0.0,0.0,0.0,0.0,0.0,0.0,1.0,0,0,0,0,0,0,0,0.0,0.0,36.26,23.4,57.7,1013.2
2026-09-14T22:05:34,154.6,1,Ronda 1,1,Limpieza Electrolítica (T1),154,240,0.0,OFF,85.0,76.0,85.0,1,100.0,0.0,0,450.0,76.3,85.0,1,100.0,0.0,0,450.0,24.8,25.0,1,22.0,124.1,5743,4.0,29.1,30.0,1,33.0,109.9,5086,148.5,1.97,4.18,1,2,2,98.4,97.8,0,0,0,0.0,0.0,0.0,0.0,0.0,0.0,1.0,0,0,0,0,0,0,0,0.0,0.0,36.553,23.4,57.7,1013.2
2026-09-14T22:05:35,155.6,1,Ronda 1,1,Limpieza Electrolítica (T1),155,240,0.0,OFF,85.0,76.3,85.0,1,100.0,0.0,0,450.0,76.2,85.0,1,100.0,0.0,0,450.0,24.7,25.0,1,24.0,121.3,5617,4.3,29.1,30.0,1,33.0,109.9,5086,148.5,2.03,4.2,1,2,2,98.4,97.8,0,0,0,0.0,0.0,0.0,0.0,0.0,0.0,1.0,0,0,0,0,0,0,0,0.0,0.0,36.845,23.4,58.3,1013.2
2026-09-14T22:05:36,156.6,1,Ronda 1,1,Limpieza Electrolítica (T1),156,240,0.0,OFF,85.0,76.5,85.0,1,100.0,0.0,0,450.0,76.4,85.0,1,100.0,0.0,0,450.0,24.8,25.0,1,22.0,124.1,5743,4.0,29.1,30.0,1,33.0,109.9,5086,148.5,2.0,4.21,1,2,2,98.4,97.8,0,0,0,0.0,0.0,0.0,0.0,0.0,0.0,1.0,0,0,0,0,0,0,0,0.0,0.0,37.138,23.7,57.7,1013.2
2026-09-14T22:05:37,157.6,1,Ronda 1,1,Limpieza Electrolítica (T1),157,240,0.0,OFF,85.0,76.6,85.0,1,100.0,0.0,0,450.0,76.5,85.0,1,100.0,0.0,0,450.0,25.0,25.0,1,20.0,126.9,5873,3.6,29.2,30.0,1,32.0,111.1,5143,144.0,2.0,4.22,1,2,2,98.4,97.8,0,0,0,0.0,0.0,0.0,0.0,0.0,0.0,1.0,0,0,0,0,0,0,0,0.0,0.0,37.429,23.3,57.9,1013.2
2026-09-14T22:05:38,158.6,1,Ronda 1,1,Limpieza Electrolítica (T1),158,240,0.0,OFF,85.0,76.6,85.0,1,100.0,0.0,0,450.0,76.6,85.0,1,100.0,0.0,0,450.0,25.0,25.0,1,19.0,128.3,5940,3.4,29.1,30.0,1,33.0,109.9,5086,148.5,1.96,4.22,1,2,2,98.4,97.8,0,0,0,0.0,0.0,0.0,0.0,0.0,0.0,1.0,0,0,0,0,0,0,0,0.0,0.0,37.721,23.5,57.9,1013.2
2026-09-14T22:05:39,159.6,1,Ronda 1,1,Limpieza Electrolítica (T1),159,240,0.0,OFF,85.0,76.6,85.0,1,100.0,0.0,0,450.0,76.6,85.0,1,100.0,0.0,0,450.0,25.0,25.0,1,20.0,126.9,5873,3.6,29.3,30.0,1,30.0,113.6,5258,135.0,1.99,4.2,1,2,2,98.4,97.8,0,0,0,0.0,0.0,0.0,0.0,0.0,0.0,1.0,0,0,0,0,0,0,0,0.0,0.0,38.01,23.4,58.1,1013.2
2026-09-14T22:05:40,160.6,1,Ronda 1,1,Limpieza Electrolítica (T1),160,240,0.0,OFF,85.0,76.7,85.0,1,100.0,0.0,0,450.0,76.7,85.0,1,100.0,0.0,0,450.0,24.9,25.0,1,21.0,125.5,5807,3.8,29.1,30.0,1,33.0,109.9,5086,148.5,2.01,4.19,1,2,2,98.4,97.8,0,0,0,0.0,0.0,0.0,0.0,0.0,0.0,1.0,0,0,0,0,0,0,0,0.0,0.0,38.302,23.5,58.2,1013.2
2026-09-14T22:05:41,161.6,1,Ronda 1,1,Limpieza Electrolítica (T1),161,240,0.0,OFF,85.0,76.8,85.0,1,100.0,0.0,0,450.0,76.8,85.0,1,100.0,0.0,0,450.0,24.8,25.0,1,23.0,122.7,5679,4.1,29.2,30.0,1,32.0,111.1,5143,144.0,1.98,4.17,1,2,2,98.4,97.8,0,0,0,0.0,0.0,0.0,0.0,0.0,0.0,1.0,0,0,0,0,0,0,0,0.0,0.0,38.594,23.5,57.9,1013.2
2026-09-14T22:05:42,162.6,1,Ronda 1,1,Limpieza Electrolítica (T1),162,240,0.0,OFF,85.0,77.1,85.0,1,100.0,0.0,0,450.0,76.9,85.0,1,100.0,0.0,0,450.0,24.8,25.0,1,22.0,124.1,5743,4.0,29.2,30.0,1,32.0,111.1,5143,144.0,1.97,4.23,1,2,2,98.4,97.8,0,0,0,0.0,0.0,0.0,0.0,0.0,0.0,1.0,0,0,0,0,0,0,0,0.0,0.0,38.885,23.7,57.7,1013.2
2026-09-14T22:05:43,163.6,1,Ronda 1,1,Limpieza Electrolítica (T1),163,240,0.0,OFF,85.0,77.0,85.0,1,100.0,0.0,0,450.0,77.1,85.0,1,100.0,0.0,0,450.0,24.9,25.0,1,21.0,125.5,5807,3.8,29.1,30.0,1,33.0,109.9,5086,148.5,2.01,4.23,1,2,2,98.4,97.8,0,0,0,0.0,0.0,0.0,0.0,0.0,0.0,1.0,0,0,0,0,0,0,0,0.0,0.0,39.177,23.4,58.2,1013.2
2026-09-14T22:05:44,164.6,1,Ronda 1,1,Limpieza Electrolítica (T1),164,240,0.0,OFF,85.0,77.1,85.0,1,100.0,0.0,0,450.0,77.3,85.0,1,100.0,0.0,0,450.0,24.9,25.0,1,21.0,125.5,5807,3.8,29.4,30.0,1,29.0,114.8,5316,130.5,2.02,4.2,1,2,2,98.4,97.8,0,0,0,0.0,0.0,0.0,0.0,0.0,0.0,1.0,0,0,0,0,0,0,0,0.0,0.0,39.465,23.5,57.9,1013.2
2026-09-14T22:05:45,165.6,1,Ronda 1,1,Limpieza Electrolítica (T1),165,240,0.0,OFF,85.0,77.2,85.0,1,100.0,0.0,0,450.0,77.4,85.0,1,100.0,0.0,0,450.0,24.9,25.0,1,21.0,125.5,5807,3.8,29.3,30.0,1,30.0,113.6,5258,135.0,2.01,4.18,1,2,2,98.4,97.8,0,0,0,0.0,0.0,0.0,0.0,0.0,0.0,1.0,0,0,0,0,0,0,0,0.0,0.0,39.753,23.7,57.7,1013.2
2026-09-14T22:05:46,166.6,1,Ronda 1,1,Limpieza Electrolítica (T1),166,240,0.0,OFF,85.0,77.5,85.0,1,100.0,0.0,0,450.0,77.4,85.0,1,100.0,0.0,0,450.0,24.9,25.0,1,21.0,125.5,5807,3.8,29.2,30.0,1,32.0,111.1,5143,144.0,1.97,4.22,1,2,2,98.4,97.8,0,0,0,0.0,0.0,0.0,0.0,0.0,0.0,1.0,0,0,0,0,0,0,0,0.0,0.0,40.045,23.5,58.5,1013.2
2026-09-14T22:05:47,167.6,1,Ronda 1,1,Limpieza Electrolítica (T1),167,240,0.0,OFF,85.0,77.6,85.0,1,100.0,0.0,0,450.0,77.4,85.0,1,100.0,0.0,0,450.0,25.0,25.0,1,19.0,128.3,5940,3.4,29.3,30.0,1,31.0,112.3,5200,139.5,1.97,4.21,1,2,2,98.4,97.8,0,0,0,0.0,0.0,0.0,0.0,0.0,0.0,1.0,0,0,0,0,0,0,0,0.0,0.0,40.334,23.5,57.9,1013.2
2026-09-14T22:05:48,168.6,1,Ronda 1,1,Limpieza Electrolítica (T1),168,240,0.0,OFF,85.0,77.7,85.0,1,100.0,0.0,0,450.0,77.5,85.0,1,100.0,0.0,0,450.0,24.9,25.0,1,21.0,125.5,5807,3.8,29.4,30.0,1,29.0,114.8,5316,130.5,2.02,4.21,1,2,2,98.4,97.8,0,0,0,0.0,0.0,0.0,0.0,0.0,0.0,1.0,0,0,0,0,0,0,0,0.0,0.0,40.622,23.7,58.0,1013.2
2026-09-14T22:05:49,169.6,1,Ronda 1,1,Limpieza Electrolítica (T1),169,240,0.0,OFF,85.0,77.6,85.0,1,100.0,0.0,0,450.0,77.8,85.0,1,100.0,0.0,0,450.0,24.9,25.0,1,22.0,124.1,5743,4.0,29.2,30.0,1,32.0,111.1,5143,144.0,1.97,4.2,1,2,2,98.4,97.8,0,0,0,0.0,0.0,0.0,0.0,0.0,0.0,1.0,0,0,0,0,0,0,0,0.0,0.0,40.913,23.4,58.1,1013.2
2026-09-14T22:05:50,170.6,1,Ronda 1,1,Limpieza Electrolítica (T1),170,240,0.0,OFF,85.0,77.6,85.0,1,100.0,0.0,0,450.0,77.8,85.0,1,100.0,0.0,0,450.0,24.8,25.0,1,22.0,124.1,5743,4.0,29.3,30.0,1,30.0,113.6,5258,135.0,2.04,4.22,1,2,2,98.4,97.8,0,0,0,0.0,0.0,0.0,0.0,0.0,0.0,1.0,0,0,0,0,0,0,0,0.0,0.0,41.202,23.5,57.9,1013.2
2026-09-14T22:05:51,171.6,1,Ronda 1,1,Limpieza Electrolítica (T1),171,240,0.0,OFF,85.0,77.9,85.0,1,100.0,0.0,0,450.0,77.9,85.0,1,100.0,0.0,0,450.0,24.8,25.0,1,22.0,124.1,5743,4.0,29.4,30.0,1,28.0,116.1,5374,126.0,1.98,4.18,1,2,2,98.4,97.8,0,0,0,0.0,0.0,0.0,0.0,0.0,0.0,1.0,0,0,0,0,0,0,0,0.0,0.0,41.488,23.6,58.4,1013.2
2026-09-14T22:05:52,172.6,1,Ronda 1,1,Limpieza Electrolítica (T1),172,240,0.0,OFF,85.0,77.8,85.0,1,100.0,0.0,0,450.0,78.0,85.0,1,100.0,0.0,0,450.0,24.8,25.0,1,22.0,124.1,5743,4.0,29.3,30.0,1,30.0,113.6,5258,135.0,1.97,4.22,1,2,2,98.4,97.8,0,0,0,0.0,0.0,0.0,0.0,0.0,0.0,1.0,0,0,0,0,0,0,0,0.0,0.0,41.777,23.6,57.7,1013.2
2026-09-14T22:05:53,173.6,1,Ronda 1,1,Limpieza Electrolítica (T1),173,240,0.0,OFF,85.0,77.9,85.0,1,100.0,0.0,0,450.0,78.0,85.0,1,100.0,0.0,0,450.0,24.8,25.0,1,23.0,122.7,5679,4.1,29.4,30.0,1,29.0,114.8,5316,130.5,1.98,4.2,1,2,2,98.4,97.8,0,0,0,0.0,0.0,0.0,0.0,0.0,0.0,1.0,0,0,0,0,0,0,0,0.0,0.0,42.065,23.4,58.3,1013.2
2026-09-14T22:05:54,174.6,1,Ronda 1,1,Limpieza Electrolítica (T1),174,240,0.0,OFF,85.0,78.2,85.0,1,100.0,0.0,0,450.0,78.2,85.0,1,100.0,0.0,0,450.0,24.9,25.0,1,22.0,124.1,5743,4.0,29.4,30.0,1,28.0,116.1,5374,126.0,1.99,4.18,1,2,2,98.4,97.8,0,0,0,0.0,0.0,0.0,0.0,0.0,0.0,1.0,0,0,0,0,0,0,0,0.0,0.0,42.351,23.3,57.8,1013.2
2026-09-14T22:05:55,175.6,1,Ronda 1,1,Limpieza Electrolítica (T1),175,240,0.0,OFF,85.0,78.2,85.0,1,100.0,0.0,0,450.0,78.3,85.0,1,100.0,0.0,0,450.0,24.9,25.0,1,21.0,125.5,5807,3.8,29.3,30.0,1,30.0,113.6,5258,135.0,2.02,4.23,1,2,2,98.4,97.8,0,0,0,0.0,0.0,0.0,0.0,0.0,0.0,1.0,0,0,0,0,0,0,0,0.0,0.0,42.639,23.5,57.6,1013.2
2026-09-14T22:05:56,176.6,1,Ronda 1,1,Limpieza Electrolítica (T1),176,240,0.0,OFF,85.0,78.4,85.0,1,100.0,0.0,0,450.0,78.2,85.0,1,100.0,0.0,0,450.0,25.0,25.0,1,20.0,126.9,5873,3.6,29.4,30.0,1,29.0,114.8,5316,130.5,1.99,4.19,1,2,2,98.4,97.8,0,0,0,0.0,0.0,0.0,0.0,0.0,0.0,1.0,0,0,0,0,0,0,0,0.0,0.0,42.927,23.6,57.6,1013.2
2026-09-14T22:05:57,177.6,1,Ronda 1,1,Limpieza Electrolítica (T1),177,240,0.0,OFF,85.0,78.4,85.0,1,100.0,0.0,0,450.0,78.4,85.0,1,100.0,0.0,0,450.0,25.0,25.0,1,20.0,126.9,5873,3.6,29.4,30.0,1,28.0,116.1,5374,126.0,1.99,4.21,1,2,2,98.4,97.8,0,0,0,0.0,0.0,0.0,0.0,0.0,0.0,1.0,0,0,0,0,0,0,0,0.0,0.0,43.213,23.5,58.2,1013.2
2026-09-14T22:05:58,178.6,1,Ronda 1,1,Limpieza Electrolítica (T1),178,240,0.0,OFF,85.0,78.4,85.0,1,100.0,0.0,0,450.0,78.4,85.0,1,100.0,0.0,0,450.0,24.8,25.0,1,22.0,124.1,5743,4.0,29.5,30.0,1,27.0,117.4,5434,121.5,2.04,4.2,1,2,2,98.4,97.8,0,0,0,0.0,0.0,0.0,0.0,0.0,0.0,1.0,0,0,0,0,0,0,0,0.0,0.0,43.498,23.6,58.5,1013.2
2026-09-14T22:05:59,179.6,1,Ronda 1,1,Limpieza Electrolítica (T1),179,240,0.0,OFF,85.0,78.6,85.0,1,100.0,0.0,0,450.0,78.4,85.0,1,100.0,0.0,0,450.0,24.9,25.0,1,21.0,125.5,5807,3.8,29.5,30.0,1,27.0,117.4,5434,121.5,2.04,4.19,1,2,2,98.4,97.8,0,0,0,0.0,0.0,0.0,0.0,0.0,0.0,1.0,0,0,0,0,0,0,0,0.0,0.0,43.783,23.7,58.1,1013.2
2026-09-14T22:06:00,180.6,1,Ronda 1,1,Limpieza Electrolítica (T1),180,240,0.0,OFF,85.0,78.8,85.0,1,100.0,0.0,0,450.0,78.7,85.0,1,100.0,0.0,0,450.0,24.8,25.0,1,23.0,122.7,5679,4.1,29.2,30.0,1,31.0,112.3,5200,139.5,2.02,4.19,1,2,2,98.4,97.8,0,0,0,0.0,0.0,0.0,0.0,0.0,0.0,1.0,0,0,0,0,0,0,0,0.0,0.0,44.073,23.5,58.0,1013.2
2026-09-14T22:06:01,181.6,1,Ronda 1,1,Limpieza Electrolítica (T1),181,240,0.0,OFF,85.0,78.8,85.0,1,100.0,0.0,0,450.0,78.7,85.0,1,100.0,0.0,0,450.0,24.8,25.0,1,23.0,122.7,5679,4.1,29.4,30.0,1,29.0,114.8,5316,130.5,2.02,4.22,1,2,2,98.4,97.8,0,0,0,0.0,0.0,0.0,0.0,0.0,0.0,1.0,0,0,0,0,0,0,0,0.0,0.0,44.36,23.5,57.8,1013.2
2026-09-14T22:06:02,182.6,1,Ronda 1,1,Limpieza Electrolítica (T1),182,240,0.0,OFF,85.0,78.9,85.0,1,100.0,0.0,0,450.0,78.7,85.0,1,100.0,0.0,0,450.0,25.0,25.0,1,19.0,128.3,5940,3.4,29.5,30.0,1,27.0,117.4,5434,121.5,1.97,4.2,1,2,2,98.4,97.8,0,0,0,0.0,0.0,0.0,0.0,0.0,0.0,1.0,0,0,0,0,0,0,0,0.0,0.0,44.645,23.3,57.6,1013.2
2026-09-14T22:06:03,183.6,1,Ronda 1,1,Limpieza Electrolítica (T1),183,240,0.0,OFF,85.0,78.9,85.0,1,100.0,0.0,0,450.0,78.9,85.0,1,100.0,0.0,0,450.0,24.8,25.0,1,22.0,124.1,5743,4.0,29.5,30.0,1,27.0,117.4,5434,121.5,2.02,4.2,1,2,2,98.4,97.8,0,0,0,0.0,0.0,0.0,0.0,0.0,0.0,1.0,0,0,0,0,0,0,0,0.0,0.0,44.93,23.5,58.5,1013.2
2026-09-14T22:06:04,184.6,1,Ronda 1,1,Limpieza Electrolítica (T1),184,240,0.0,OFF,85.0,78.8,85.0,1,100.0,0.0,0,450.0,79.1,85.0,1,100.0,0.0,0,450.0,24.8,25.0,1,22.0,124.1,5743,4.0,29.3,30.0,1,30.0,113.6,5258,135.0,1.96,4.23,1,2,2,98.4,97.8,0,0,0,0.0,0.0,0.0,0.0,0.0,0.0,1.0,0,0,0,0,0,0,0,0.0,0.0,45.219,23.3,58.3,1013.2
2026-09-14T22:06:05,185.6,1,Ronda 1,1,Limpieza Electrolítica (T1),185,240,0.0,OFF,85.0,79.0,85.0,1,100.0,0.0,0,450.0,79.0,85.0,1,100.0,0.0,0,450.0,24.8,25.0,1,23.0,122.7,5679,4.1,29.3,30.0,1,30.0,113.6,5258,135.0,2.02,4.2,1,2,2,98.4,97.8,0,0,0,0.0,0.0,0.0,0.0,0.0,0.0,1.0,0,0,0,0,0,0,0,0.0,0.0,45.508,23.3,58.2,1013.2
2026-09-14T22:06:06,186.6,1,Ronda 1,1,Limpieza Electrolítica (T1),186,240,0.0,OFF,85.0,79.0,85.0,1,100.0,0.0,0,450.0,79.2,85.0,1,100.0,0.0,0,450.0,24.8,25.0,1,22.0,124.1,5743,4.0,29.4,30.0,1,29.0,114.8,5316,130.5,1.96,4.18,1,2,2,98.4,97.8,0,0,0,0.0,0.0,0.0,0.0,0.0,0.0,1.0,0,0,0,0,0,0,0,0.0,0.0,45.795,23.6,57.8,1013.2
2026-09-14T22:06:07,187.6,1,Ronda 1,1,Limpieza Electrolítica (T1),187,240,0.0,OFF,85.0,79.2,85.0,1,100.0,0.0,0,450.0,79.3,85.0,1,100.0,0.0,0,450.0,24.8,25.0,1,22.0,124.1,5743,4.0,29.3,30.0,1,30.0,113.6,5258,135.0,1.99,4.2,1,2,2,98.4,97.8,0,0,0,0.0,0.0,0.0,0.0,0.0,0.0,1.0,0,0,0,0,0,0,0,0.0,0.0,46.084,23.3,58.3,1013.2
2026-09-14T22:06:08,188.6,1,Ronda 1,1,Limpieza Electrolítica (T1),188,240,0.0,OFF,85.0,79.3,85.0,1,100.0,0.0,0,450.0,79.1,85.0,1,100.0,0.0,0,450.0,24.9,25.0,1,21.0,125.5,5807,3.8,29.3,30.0,1,30.0,113.6,5258,135.0,2.03,4.19,1,2,2,98.4,97.8,0,0,0,0.0,0.0,0.0,0.0,0.0,0.0,1.0,0,0,0,0,0,0,0,0.0,0.0,46.373,23.6,58.4,1013.2
2026-09-14T22:06:09,189.6,1,Ronda 1,1,Limpieza Electrolítica (T1),189,240,0.0,OFF,85.0,79.2,85.0,1,100.0,0.0,0,450.0,79.2,85.0,1,100.0,0.0,0,450.0,24.9,25.0,1,22.0,124.1,5743,4.0,29.4,30.0,1,28.0,116.1,5374,126.0,1.99,4.21,1,2,2,98.4,97.8,0,0,0,0.0,0.0,0.0,0.0,0.0,0.0,1.0,0,0,0,0,0,0,0,0.0,0.0,46.659,23.6,58.5,1013.2
2026-09-14T22:06:10,190.6,1,Ronda 1,1,Limpieza Electrolítica (T1),190,240,0.0,OFF,85.0,79.5,85.0,1,100.0,0.0,0,450.0,79.5,85.0,1,100.0,0.0,0,450.0,24.9,25.0,1,22.0,124.1,5743,4.0,29.5,30.0,1,27.0,117.4,5434,121.5,2.01,4.18,1,2,2,98.4,97.8,0,0,0,0.0,0.0,0.0,0.0,0.0,0.0,1.0,0,0,0,0,0,0,0,0.0,0.0,46.944,23.4,58.5,1013.2
2026-09-14T22:06:11,191.6,1,Ronda 1,1,Limpieza Electrolítica (T1),191,240,0.0,OFF,85.0,79.3,85.0,1,100.0,0.0,0,450.0,79.6,85.0,1,100.0,0.0,0,450.0,24.9,25.0,1,21.0,125.5,5807,3.8,29.5,30.0,1,26.0,118.7,5494,117.0,1.99,4.21,1,2,2,98.4,97.8,0,0,0,0.0,0.0,0.0,0.0,0.0,0.0,1.0,0,0,0,0,0,0,0,0.0,0.0,47.228,23.4,58.2,1013.2
2026-09-14T22:06:12,192.6,1,Ronda 1,1,Limpieza Electrolítica (T1),192,240,0.0,OFF,85.0,79.5,85.0,1,100.0,0.0,0,450.0,79.6,85.0,1,100.0,0.0,0,450.0,25.0,25.0,1,19.0,128.3,5940,3.4,29.3,30.0,1,30.0,113.6,5258,135.0,2.0,4.19,1,2,2,98.4,97.8,0,0,0,0.0,0.0,0.0,0.0,0.0,0.0,1.0,0,0,0,0,0,0,0,0.0,0.0,47.516,23.4,57.6,1013.2
2026-09-14T22:06:13,193.6,1,Ronda 1,1,Limpieza Electrolítica (T1),193,240,0.0,OFF,85.0,79.4,85.0,1,100.0,0.0,0,450.0,79.6,85.0,1,100.0,0.0,0,450.0,24.8,25.0,1,22.0,124.1,5743,4.0,29.5,30.0,1,27.0,117.4,5434,121.5,2.04,4.23,1,2,2,98.4,97.8,0,0,0,0.0,0.0,0.0,0.0,0.0,0.0,1.0,0,0,0,0,0,0,0,0.0,0.0,47.801,23.5,58.1,1013.2
2026-09-14T22:06:14,194.6,1,Ronda 1,1,Limpieza Electrolítica (T1),194,240,0.0,OFF,85.0,79.7,85.0,1,99.0,11.5,531,445.5,79.7,85.0,1,98.0,16.3,752,441.0,24.9,25.0,1,22.0,124.1,5743,4.0,29.5,30.0,1,27.0,117.4,5434,121.5,2.01,4.19,1,2,2,98.4,97.8,0,0,0,0.0,0.0,0.0,0.0,0.0,0.0,1.0,0,0,0,0,0,0,0,0.0,0.0,48.082,23.5,58.3,1013.2
2026-09-14T22:06:15,195.6,1,Ronda 1,1,Limpieza Electrolítica (T1),195,240,0.0,OFF,85.0,79.7,85.0,1,100.0,0.0,0,450.0,79.7,85.0,1,100.0,0.0,0,450.0,24.8,25.0,1,23.0,122.7,5679,4.1,29.5,30.0,1,27.0,117.4,5434,121.5,1.97,4.17,1,2,2,98.4,97.8,0,0,0,0.0,0.0,0.0,0.0,0.0,0.0,1.0,0,0,0,0,0,0,0,0.0,0.0,48.368,23.7,57.6,1013.2
2026-09-14T22:06:16,196.6,1,Ronda 1,1,Limpieza Electrolítica (T1),196,240,0.0,OFF,85.0,79.7,85.0,1,99.0,11.5,531,445.5,79.8,85.0,1,98.0,16.3,752,441.0,25.0,25.0,1,20.0,126.9,5873,3.6,29.5,30.0,1,27.0,117.4,5434,121.5,2.04,4.21,1,2,2,98.4,97.8,0,0,0,0.0,0.0,0.0,0.0,0.0,0.0,1.0,0,0,0,0,0,0,0,0.0,0.0,48.649,23.7,58.2,1013.2
2026-09-14T22:06:17,197.6,1,Ronda 1,1,Limpieza Electrolítica (T1),197,240,0.0,OFF,85.0,79.7,85.0,1,99.0,11.5,531,445.5,79.8,85.0,1,98.0,16.3,752,441.0,24.8,25.0,1,22.0,124.1,5743,4.0,29.4,30.0,1,28.0,116.1,5374,126.0,2.02,4.18,1,2,2,98.4,97.8,0,0,0,0.0,0.0,0.0,0.0,0.0,0.0,1.0,0,0,0,0,0,0,0,0.0,0.0,48.931,23.6,57.6,1013.2
2026-09-14T22:06:18,198.6,1,Ronda 1,1,Limpieza Electrolítica (T1),198,240,0.0,OFF,85.0,79.9,85.0,1,96.0,23.1,1068,432.0,79.9,85.0,1,96.0,23.1,1068,432.0,25.0,25.0,1,20.0,126.9,5873,3.6,29.4,30.0,1,29.0,114.8,5316,130.5,1.99,4.21,1,2,2,98.4,97.8,0,0,0,0.0,0.0,0.0,0.0,0.0,0.0,1.0,0,0,0,0,0,0,0,0.0,0.0,49.209,23.6,58.3,1013.2
2026-09-14T22:06:19,199.6,1,Ronda 1,1,Limpieza Electrolítica (T1),199,240,0.0,OFF,85.0,80.1,85.0,1,93.0,30.7,1420,418.5,79.9,85.0,1,96.0,23.1,1068,432.0,25.0,25.0,1,19.0,128.3,5940,3.4,29.4,30.0,1,29.0,114.8,5316,130.5,1.98,4.18,1,2,2,98.4,97.8,0,0,0,0.0,0.0,0.0,0.0,0.0,0.0,1.0,0,0,0,0,0,0,0,0.0,0.0,49.482,23.4,58.0,1013.2
2026-09-14T22:06:20,200.6,1,Ronda 1,1,Limpieza Electrolítica (T1),200,240,0.0,OFF,85.0,80.0,85.0,1,94.0,28.4,1312,423.0,80.1,85.0,1,94.0,28.4,1312,423.0,24.8,25.0,1,22.0,124.1,5743,4.0,29.5,30.0,1,27.0,117.4,5434,121.5,1.97,4.18,1,2,2,98.4,97.8,0,0,0,0.0,0.0,0.0,0.0,0.0,0.0,1.0,0,0,0,0,0,0,0,0.0,0.0,49.752,23.4,57.7,1013.2
2026-09-14T22:06:21,201.6,1,Ronda 1,1,Limpieza Electrolítica (T1),201,240,0.0,OFF,85.0,80.1,85.0,1,93.0,30.7,1420,418.5,80.2,85.0,1,91.0,34.9,1616,409.5,24.9,25.0,1,20.0,126.9,5873,3.6,29.5,30.0,1,26.0,118.7,5494,117.0,2.01,4.22,1,2,2,98.4,97.8,0,0,0,0.0,0.0,0.0,0.0,0.0,0.0,1.0,0,0,0,0,0,0,0,0.0,0.0,50.016,23.4,57.5,1013.2
2026-09-14T22:06:22,202.6,1,Ronda 1,1,Limpieza Electrolítica (T1),202,240,0.0,OFF,85.0,80.2,85.0,1,92.0,32.9,1521,414.0,80.2,85.0,1,91.0,34.9,1616,409.5,24.8,25.0,1,23.0,122.7,5679,4.1,29.7,30.0,1,24.0,121.3,5617,108.0,1.96,4.19,1,2,2,98.4,97.8,0,0,0,0.0,0.0,0.0,0.0,0.0,0.0,1.0,0,0,0,0,0,0,0,0.0,0.0,50.276,23.3,57.7,1013.2
2026-09-14T22:06:23,203.6,1,Ronda 1,1,Limpieza Electrolítica (T1),203,240,0.0,OFF,85.0,80.3,85.0,1,90.0,36.9,1706,405.0,80.2,85.0,1,92.0,32.9,1521,414.0,24.9,25.0,1,22.0,124.1,5743,4.0,29.4,30.0,1,29.0,114.8,5316,130.5,2.03,4.22,1,2,2,98.4,97.8,0,0,0,0.0,0.0,0.0,0.0,0.0,0.0,1.0,0,0,0,0,0,0,0,0.0,0.0,50.541,23.7,58.0,1013.2
2026-09-14T22:06:24,204.6,1,Ronda 1,1,Limpieza Electrolítica (T1),204,240,0.0,OFF,85.0,80.3,85.0,1,90.0,36.9,1706,405.0,80.3,85.0,1,90.0,36.9,1706,405.0,24.8,25.0,1,22.0,124.1,5743,4.0,29.7,30.0,1,24.0,121.3,5617,108.0,1.96,4.18,1,2,2,98.4,97.8,0,0,0,0.0,0.0,0.0,0.0,0.0,0.0,1.0,0,0,0,0,0,0,0,0.0,0.0,50.797,23.6,57.6,1013.2
2026-09-14T22:06:25,205.6,1,Ronda 1,1,Limpieza Electrolítica (T1),205,240,0.0,OFF,85.0,80.2,85.0,1,91.0,34.9,1616,409.5,80.5,85.0,1,88.0,40.5,1876,396.0,25.0,25.0,1,19.0,128.3,5940,3.4,29.6,30.0,1,26.0,118.7,5494,117.0,2.02,4.21,1,2,2,98.4,97.8,0,0,0,0.0,0.0,0.0,0.0,0.0,0.0,1.0,0,0,0,0,0,0,0,0.0,0.0,51.054,23.5,58.3,1013.2
2026-09-14T22:06:26,206.6,1,Ronda 1,1,Limpieza Electrolítica (T1),206,240,0.0,OFF,85.0,80.4,85.0,1,89.0,38.7,1793,400.5,80.5,85.0,1,88.0,40.5,1876,396.0,24.8,25.0,1,23.0,122.7,5679,4.1,29.7,30.0,1,25.0,120.0,5555,112.5,2.04,4.19,1,2,2,98.4,97.8,0,0,0,0.0,0.0,0.0,0.0,0.0,0.0,1.0,0,0,0,0,0,0,0,0.0,0.0,51.308,23.5,58.5,1013.2
2026-09-14T22:06:27,207.6,1,Ronda 1,1,Limpieza Electrolítica (T1),207,240,0.0,OFF,85.0,80.4,85.0,1,89.0,38.7,1793,400.5,80.3,85.0,1,89.0,38.7,1793,400.5,24.9,25.0,1,21.0,125.5,5807,3.8,29.7,30.0,1,25.0,120.0,5555,112.5,2.0,4.21,1,2,2,98.4,97.8,0,0,0,0.0,0.0,0.0,0.0,0.0,0.0,1.0,0,0,0,0,0,0,0,0.0,0.0,51.563,23.4,58.1,1013.2
2026-09-14T22:06:28,208.6,1,Ronda 1,1,Limpieza Electrolítica (T1),208,240,0.0,OFF,85.0,80.6,85.0,1,85.0,45.6,2109,382.5,80.6,85.0,1,86.0,43.9,2034,387.0,25.0,25.0,1,19.0,128.3,5940,3.4,29.5,30.0,1,27.0,117.4,5434,121.5,2.02,4.17,1,2,2,98.4,97.8,0,0,0,0.0,0.0,0.0,0.0,0.0,0.0,1.0,0,0,0,0,0,0,0,0.0,0.0,51.812,23.6,58.2,1013.2
2026-09-14T22:06:29,209.6,1,Ronda 1,1,Limpieza Electrolítica (T1),209,240,0.0,OFF,85.0,80.5,85.0,1,88.0,40.5,1876,396.0,80.4,85.0,1,88.0,40.5,1876,396.0,25.0,25.0,1,19.0,128.3,5940,3.4,29.5,30.0,1,27.0,117.4,5434,121.5,2.02,4.22,1,2,2,98.4,97.8,0,0,0,0.0,0.0,0.0,0.0,0.0,0.0,1.0,0,0,0,0,0,0,0,0.0,0.0,52.066,23.5,58.3,1013.2
2026-09-14T22:06:30,210.6,1,Ronda 1,1,Limpieza Electrolítica (T1),210,240,0.0,OFF,85.0,80.5,85.0,1,87.0,42.3,1956,391.5,80.8,85.0,1,83.0,48.7,2254,373.5,24.8,25.0,1,22.0,124.1,5743,4.0,29.7,30.0,1,24.0,121.3,5617,108.0,2.03,4.22,1,2,2,98.4,97.8,0,0,0,0.0,0.0,0.0,0.0,0.0,0.0,1.0,0,0,0,0,0,0,0,0.0,0.0,52.31,23.6,57.6,1013.2
2026-09-14T22:06:31,211.6,1,Ronda 1,1,Limpieza Electrolítica (T1),211,240,0.0,OFF,85.0,80.6,85.0,1,85.0,45.6,2109,382.5,80.6,85.0,1,85.0,45.6,2109,382.5,25.0,25.0,1,19.0,128.3,5940,3.4,29.6,30.0,1,26.0,118.7,5494,117.0,1.97,4.22,1,2,2,98.4,97.8,0,0,0,0.0,0.0,0.0,0.0,0.0,0.0,1.0,0,0,0,0,0,0,0,0.0,0.0,52.556,23.6,58.0,1013.2
2026-09-14T22:06:32,212.6,1,Ronda 1,1,Limpieza Electrolítica (T1),212,240,0.0,OFF,85.0,80.7,85.0,1,85.0,45.6,2109,382.5,80.9,85.0,1,82.0,50.2,2324,369.0,24.9,25.0,1,20.0,126.9,5873,3.6,29.6,30.0,1,25.0,120.0,5555,112.5,1.98,4.22,1,2,2,98.4,97.8,0,0,0,0.0,0.0,0.0,0.0,0.0,0.0,1.0,0,0,0,0,0,0,0,0.0,0.0,52.797,23.4,58.0,1013.2
2026-09-14T22:06:33,213.6,1,Ronda 1,1,Limpieza Electrolítica (T1),213,240,0.0,OFF,85.0,80.9,85.0,1,81.0,51.7,2392,364.5,80.7,85.0,1,84.0,47.2,2183,378.0,24.8,25.0,1,23.0,122.7,5679,4.1,29.6,30.0,1,25.0,120.0,5555,112.5,1.98,4.21,1,2,2,98.4,97.8,0,0,0,0.0,0.0,0.0,0.0,0.0,0.0,1.0,0,0,0,0,0,0,0,0.0,0.0,53.036,23.7,58.2,1013.2
2026-09-14T22:06:34,214.6,1,Ronda 1,1,Limpieza Electrolítica (T1),214,240,0.0,OFF,85.0,80.8,85.0,1,82.0,50.2,2324,369.0,80.8,85.0,1,82.0,50.2,2324,369.0,24.9,25.0,1,21.0,125.5,5807,3.8,29.7,30.0,1,24.0,121.3,5617,108.0,2.03,4.21,1,2,2,98.4,97.8,0,0,0,0.0,0.0,0.0,0.0,0.0,0.0,1.0,0,0,0,0,0,0,0,0.0,0.0,53.273,23.7,58.4,1013.2
2026-09-14T22:06:35,215.6,1,Ronda 1,1,Limpieza Electrolítica (T1),215,240,0.0,OFF,85.0,80.8,85.0,1,83.0,48.7,2254,373.5,80.8,85.0,1,83.0,48.7,2254,373.5,24.9,25.0,1,22.0,124.1,5743,4.0,29.5,30.0,1,27.0,117.4,5434,121.5,2.03,4.2,1,2,2,98.4,97.8,0,0,0,0.0,0.0,0.0,0.0,0.0,0.0,1.0,0,0,0,0,0,0,0,0.0,0.0,53.515,23.6,58.2,1013.2
2026-09-14T22:06:36,216.6,1,Ronda 1,1,Limpieza Electrolítica (T1),216,240,0.0,OFF,85.0,80.8,85.0,1,83.0,48.7,2254,373.5,80.9,85.0,1,81.0,51.7,2392,364.5,24.8,25.0,1,22.0,124.1,5743,4.0,29.6,30.0,1,25.0,120.0,5555,112.5,2.0,4.2,1,2,2,98.4,97.8,0,0,0,0.0,0.0,0.0,0.0,0.0,0.0,1.0,0,0,0,0,0,0,0,0.0,0.0,53.753,23.5,58.4,1013.2
2026-09-14T22:06:37,217.6,1,Ronda 1,1,Limpieza Electrolítica (T1),217,240,0.0,OFF,85.0,80.9,85.0,1,81.0,51.7,2392,364.5,81.0,85.0,1,79.0,54.5,2525,355.5,25.1,25.0,1,18.0,129.8,6008,3.2,29.7,30.0,1,24.0,121.3,5617,108.0,2.03,4.22,1,2,2,98.4,97.8,0,0,0,0.0,0.0,0.0,0.0,0.0,0.0,1.0,0,0,0,0,0,0,0,0.0,0.0,53.983,23.5,58.2,1013.2
2026-09-14T22:06:38,218.6,1,Ronda 1,1,Limpieza Electrolítica (T1),218,240,0.0,OFF,85.0,80.9,85.0,1,81.0,51.7,2392,364.5,80.9,85.0,1,81.0,51.7,2392,364.5,24.9,25.0,1,21.0,125.5,5807,3.8,29.5,30.0,1,27.0,117.4,5434,121.5,2.01,4.22,1,2,2,98.4,97.8,0,0,0,0.0,0.0,0.0,0.0,0.0,0.0,1.0,0,0,0,0,0,0,0,0.0,0.0,54.221,23.3,57.9,1013.2
2026-09-14T22:06:39,219.6,1,Ronda 1,1,Limpieza Electrolítica (T1),219,240,0.0,OFF,85.0,81.1,85.0,1,78.0,55.9,2589,351.0,81.0,85.0,1,79.0,54.5,2525,355.5,24.8,25.0,1,22.0,124.1,5743,4.0,29.7,30.0,1,24.0,121.3,5617,108.0,1.96,4.22,1,2,2,98.4,97.8,0,0,0,0.0,0.0,0.0,0.0,0.0,0.0,1.0,0,0,0,0,0,0,0,0.0,0.0,54.448,23.6,58.5,1013.2
2026-09-14T22:06:40,220.6,1,Ronda 1,1,Limpieza Electrolítica (T1),220,240,0.0,OFF,85.0,81.1,85.0,1,78.0,55.9,2589,351.0,81.3,85.0,1,75.0,60.0,2777,337.5,25.0,25.0,1,20.0,126.9,5873,3.6,29.6,30.0,1,26.0,118.7,5494,117.0,2.03,4.17,1,2,2,98.4,97.8,0,0,0,0.0,0.0,0.0,0.0,0.0,0.0,1.0,0,0,0,0,0,0,0,0.0,0.0,54.673,23.7,58.0,1013.2
2026-09-14T22:06:41,221.6,1,Ronda 1,1,Limpieza Electrolítica (T1),221,240,0.0,OFF,85.0,81.0,85.0,1,79.0,54.5,2525,355.5,81.2,85.0,1,77.0,57.3,2653,346.5,24.9,25.0,1,21.0,125.5,5807,3.8,29.6,30.0,1,26.0,118.7,5494,117.0,2.03,4.21,1,2,2,98.4,97.8,0,0,0,0.0,0.0,0.0,0.0,0.0,0.0,1.0,0,0,0,0,0,0,0,0.0,0.0,54.902,23.4,57.8,1013.2
2026-09-14T22:06:42,222.6,1,Ronda 1,1,Limpieza Electrolítica (T1),222,240,0.0,OFF,85.0,81.2,85.0,1,76.0,58.7,2715,342.0,81.2,85.0,1,76.0,58.7,2715,342.0,25.0,25.0,1,19.0,128.3,5940,3.4,29.8,30.0,1,23.0,122.7,5679,103.5,2.0,4.17,1,2,2,98.4,97.8,0,0,0,0.0,0.0,0.0,0.0,0.0,0.0,1.0,0,0,0,0,0,0,0,0.0,0.0,55.122,23.3,58.3,1013.2
2026-09-14T22:06:43,223.6,1,Ronda 1,1,Limpieza Electrolítica (T1),223,240,0.0,OFF,85.0,81.3,85.0,1,75.0,60.0,2777,337.5,81.2,85.0,1,77.0,57.3,2653,346.5,24.9,25.0,1,21.0,125.5,5807,3.8,29.7,30.0,1,24.0,121.3,5617,108.0,1.96,4.2,1,2,2,98.4,97.8,0,0,0,0.0,0.0,0.0,0.0,0.0,0.0,1.0,0,0,0,0,0,0,0,0.0,0.0,55.343,23.4,58.0,1013.2
2026-09-14T22:06:44,224.6,1,Ronda 1,1,Limpieza Electrolítica (T1),224,240,0.0,OFF,85.0,81.4,85.0,1,74.0,61.3,2838,333.0,81.3,85.0,1,76.0,58.7,2715,342.0,25.1,25.0,1,19.0,128.3,5940,3.4,29.7,30.0,1,24.0,121.3,5617,108.0,2.01,4.22,1,2,2,98.4,97.8,0,0,0,0.0,0.0,0.0,0.0,0.0,0.0,1.0,0,0,0,0,0,0,0,0.0,0.0,55.562,23.6,58.2,1013.2
2026-09-14T22:06:45,225.6,1,Ronda 1,1,Limpieza Electrolítica (T1),225,240,0.0,OFF,85.0,81.3,85.0,1,75.0,60.0,2777,337.5,81.5,85.0,1,72.0,63.9,2958,324.0,24.9,25.0,1,21.0,125.5,5807,3.8,29.7,30.0,1,24.0,121.3,5617,108.0,2.02,4.21,1,2,2,98.4,97.8,0,0,0,0.0,0.0,0.0,0.0,0.0,0.0,1.0,0,0,0,0,0,0,0,0.0,0.0,55.776,23.6,58.4,1013.2
2026-09-14T22:06:46,226.6,1,Ronda 1,1,Limpieza Electrolítica (T1),226,240,0.0,OFF,85.0,81.5,85.0,1,72.0,63.9,2958,324.0,81.4,85.0,1,73.0,62.6,2898,328.5,24.9,25.0,1,21.0,125.5,5807,3.8,29.7,30.0,1,24.0,121.3,5617,108.0,2.01,4.21,1,2,2,98.4,97.8,0,0,0,0.0,0.0,0.0,0.0,0.0,0.0,1.0,0,0,0,0,0,0,0,0.0,0.0,55.989,23.6,57.7,1013.2
2026-09-14T22:06:47,227.6,1,Ronda 1,1,Limpieza Electrolítica (T1),227,240,0.0,OFF,85.0,81.6,85.0,1,70.0,66.4,3074,315.0,81.4,85.0,1,74.0,61.3,2838,333.0,25.0,25.0,1,20.0,126.9,5873,3.6,29.5,30.0,1,26.0,118.7,5494,117.0,2.03,4.18,1,2,2,98.4,97.8,0,0,0,0.0,0.0,0.0,0.0,0.0,0.0,1.0,0,0,0,0,0,0,0,0.0,0.0,56.202,23.7,58.1,1013.2
2026-09-14T22:06:48,228.6,1,Ronda 1,1,Limpieza Electrolítica (T1),228,240,0.0,OFF,85.0,81.5,85.0,1,72.0,63.9,2958,324.0,81.4,85.0,1,74.0,61.3,2838,333.0,25.1,25.0,1,18.0,129.8,6008,3.2,29.6,30.0,1,25.0,120.0,5555,112.5,1.97,4.19,1,2,2,98.4,97.8,0,0,0,0.0,0.0,0.0,0.0,0.0,0.0,1.0,0,0,0,0,0,0,0,0.0,0.0,56.417,23.3,57.8,1013.2
2026-09-14T22:06:49,229.6,1,Ronda 1,1,Limpieza Electrolítica (T1),229,240,0.0,OFF,85.0,81.5,85.0,1,72.0,63.9,2958,324.0,81.6,85.0,1,70.0,66.4,3074,315.0,25.0,25.0,1,20.0,126.9,5873,3.6,29.6,30.0,1,25.0,120.0,5555,112.5,1.98,4.18,1,2,2,98.4,97.8,0,0,0,0.0,0.0,0.0,0.0,0.0,0.0,1.0,0,0,0,0,0,0,0,0.0,0.0,56.627,23.4,58.3,1013.2
2026-09-14T22:06:50,230.6,1,Ronda 1,1,Limpieza Electrolítica (T1),230,240,0.0,OFF,85.0,81.5,85.0,1,72.0,63.9,2958,324.0,81.6,85.0,1,71.0,65.2,3016,319.5,24.8,25.0,1,22.0,124.1,5743,4.0,29.7,30.0,1,25.0,120.0,5555,112.5,2.02,4.19,1,2,2,98.4,97.8,0,0,0,0.0,0.0,0.0,0.0,0.0,0.0,1.0,0,0,0,0,0,0,0,0.0,0.0,56.838,23.4,58.5,1013.2
2026-09-14T22:06:51,231.6,1,Ronda 1,1,Limpieza Electrolítica (T1),231,240,0.0,OFF,85.0,81.6,85.0,1,71.0,65.2,3016,319.5,81.5,85.0,1,72.0,63.9,2958,324.0,24.8,25.0,1,22.0,124.1,5743,4.0,29.6,30.0,1,26.0,118.7,5494,117.0,2.0,4.2,1,2,2,98.4,97.8,0,0,0,0.0,0.0,0.0,0.0,0.0,0.0,1.0,0,0,0,0,0,0,0,0.0,0.0,57.051,23.3,57.9,1013.2
2026-09-14T22:06:52,232.6,1,Ronda 1,1,Limpieza Electrolítica (T1),232,240,0.0,OFF,85.0,81.6,85.0,1,71.0,65.2,3016,319.5,81.7,85.0,1,70.0,66.4,3074,315.0,25.1,25.0,1,18.0,129.8,6008,3.2,29.5,30.0,1,26.0,118.7,5494,117.0,1.97,4.19,1,2,2,98.4,97.8,0,0,0,0.0,0.0,0.0,0.0,0.0,0.0,1.0,0,0,0,0,0,0,0,0.0,0.0,57.26,23.4,58.4,1013.2
2026-09-14T22:06:53,233.6,1,Ronda 1,1,Limpieza Electrolítica (T1),233,240,0.0,OFF,85.0,81.8,85.0,1,68.0,68.9,3189,306.0,81.9,85.0,1,67.0,70.1,3246,301.5,24.8,25.0,1,22.0,124.1,5743,4.0,29.7,30.0,1,24.0,121.3,5617,108.0,1.97,4.22,1,2,2,98.4,97.8,0,0,0,0.0,0.0,0.0,0.0,0.0,0.0,1.0,0,0,0,0,0,0,0,0.0,0.0,57.46,23.3,57.8,1013.2
2026-09-14T22:06:54,234.6,1,Ronda 1,1,Limpieza Electrolítica (T1),234,240,0.0,OFF,85.0,81.9,85.0,1,67.0,70.1,3246,301.5,81.7,85.0,1,70.0,66.4,3074,315.0,24.9,25.0,1,22.0,124.1,5743,4.0,29.8,30.0,1,22.0,124.1,5743,99.0,1.96,4.17,1,2,2,98.4,97.8,0,0,0,0.0,0.0,0.0,0.0,0.0,0.0,1.0,0,0,0,0,0,0,0,0.0,0.0,57.66,23.6,58.4,1013.2
2026-09-14T22:06:55,235.6,1,Ronda 1,1,Limpieza Electrolítica (T1),235,240,0.0,OFF,85.0,81.9,85.0,1,65.0,72.5,3358,292.5,81.7,85.0,1,69.0,67.7,3132,310.5,24.8,25.0,1,22.0,124.1,5743,4.0,29.7,30.0,1,24.0,121.3,5617,108.0,2.04,4.18,1,2,2,98.4,97.8,0,0,0,0.0,0.0,0.0,0.0,0.0,0.0,1.0,0,0,0,0,0,0,0,0.0,0.0,57.859,23.6,57.7,1013.2
2026-09-14T22:06:56,236.6,1,Ronda 1,1,Limpieza Electrolítica (T1),236,240,0.0,OFF,85.0,81.8,85.0,1,68.0,68.9,3189,306.0,81.9,85.0,1,67.0,70.1,3246,301.5,25.0,25.0,1,19.0,128.3,5940,3.4,29.6,30.0,1,25.0,120.0,5555,112.5,1.96,4.21,1,2,2,98.4,97.8,0,0,0,0.0,0.0,0.0,0.0,0.0,0.0,1.0,0,0,0,0,0,0,0,0.0,0.0,58.06,23.6,58.5,1013.2
2026-09-14T22:06:57,237.6,1,Ronda 1,1,Limpieza Electrolítica (T1),237,240,0.0,OFF,85.0,81.8,85.0,1,67.0,70.1,3246,301.5,81.7,85.0,1,69.0,67.7,3132,310.5,24.8,25.0,1,22.0,124.1,5743,4.0,29.6,30.0,1,26.0,118.7,5494,117.0,2.03,4.2,1,2,2,98.4,97.8,0,0,0,0.0,0.0,0.0,0.0,0.0,0.0,1.0,0,0,0,0,0,0,0,0.0,0.0,58.264,23.6,57.6,1013.2
2026-09-14T22:06:58,238.6,1,Ronda 1,1,Limpieza Electrolítica (T1),238,240,0.0,OFF,85.0,82.0,85.0,1,64.0,73.7,3413,288.0,81.8,85.0,1,67.0,70.1,3246,301.5,25.0,25.0,1,19.0,128.3,5940,3.4,29.6,30.0,1,26.0,118.7,5494,117.0,2.02,4.18,1,2,2,98.4,97.8,0,0,0,0.0,0.0,0.0,0.0,0.0,0.0,1.0,0,0,0,0,0,0,0,0.0,0.0,58.461,23.6,57.8,1013.2
2026-09-14T22:06:59,239.6,1,Ronda 1,1,Limpieza Electrolítica (T1),239,240,0.0,OFF,85.0,82.1,85.0,1,63.0,74.9,3468,283.5,81.9,85.0,1,66.0,71.3,3302,297.0,24.8,25.0,1,22.0,124.1,5743,4.0,29.6,30.0,1,26.0,118.7,5494,117.0,1.96,4.22,1,2,2,98.4,97.8,0,0,0,0.0,0.0,0.0,0.0,0.0,0.0,1.0,0,0,0,0,0,0,0,0.0,0.0,58.656,23.6,58.4,1013.2
2026-09-14T22:07:00,240.6,1,Ronda 1,1,Limpieza Electrolítica (T1),239,240,0.0,OFF,85.0,82.1,85.0,1,63.0,74.9,3468,283.5,82.0,85.0,1,65.0,72.5,3358,292.5,24.8,25.0,1,22.0,124.1,5743,4.0,29.8,30.0,1,22.0,124.1,5743,99.0,2.03,4.2,1,2,2,98.4,97.8,0,0,0,0.0,0.0,0.0,0.0,0.0,0.0,1.0,0,0,0,0,0,0,0,0.0,0.0,58.845,23.3,58.3,1013.2
2026-09-14T22:07:01,241.6,1,Ronda 1,1,Limpieza Electrolítica (T1),239,240,0.0,OFF,85.0,82.0,85.0,1,65.0,72.5,3358,292.5,82.1,85.0,1,63.0,74.9,3468,283.5,24.8,25.0,1,22.0,124.1,5743,4.0,29.7,30.0,1,24.0,121.3,5617,108.0,1.97,4.22,1,2,2,98.4,97.8,0,0,0,0.0,0.0,0.0,0.0,0.0,0.0,1.0,0,0,0,0,0,0,0,0.0,0.0,59.036,23.4,58.3,1013.2
2026-09-14T22:07:02,242.6,1,Ronda 1,1,Limpieza Electrolítica (T1),239,240,0.0,OFF,85.0,82.1,85.0,1,63.0,74.9,3468,283.5,82.0,85.0,1,65.0,72.5,3358,292.5,25.0,25.0,1,20.0,126.9,5873,3.6,29.6,30.0,1,25.0,120.0,5555,112.5,2.02,4.19,1,2,2,98.4,97.8,0,0,0,0.0,0.0,0.0,0.0,0.0,0.0,1.0,0,0,0,0,0,0,0,0.0,0.0,59.228,23.6,57.8,1013.2
2026-09-14T22:07:03,243.6,1,Ronda 1,1,Limpieza Electrolítica (T1),239,240,0.0,OFF,85.0,82.2,85.0,1,62.0,76.1,3523,279.0,82.1,85.0,1,63.0,74.9,3468,283.5,24.9,25.0,1,22.0,124.1,5743,4.0,29.6,30.0,1,26.0,118.7,5494,117.0,2.0,4.2,1,2,2,98.4,97.8,0,0,0,0.0,0.0,0.0,0.0,0.0,0.0,1.0,0,0,0,0,0,0,0,0.0,0.0,59.418,23.6,58.1,1013.2
2026-09-14T22:07:04,244.6,1,Ronda 1,1,Limpieza Electrolítica (T1),239,240,0.0,OFF,85.0,82.3,85.0,1,60.0,78.5,3632,270.0,82.1,85.0,1,63.0,74.9,3468,283.5,25.0,25.0,1,19.0,128.3,5940,3.4,29.6,30.0,1,26.0,118.7,5494,117.0,2.02,4.21,1,2,2,98.4,97.8,0,0,0,0.0,0.0,0.0,0.0,0.0,0.0,1.0,0,0,0,0,0,0,0,0.0,0.0,59.605,23.4,58.0,1013.2
2026-09-14T22:07:05,245.6,1,Ronda 1,1,Limpieza Electrolítica (T1),239,240,0.0,OFF,85.0,82.2,85.0,1,62.0,76.1,3523,279.0,82.1,85.0,1,64.0,73.7,3413,288.0,24.8,25.0,1,22.0,124.1,5743,4.0,29.7,30.0,1,24.0,121.3,5617,108.0,1.98,4.22,1,2,2,98.4,97.8,0,0,0,0.0,0.0,0.0,0.0,0.0,0.0,1.0,0,0,0,0,0,0,0,0.0,0.0,59.794,23.5,58.3,1013.2
2026-09-14T22:07:06,246.6,1,Ronda 1,1,Limpieza Electrolítica (T1),239,240,0.0,OFF,85.0,82.2,85.0,1,61.0,77.3,3578,274.5,82.1,85.0,1,63.0,74.9,3468,283.5,25.0,25.0,1,19.0,128.3,5940,3.4,29.8,30.0,1,23.0,122.7,5679,103.5,2.02,4.2,1,2,2,98.4,97.8,0,0,0,0.0,0.0,0.0,0.0,0.0,0.0,1.0,0,0,0,0,0,0,0,0.0,0.0,59.979,23.4,57.9,1013.2
2026-09-14T22:07:07,247.6,1,Ronda 1,1,Limpieza Electrolítica (T1),239,240,0.0,OFF,85.0,82.3,85.0,1,60.0,78.5,3632,270.0,82.3,85.0,1,59.0,79.6,3686,265.5,24.8,25.0,1,22.0,124.1,5743,4.0,29.9,30.0,1,22.0,124.1,5743,99.0,1.98,4.21,1,2,2,98.4,97.8,0,0,0,0.0,0.0,0.0,0.0,0.0,0.0,1.0,0,0,0,0,0,0,0,0.0,0.0,60.156,23.5,57.6,1013.2
2026-09-14T22:07:08,248.6,1,Ronda 1,1,Limpieza Electrolítica (T1),239,240,0.0,OFF,85.0,82.3,85.0,1,61.0,77.3,3578,274.5,82.2,85.0,1,62.0,76.1,3523,279.0,25.0,25.0,1,19.0,128.3,5940,3.4,29.8,30.0,1,23.0,122.7,5679,103.5,2.0,4.18,1,2,2,98.4,97.8,0,0,0,0.0,0.0,0.0,0.0,0.0,0.0,1.0,0,0,0,0,0,0,0,0.0,0.0,60.34,23.4,57.8,1013.2
2026-09-14T22:07:09,249.6,1,Ronda 1,1,Limpieza Electrolítica (T1),239,240,0.0,OFF,85.0,82.4,85.0,1,58.0,80.8,3740,261.0,82.2,85.0,1,61.0,77.3,3578,274.5,25.1,25.0,1,18.0,129.8,6008,3.2,29.6,30.0,1,25.0,120.0,5555,112.5,1.98,4.18,1,2,2,98.4,97.8,0,0,0,0.0,0.0,0.0,0.0,0.0,0.0,1.0,0,0,0,0,0,0,0,0.0,0.0,60.521,23.6,58.0,1013.2
2026-09-14T22:07:10,250.6,1,Ronda 1,1,Limpieza Electrolítica (T1),239,240,0.0,OFF,85.0,82.5,85.0,1,58.0,80.8,3740,261.0,82.4,85.0,1,58.0,80.8,3740,261.0,24.9,25.0,1,20.0,126.9,5873,3.6,29.6,30.0,1,25.0,120.0,5555,112.5,2.0,4.21,1,2,2,98.4,97.8,0,0,0,0.0,0.0,0.0,0.0,0.0,0.0,1.0,0,0,0,0,0,0,0,0.0,0.0,60.698,23.3,57.6,1013.2
2026-09-14T22:07:11,251.6,1,Ronda 1,1,Limpieza Electrolítica (T1),239,240,0.0,OFF,85.0,82.2,85.0,1,61.0,77.3,3578,274.5,82.2,85.0,1,61.0,77.3,3578,274.5,24.8,25.0,1,22.0,124.1,5743,4.0,29.7,30.0,1,25.0,120.0,5555,112.5,1.98,4.2,1,2,2,98.4,97.8,0,0,0,0.0,0.0,0.0,0.0,0.0,0.0,1.0,0,0,0,0,0,0,0,0.0,0.0,60.883,23.6,58.1,1013.2
2026-09-14T22:07:12,252.6,1,Ronda 1,1,Limpieza Electrolítica (T1),239,240,0.0,OFF,85.0,82.4,85.0,1,58.0,80.8,3740,261.0,82.5,85.0,1,58.0,80.8,3740,261.0,24.8,25.0,1,22.0,124.1,5743,4.0,29.8,30.0,1,23.0,122.7,5679,103.5,1.97,4.18,1,2,2,98.4,97.8,0,0,0,0.0,0.0,0.0,0.0,0.0,0.0,1.0,0,0,0,0,0,0,0,0.0,0.0,61.058,23.5,57.6,1013.2
2026-09-14T22:07:13,253.6,1,Ronda 1,1,Limpieza Electrolítica (T1),239,240,0.0,OFF,85.0,82.5,85.0,1,58.0,80.8,3740,261.0,82.3,85.0,1,60.0,78.5,3632,270.0,24.9,25.0,1,21.0,125.5,5807,3.8,29.8,30.0,1,23.0,122.7,5679,103.5,2.01,4.18,1,2,2,98.4,97.8,0,0,0,0.0,0.0,0.0,0.0,0.0,0.0,1.0,0,0,0,0,0,0,0,0.0,0.0,61.236,23.7,57.7,1013.2
2026-09-14T22:07:14,254.6,1,Ronda 1,1,Limpieza Electrolítica (T1),239,240,0.0,OFF,85.0,82.6,85.0,1,55.0,84.3,3900,247.5,82.5,85.0,1,57.0,82.0,3793,256.5,25.0,25.0,1,20.0,126.9,5873,3.6,29.6,30.0,1,25.0,120.0,5555,112.5,2.0,4.21,1,2,2,98.4,97.8,0,0,0,0.0,0.0,0.0,0.0,0.0,0.0,1.0,0,0,0,0,0,0,0,0.0,0.0,61.408,23.5,58.0,1013.2
2026-09-14T22:07:15,255.6,1,Ronda 1,1,Limpieza Electrolítica (T1),239,240,0.0,OFF,85.0,82.5,85.0,1,57.0,82.0,3793,256.5,82.4,85.0,1,58.0,80.8,3740,261.0,25.1,25.0,1,18.0,129.8,6008,3.2,29.7,30.0,1,23.0,122.7,5679,103.5,2.03,4.21,1,2,2,98.4,97.8,0,0,0,0.0,0.0,0.0,0.0,0.0,0.0,1.0,0,0,0,0,0,0,0,0.0,0.0,61.581,23.4,57.5,1013.2
2026-09-14T22:07:16,256.6,1,Ronda 1,1,Limpieza Electrolítica (T1),239,240,0.0,OFF,85.0,82.4,85.0,1,58.0,80.8,3740,261.0,82.4,85.0,1,58.0,80.8,3740,261.0,24.8,25.0,1,22.0,124.1,5743,4.0,29.8,30.0,1,22.0,124.1,5743,99.0,1.97,4.2,1,2,2,98.4,97.8,0,0,0,0.0,0.0,0.0,0.0,0.0,0.0,1.0,0,0,0,0,0,0,0,0.0,0.0,61.755,23.6,58.2,1013.2
2026-09-14T22:07:17,257.6,1,Ronda 1,1,Limpieza Electrolítica (T1),239,240,0.0,OFF,85.0,82.5,85.0,1,57.0,82.0,3793,256.5,82.5,85.0,1,57.0,82.0,3793,256.5,24.9,25.0,1,20.0,126.9,5873,3.6,29.7,30.0,1,24.0,121.3,5617,108.0,2.01,4.22,1,2,2,98.4,97.8,0,0,0,0.0,0.0,0.0,0.0,0.0,0.0,1.0,0,0,0,0,0,0,0,0.0,0.0,61.929,23.7,58.4,1013.2
2026-09-14T22:07:18,258.6,1,Ronda 1,1,Limpieza Electrolítica (T1),239,240,0.0,OFF,85.0,82.5,85.0,1,57.0,82.0,3793,256.5,82.7,85.0,1,54.0,85.4,3954,243.0,24.8,25.0,1,22.0,124.1,5743,4.0,29.8,30.0,1,22.0,124.1,5743,99.0,2.01,4.18,1,2,2,98.4,97.8,0,0,0,0.0,0.0,0.0,0.0,0.0,0.0,1.0,0,0,0,0,0,0,0,0.0,0.0,62.096,23.3,58.3,1013.2
2026-09-14T22:07:19,259.6,1,Ronda 1,1,Limpieza Electrolítica (T1),239,240,0.0,OFF,85.0,82.7,85.0,1,53.0,86.6,4007,238.5,82.6,85.0,1,55.0,84.3,3900,247.5,25.0,25.0,1,20.0,126.9,5873,3.6,29.8,30.0,1,22.0,124.1,5743,99.0,1.97,4.22,1,2,2,98.4,97.8,0,0,0,0.0,0.0,0.0,0.0,0.0,0.0,1.0,0,0,0,0,0,0,0,0.0,0.0,62.26,23.3,58.1,1013.2
2026-09-14T22:07:20,260.6,1,Ronda 1,1,Limpieza Electrolítica (T1),239,240,0.0,OFF,85.0,82.7,85.0,1,54.0,85.4,3954,243.0,82.7,85.0,1,54.0,85.4,3954,243.0,24.9,25.0,1,22.0,124.1,5743,4.0,29.8,30.0,1,22.0,124.1,5743,99.0,2.01,4.21,1,2,2,98.4,97.8,0,0,0,0.0,0.0,0.0,0.0,0.0,0.0,1.0,0,0,0,0,0,0,0,0.0,0.0,62.423,23.6,57.9,1013.2
2026-09-14T22:07:21,261.6,1,Ronda 1,1,Limpieza Electrolítica (T1),239,240,0.0,OFF,85.0,82.7,85.0,1,54.0,85.4,3954,243.0,82.6,85.0,1,56.0,83.1,3847,252.0,24.8,25.0,1,22.0,124.1,5743,4.0,29.7,30.0,1,24.0,121.3,5617,108.0,2.0,4.19,1,2,2,98.4,97.8,0,0,0,0.0,0.0,0.0,0.0,0.0,0.0,1.0,0,0,0,0,0,0,0,0.0,0.0,62.592,23.6,58.5,1013.2
2026-09-14T22:07:22,262.6,1,Ronda 1,1,Limpieza Electrolítica (T1),239,240,0.0,OFF,85.0,82.8,85.0,1,53.0,86.6,4007,238.5,82.6,85.0,1,55.0,84.3,3900,247.5,25.0,25.0,1,20.0,126.9,5873,3.6,29.8,30.0,1,23.0,122.7,5679,103.5,1.98,4.18,1,2,2,98.4,97.8,0,0,0,0.0,0.0,0.0,0.0,0.0,0.0,1.0,0,0,0,0,0,0,0,0.0,0.0,62.757,23.5,58.2,1013.2
2026-09-14T22:07:23,263.6,1,Ronda 1,1,Limpieza Electrolítica (T1),239,240,0.0,OFF,85.0,82.8,85.0,1,53.0,86.6,4007,238.5,82.8,85.0,1,52.0,87.7,4060,234.0,24.9,25.0,1,21.0,125.5,5807,3.8,29.8,30.0,1,22.0,124.1,5743,99.0,2.0,4.22,1,2,2,98.4,97.8,0,0,0,0.0,0.0,0.0,0.0,0.0,0.0,1.0,0,0,0,0,0,0,0,0.0,0.0,62.917,23.4,57.7,1013.2
2026-09-14T22:07:24,264.6,1,Ronda 1,1,Limpieza Electrolítica (T1),239,240,0.0,OFF,85.0,82.7,85.0,1,54.0,85.4,3954,243.0,82.9,85.0,1,51.0,88.9,4113,229.5,25.1,25.0,1,18.0,129.8,6008,3.2,29.7,30.0,1,25.0,120.0,5555,112.5,1.98,4.21,1,2,2,98.4,97.8,0,0,0,0.0,0.0,0.0,0.0,0.0,0.0,1.0,0,0,0,0,0,0,0,0.0,0.0,63.08,23.6,57.8,1013.2
2026-09-14T22:07:25,265.6,1,Ronda 1,1,Limpieza Electrolítica (T1),239,240,0.0,OFF,85.0,82.9,85.0,1,51.0,88.9,4113,229.5,82.7,85.0,1,54.0,85.4,3954,243.0,25.0,25.0,1,20.0,126.9,5873,3.6,29.8,30.0,1,22.0,124.1,5743,99.0,2.01,4.2,1,2,2,98.4,97.8,0,0,0,0.0,0.0,0.0,0.0,0.0,0.0,1.0,0,0,0,0,0,0,0,0.0,0.0,63.24,23.7,58.0,1013.2
2026-09-14T22:07:26,266.6,1,Ronda 1,1,Limpieza Electrolítica (T1),239,240,0.0,OFF,85.0,82.9,85.0,1,51.0,88.9,4113,229.5,82.8,85.0,1,52.0,87.7,4060,234.0,25.1,25.0,1,19.0,128.3,5940,3.4,29.9,30.0,1,21.0,125.5,5807,94.5,2.0,4.2,1,2,2,98.4,97.8,0,0,0,0.0,0.0,0.0,0.0,0.0,0.0,1.0,0,0,0,0,0,0,0,0.0,0.0,63.396,23.4,58.5,1013.2
2026-09-14T22:07:27,267.6,1,Ronda 1,1,Limpieza Electrolítica (T1),239,240,0.0,OFF,85.0,82.7,85.0,1,53.0,86.6,4007,238.5,82.9,85.0,1,50.0,90.0,4166,225.0,24.9,25.0,1,21.0,125.5,5807,3.8,29.9,30.0,1,21.0,125.5,5807,94.5,1.97,4.19,1,2,2,98.4,97.8,0,0,0,0.0,0.0,0.0,0.0,0.0,0.0,1.0,0,0,0,0,0,0,0,0.0,0.0,63.552,23.4,58.3,1013.2
2026-09-14T22:07:28,268.6,1,Ronda 1,1,Limpieza Electrolítica (T1),239,240,0.0,OFF,85.0,82.9,85.0,1,50.0,90.0,4166,225.0,83.0,85.0,1,49.0,91.1,4219,220.5,24.8,25.0,1,22.0,124.1,5743,4.0,29.9,30.0,1,21.0,125.5,5807,94.5,2.01,4.19,1,2,2,98.4,97.8,0,0,0,0.0,0.0,0.0,0.0,0.0,0.0,1.0,0,0,0,0,0,0,0,0.0,0.0,63.703,23.7,57.7,1013.2
2026-09-14T22:07:29,269.6,1,Ronda 1,1,Limpieza Electrolítica (T1),239,240,0.0,OFF,85.0,82.8,85.0,1,52.0,87.7,4060,234.0,82.8,85.0,1,52.0,87.7,4060,234.0,25.1,25.0,1,18.0,129.8,6008,3.2,29.8,30.0,1,23.0,122.7,5679,103.5,2.0,4.22,1,2,2,98.4,97.8,0,0,0,0.0,0.0,0.0,0.0,0.0,0.0,1.0,0,0,0,0,0,0,0,0.0,0.0,63.863,23.6,58.4,1013.2
2026-09-14T22:07:30,270.6,1,Ronda 1,1,Limpieza Electrolítica (T1),239,240,0.0,OFF,85.0,82.8,85.0,1,52.0,87.7,4060,234.0,82.9,85.0,1,51.0,88.9,4113,229.5,24.9,25.0,1,21.0,125.5,5807,3.8,29.9,30.0,1,21.0,125.5,5807,94.5,1.98,4.21,1,2,2,98.4,97.8,0,0,0,0.0,0.0,0.0,0.0,0.0,0.0,1.0,0,0,0,0,0,0,0,0.0,0.0,64.019,23.5,57.7,1013.2
2026-09-14T22:07:31,271.6,1,Ronda 1,1,Limpieza Electrolítica (T1),239,240,0.0,OFF,85.0,82.9,85.0,1,52.0,87.7,4060,234.0,83.0,85.0,1,49.0,91.1,4219,220.5,25.0,25.0,1,19.0,128.3,5940,3.4,29.7,30.0,1,24.0,121.3,5617,108.0,2.02,4.21,1,2,2,98.4,97.8,0,0,0,0.0,0.0,0.0,0.0,0.0,0.0,1.0,0,0,0,0,0,0,0,0.0,0.0,64.176,23.6,58.1,1013.2
2026-09-14T22:07:32,272.6,1,Ronda 1,1,Limpieza Electrolítica (T1),239,240,0.0,OFF,85.0,83.1,85.0,1,48.0,92.3,4272,216.0,83.1,85.0,1,48.0,92.3,4272,216.0,25.0,25.0,1,20.0,126.9,5873,3.6,29.8,30.0,1,22.0,124.1,5743,99.0,1.99,4.21,1,2,2,98.4,97.8,0,0,0,0.0,0.0,0.0,0.0,0.0,0.0,1.0,0,0,0,0,0,0,0,0.0,0.0,64.325,23.6,58.1,1013.2
2026-09-14T22:07:33,273.6,1,Ronda 1,1,Limpieza Electrolítica (T1),239,240,0.0,OFF,85.0,83.1,85.0,1,47.0,93.4,4325,211.5,82.9,85.0,1,51.0,88.9,4113,229.5,25.0,25.0,1,20.0,126.9,5873,3.6,29.7,30.0,1,24.0,121.3,5617,108.0,1.98,4.19,1,2,2,98.4,97.8,0,0,0,0.0,0.0,0.0,0.0,0.0,0.0,1.0,0,0,0,0,0,0,0,0.0,0.0,64.478,23.6,58.5,1013.2
2026-09-14T22:07:34,274.6,1,Ronda 1,1,Limpieza Electrolítica (T1),239,240,0.0,OFF,85.0,82.9,85.0,1,51.0,88.9,4113,229.5,83.0,85.0,1,50.0,90.0,4166,225.0,24.9,25.0,1,21.0,125.5,5807,3.8,29.8,30.0,1,23.0,122.7,5679,103.5,1.97,4.21,1,2,2,98.4,97.8,0,0,0,0.0,0.0,0.0,0.0,0.0,0.0,1.0,0,0,0,0,0,0,0,0.0,0.0,64.635,23.6,58.4,1013.2
2026-09-14T22:07:35,275.6,1,Ronda 1,1,Limpieza Electrolítica (T1),239,240,0.0,OFF,85.0,83.0,85.0,1,49.0,91.1,4219,220.5,83.0,85.0,1,49.0,91.1,4219,220.5,24.9,25.0,1,21.0,125.5,5807,3.8,29.9,30.0,1,21.0,125.5,5807,94.5,1.97,4.19,1,2,2,98.4,97.8,0,0,0,0.0,0.0,0.0,0.0,0.0,0.0,1.0,0,0,0,0,0,0,0,0.0,0.0,64.784,23.6,57.9,1013.2
2026-09-14T22:07:36,276.6,1,Ronda 1,1,Limpieza Electrolítica (T1),239,240,0.0,OFF,85.0,83.2,85.0,1,46.0,94.6,4378,207.0,83.2,85.0,1,47.0,93.4,4325,211.5,25.1,25.0,1,18.0,129.8,6008,3.2,29.9,30.0,1,21.0,125.5,5807,94.5,2.02,4.22,1,2,2,98.4,97.8,0,0,0,0.0,0.0,0.0,0.0,0.0,0.0,1.0,0,0,0,0,0,0,0,0.0,0.0,64.928,23.6,57.8,1013.2
2026-09-14T22:07:37,277.6,1,Ronda 1,1,Limpieza Electrolítica (T1),239,240,0.0,OFF,85.0,83.2,85.0,1,47.0,93.4,4325,211.5,83.2,85.0,1,46.0,94.6,4378,207.0,24.9,25.0,1,21.0,125.5,5807,3.8,29.8,30.0,1,22.0,124.1,5743,99.0,1.99,4.22,1,2,2,98.4,97.8,0,0,0,0.0,0.0,0.0,0.0,0.0,0.0,1.0,0,0,0,0,0,0,0,0.0,0.0,65.073,23.4,58.3,1013.2
2026-09-14T22:07:38,278.6,1,Ronda 1,1,Limpieza Electrolítica (T1),239,240,0.0,OFF,85.0,83.0,85.0,1,49.0,91.1,4219,220.5,83.3,85.0,1,46.0,94.6,4378,207.0,24.9,25.0,1,21.0,125.5,5807,3.8,29.9,30.0,1,21.0,125.5,5807,94.5,2.03,4.21,1,2,2,98.4,97.8,0,0,0,0.0,0.0,0.0,0.0,0.0,0.0,1.0,0,0,0,0,0,0,0,0.0,0.0,65.219,23.6,58.3,1013.2
2026-09-14T22:07:39,279.6,1,Ronda 1,1,Limpieza Electrolítica (T1),239,240,0.0,OFF,85.0,83.2,85.0,1,46.0,94.6,4378,207.0,83.2,85.0,1,46.0,94.6,4378,207.0,24.9,25.0,1,20.0,126.9,5873,3.6,30.0,30.0,1,20.0,126.9,5873,90.0,2.0,4.17,1,2,2,98.4,97.8,0,0,0,0.0,0.0,0.0,0.0,0.0,0.0,1.0,0,0,0,0,0,0,0,0.0,0.0,65.36,23.6,58.1,1013.2
2026-09-14T22:07:40,280.6,1,Ronda 1,1,Limpieza Electrolítica (T1),239,240,0.0,OFF,85.0,83.2,85.0,1,46.0,94.6,4378,207.0,83.0,85.0,1,49.0,91.1,4219,220.5,24.9,25.0,1,21.0,125.5,5807,3.8,29.8,30.0,1,22.0,124.1,5743,99.0,2.01,4.18,1,2,2,98.4,97.8,0,0,0,0.0,0.0,0.0,0.0,0.0,0.0,1.0,0,0,0,0,0,0,0,0.0,0.0,65.507,23.3,57.6,1013.2
2026-09-14T22:07:41,281.6,1,Ronda 1,1,Limpieza Electrolítica (T1),239,240,0.0,OFF,85.0,83.1,85.0,1,48.0,92.3,4272,216.0,83.3,85.0,1,46.0,94.6,4378,207.0,25.0,25.0,1,20.0,126.9,5873,3.6,29.8,30.0,1,23.0,122.7,5679,103.5,2.02,4.2,1,2,2,98.4,97.8,0,0,0,0.0,0.0,0.0,0.0,0.0,0.0,1.0,0,0,0,0,0,0,0,0.0,0.0,65.655,23.4,57.8,1013.2
2026-09-14T22:07:42,282.6,1,Ronda 1,1,Limpieza Electrolítica (T1),239,240,0.0,OFF,85.0,83.2,85.0,1,47.0,93.4,4325,211.5,83.3,85.0,1,45.0,95.7,4432,202.5,24.9,25.0,1,20.0,126.9,5873,3.6,29.9,30.0,1,20.0,126.9,5873,90.0,1.99,4.22,1,2,2,98.4,97.8,0,0,0,0.0,0.0,0.0,0.0,0.0,0.0,1.0,0,0,0,0,0,0,0,0.0,0.0,65.796,23.3,58.1,1013.2
2026-09-14T22:07:43,283.6,1,Ronda 1,1,Limpieza Electrolítica (T1),239,240,0.0,OFF,85.0,83.2,85.0,1,47.0,93.4,4325,211.5,83.2,85.0,1,46.0,94.6,4378,207.0,25.0,25.0,1,19.0,128.3,5940,3.4,29.9,30.0,1,21.0,125.5,5807,94.5,1.98,4.19,1,2,2,98.4,97.8,0,0,0,0.0,0.0,0.0,0.0,0.0,0.0,1.0,0,0,0,0,0,0,0,0.0,0.0,65.939,23.4,58.3,1013.2
2026-09-14T22:07:44,284.6,1,Ronda 1,1,Limpieza Electrolítica (T1),239,240,0.0,OFF,85.0,83.3,85.0,1,44.0,96.9,4485,198.0,83.3,85.0,1,46.0,94.6,4378,207.0,25.1,25.0,1,18.0,129.8,6008,3.2,29.8,30.0,1,22.0,124.1,5743,99.0,1.98,4.22,1,2,2,98.4,97.8,0,0,0,0.0,0.0,0.0,0.0,0.0,0.0,1.0,0,0,0,0,0,0,0,0.0,0.0,66.08,23.3,57.9,1013.2
2026-09-14T22:07:45,285.6,1,Ronda 1,1,Limpieza Electrolítica (T1),239,240,0.0,OFF,85.0,83.3,85.0,1,46.0,94.6,4378,207.0,83.3,85.0,1,46.0,94.6,4378,207.0,25.0,25.0,1,20.0,126.9,5873,3.6,29.9,30.0,1,22.0,124.1,5743,99.0,2.03,4.23,1,2,2,98.4,97.8,0,0,0,0.0,0.0,0.0,0.0,0.0,0.0,1.0,0,0,0,0,0,0,0,0.0,0.0,66.224,23.4,57.6,1013.2
2026-09-14T22:07:46,286.6,1,Ronda 1,1,Limpieza Electrolítica (T1),239,240,0.0,OFF,85.0,83.2,85.0,1,47.0,93.4,4325,211.5,83.3,85.0,1,46.0,94.6,4378,207.0,25.0,25.0,1,19.0,128.3,5940,3.4,30.0,30.0,1,20.0,126.9,5873,90.0,1.99,4.2,1,2,2,98.4,97.8,0,0,0,0.0,0.0,0.0,0.0,0.0,0.0,1.0,0,0,0,0,0,0,0,0.0,0.0,66.366,23.4,58.5,1013.2
2026-09-14T22:07:47,287.6,1,Ronda 1,1,Limpieza Electrolítica (T1),239,240,0.0,OFF,85.0,83.3,85.0,1,45.0,95.7,4432,202.5,83.4,85.0,1,43.0,98.0,4539,193.5,25.1,25.0,1,18.0,129.8,6008,3.2,29.8,30.0,1,22.0,124.1,5743,99.0,2.01,4.2,1,2,2,98.4,97.8,0,0,0,0.0,0.0,0.0,0.0,0.0,0.0,1.0,0,0,0,0,0,0,0,0.0,0.0,66.505,23.5,58.1,1013.2
2026-09-14T22:07:48,288.6,1,Ronda 1,1,Limpieza Electrolítica (T1),239,240,0.0,OFF,85.0,83.4,85.0,1,43.0,98.0,4539,193.5,83.3,85.0,1,46.0,94.6,4378,207.0,25.1,25.0,1,18.0,129.8,6008,3.2,29.8,30.0,1,22.0,124.1,5743,99.0,1.99,4.18,1,2,2,98.4,97.8,0,0,0,0.0,0.0,0.0,0.0,0.0,0.0,1.0,0,0,0,0,0,0,0,0.0,0.0,66.644,23.5,58.1,1013.2
2026-09-14T22:07:49,289.6,1,Ronda 1,1,Limpieza Electrolítica (T1),239,240,0.0,OFF,85.0,83.4,85.0,1,44.0,96.9,4485,198.0,83.3,85.0,1,44.0,96.9,4485,198.0,24.9,25.0,1,21.0,125.5,5807,3.8,29.8,30.0,1,22.0,124.1,5743,99.0,2.01,4.19,1,2,2,98.4,97.8,0,0,0,0.0,0.0,0.0,0.0,0.0,0.0,1.0,0,0,0,0,0,0,0,0.0,0.0,66.783,23.5,58.4,1013.2
2026-09-14T22:07:50,290.6,1,Ronda 1,1,Limpieza Electrolítica (T1),239,240,0.0,OFF,85.0,83.3,85.0,1,45.0,95.7,4432,202.5,83.4,85.0,1,44.0,96.9,4485,198.0,24.9,25.0,1,22.0,124.1,5743,4.0,29.7,30.0,1,23.0,122.7,5679,103.5,1.96,4.2,1,2,2,98.4,97.8,0,0,0,0.0,0.0,0.0,0.0,0.0,0.0,1.0,0,0,0,0,0,0,0,0.0,0.0,66.924,23.5,57.8,1013.2
2026-09-14T22:07:51,291.6,1,Ronda 1,1,Limpieza Electrolítica (T1),239,240,0.0,OFF,85.0,83.4,85.0,1,44.0,96.9,4485,198.0,83.4,85.0,1,44.0,96.9,4485,198.0,24.9,25.0,1,21.0,125.5,5807,3.8,29.9,30.0,1,21.0,125.5,5807,94.5,1.97,4.19,1,2,2,98.4,97.8,0,0,0,0.0,0.0,0.0,0.0,0.0,0.0,1.0,0,0,0,0,0,0,0,0.0,0.0,67.061,23.6,58.1,1013.2
2026-09-14T22:07:52,292.6,1,Ronda 1,1,Limpieza Electrolítica (T1),239,240,0.0,OFF,85.0,83.3,85.0,1,44.0,96.9,4485,198.0,83.4,85.0,1,43.0,98.0,4539,193.5,24.9,25.0,1,21.0,125.5,5807,3.8,29.8,30.0,1,23.0,122.7,5679,103.5,1.97,4.2,1,2,2,98.4,97.8,0,0,0,0.0,0.0,0.0,0.0,0.0,0.0,1.0,0,0,0,0,0,0,0,0.0,0.0,67.2,23.4,57.7,1013.2
2026-09-14T22:07:53,293.6,1,Ronda 1,1,Limpieza Electrolítica (T1),239,240,0.0,OFF,85.0,83.6,85.0,1,41.0,100.4,4646,184.5,83.5,85.0,1,41.0,100.4,4646,184.5,25.1,25.0,1,19.0,128.3,5940,3.4,29.7,30.0,1,23.0,122.7,5679,103.5,1.99,4.18,1,2,2,98.4,97.8,0,0,0,0.0,0.0,0.0,0.0,0.0,0.0,1.0,0,0,0,0,0,0,0,0.0,0.0,67.332,23.3,57.9,1013.2
2026-09-14T22:07:54,294.6,1,Ronda 1,1,Limpieza Electrolítica (T1),239,240,0.0,OFF,85.0,83.4,85.0,1,43.0,98.0,4539,193.5,83.5,85.0,1,42.0,99.2,4592,189.0,24.9,25.0,1,22.0,124.1,5743,4.0,29.7,30.0,1,23.0,122.7,5679,103.5,1.96,4.22,1,2,2,98.4,97.8,0,0,0,0.0,0.0,0.0,0.0,0.0,0.0,1.0,0,0,0,0,0,0,0,0.0,0.0,67.468,23.6,58.2,1013.2
2026-09-14T22:07:55,295.6,1,Ronda 1,1,Limpieza Electrolítica (T1),239,240,0.0,OFF,85.0,83.5,85.0,1,41.0,100.4,4646,184.5,83.3,85.0,1,44.0,96.9,4485,198.0,24.9,25.0,1,21.0,125.5,5807,3.8,29.9,30.0,1,20.0,126.9,5873,90.0,1.96,4.21,1,2,2,98.4,97.8,0,0,0,0.0,0.0,0.0,0.0,0.0,0.0,1.0,0,0,0,0,0,0,0,0.0,0.0,67.601,23.4,57.6,1013.2
2026-09-14T22:07:56,296.6,1,Ronda 1,1,Limpieza Electrolítica (T1),239,240,0.0,OFF,85.0,83.6,85.0,1,40.0,101.5,4700,180.0,83.6,85.0,1,41.0,100.4,4646,184.5,24.9,25.0,1,20.0,126.9,5873,3.6,29.9,30.0,1,22.0,124.1,5743,99.0,2.01,4.2,1,2,2,98.4,97.8,0,0,0,0.0,0.0,0.0,0.0,0.0,0.0,1.0,0,0,0,0,0,0,0,0.0,0.0,67.731,23.5,57.7,1013.2
2026-09-14T22:07:57,297.6,1,Ronda 1,1,Limpieza Electrolítica (T1),239,240,0.0,OFF,85.0,83.6,85.0,1,41.0,100.4,4646,184.5,83.4,85.0,1,44.0,96.9,4485,198.0,24.9,25.0,1,21.0,125.5,5807,3.8,29.9,30.0,1,20.0,126.9,5873,90.0,1.98,4.2,1,2,2,98.4,97.8,0,0,0,0.0,0.0,0.0,0.0,0.0,0.0,1.0,0,0,0,0,0,0,0,0.0,0.0,67.863,23.3,58.3,1013.2
2026-09-14T22:07:58,298.6,1,Ronda 1,1,Limpieza Electrolítica (T1),239,240,0.0,OFF,85.0,83.5,85.0,1,41.0,100.4,4646,184.5,83.5,85.0,1,42.0,99.2,4592,189.0,24.9,25.0,1,22.0,124.1,5743,4.0,29.8,30.0,1,22.0,124.1,5743,99.0,1.97,4.23,1,2,2,98.4,97.8,0,0,0,0.0,0.0,0.0,0.0,0.0,0.0,1.0,0,0,0,0,0,0,0,0.0,0.0,67.995,23.3,57.5,1013.2
2026-09-14T22:07:59,299.6,1,Ronda 1,1,Limpieza Electrolítica (T1),239,240,0.0,OFF,85.0,83.7,85.0,1,40.0,101.5,4700,180.0,83.6,85.0,1,41.0,100.4,4646,184.5,24.9,25.0,1,22.0,124.1,5743,4.0,29.8,30.0,1,23.0,122.7,5679,103.5,2.01,4.17,1,2,2,98.4,97.8,0,0,0,0.0,0.0,0.0,0.0,0.0,0.0,1.0,0,0,0,0,0,0,0,0.0,0.0,68.127,23.6,58.0,1013.2
2026-09-14T22:08:00,300.6,1,Ronda 1,1,Limpieza Electrolítica (T1),239,240,0.0,OFF,85.0,83.6,85.0,1,40.0,101.5,4700,180.0,83.5,85.0,1,42.0,99.2,4592,189.0,25.1,25.0,1,18.0,129.8,6008,3.2,29.8,30.0,1,23.0,122.7,5679,103.5,2.01,4.18,1,2,2,98.4,97.8,0,0,0,0.0,0.0,0.0,0.0,0.0,0.0,1.0,0,0,0,0,0,0,0,0.0,0.0,68.259,23.4,58.0,1013.2
2026-09-14T22:08:01,301.6,1,Ronda 1,1,Limpieza Electrolítica (T1),239,240,0.0,OFF,85.0,83.7,85.0,1,39.0,102.7,4754,175.5,83.5,85.0,1,42.0,99.2,4592,189.0,25.1,25.0,1,18.0,129.8,6008,3.2,29.9,30.0,1,21.0,125.5,5807,94.5,2.03,4.21,1,2,2,98.4,97.8,0,0,0,0.0,0.0,0.0,0.0,0.0,0.0,1.0,0,0,0,0,0,0,0,0.0,0.0,68.387,23.6,58.1,1013.2
2026-09-14T22:08:02,302.6,1,Ronda 1,1,Limpieza Electrolítica (T1),239,240,0.0,OFF,85.0,83.6,85.0,1,41.0,100.4,4646,184.5,83.6,85.0,1,40.0,101.5,4700,180.0,25.1,25.0,1,18.0,129.8,6008,3.2,29.9,30.0,1,20.0,126.9,5873,90.0,2.01,4.18,1,2,2,98.4,97.8,0,0,0,0.0,0.0,0.0,0.0,0.0,0.0,1.0,0,0,0,0,0,0,0,0.0,0.0,68.515,23.5,57.5,1013.2
2026-09-14T22:08:03,303.6,1,Ronda 1,1,Limpieza Electrolítica (T1),239,240,0.0,OFF,85.0,83.7,85.0,1,38.0,103.9,4809,171.0,83.5,85.0,1,42.0,99.2,4592,189.0,24.9,25.0,1,20.0,126.9,5873,3.6,30.0,30.0,1,20.0,126.9,5873,90.0,2.04,4.18,1,2,2,98.4,97.8,0,0,0,0.0,0.0,0.0,0.0,0.0,0.0,1.0,0,0,0,0,0,0,0,0.0,0.0,68.641,23.5,57.7,1013.2
2026-09-14T22:08:04,304.6,1,Ronda 1,1,Limpieza Electrolítica (T1),239,240,0.0,OFF,85.0,83.7,85.0,1,38.0,103.9,4809,171.0,83.5,85.0,1,42.0,99.2,4592,189.0,25.0,25.0,1,20.0,126.9,5873,3.6,30.0,30.0,1,20.0,126.9,5873,90.0,2.03,4.19,1,2,2,98.4,97.8,0,0,0,0.0,0.0,0.0,0.0,0.0,0.0,1.0,0,0,0,0,0,0,0,0.0,0.0,68.767,23.4,58.2,1013.2
2026-09-14T22:08:05,305.6,1,Ronda 1,1,Limpieza Electrolítica (T1),239,240,0.0,OFF,85.0,83.8,85.0,1,38.0,103.9,4809,171.0,83.6,85.0,1,40.0,101.5,4700,180.0,24.9,25.0,1,20.0,126.9,5873,3.6,30.0,30.0,1,20.0,126.9,5873,90.0,1.99,4.18,1,2,2,98.4,97.8,0,0,0,0.0,0.0,0.0,0.0,0.0,0.0,1.0,0,0,0,0,0,0,0,0.0,0.0,68.89,23.5,57.8,1013.2
2026-09-14T22:08:06,306.6,1,Ronda 1,1,Limpieza Electrolítica (T1),239,240,0.0,OFF,85.0,83.8,85.0,1,37.0,105.1,4864,166.5,83.7,85.0,1,40.0,101.5,4700,180.0,25.0,25.0,1,19.0,128.3,5940,3.4,29.7,30.0,1,23.0,122.7,5679,103.5,1.97,4.22,1,2,2,98.4,97.8,0,0,0,0.0,0.0,0.0,0.0,0.0,0.0,1.0,0,0,0,0,0,0,0,0.0,0.0,69.016,23.6,58.3,1013.2
2026-09-14T22:08:07,307.6,1,Ronda 1,1,Limpieza Electrolítica (T1),239,240,0.0,OFF,85.0,83.7,85.0,1,40.0,101.5,4700,180.0,83.6,85.0,1,40.0,101.5,4700,180.0,24.9,25.0,1,22.0,124.1,5743,4.0,29.8,30.0,1,23.0,122.7,5679,103.5,1.98,4.19,1,2,2,98.4,97.8,0,0,0,0.0,0.0,0.0,0.0,0.0,0.0,1.0,0,0,0,0,0,0,0,0.0,0.0,69.146,23.7,58.3,1013.2
2026-09-14T22:08:08,308.6,1,Ronda 1,1,Limpieza Electrolítica (T1),239,240,0.0,OFF,85.0,83.8,85.0,1,38.0,103.9,4809,171.0,83.7,85.0,1,40.0,101.5,4700,180.0,25.1,25.0,1,19.0,128.3,5940,3.4,29.9,30.0,1,21.0,125.5,5807,94.5,1.96,4.18,1,2,2,98.4,97.8,0,0,0,0.0,0.0,0.0,0.0,0.0,0.0,1.0,0,0,0,0,0,0,0,0.0,0.0,69.271,23.4,58.0,1013.2
2026-09-14T22:08:09,309.6,1,Ronda 1,1,Limpieza Electrolítica (T1),239,240,0.0,OFF,85.0,83.8,85.0,1,37.0,105.1,4864,166.5,83.8,85.0,1,38.0,103.9,4809,171.0,25.0,25.0,1,20.0,126.9,5873,3.6,30.0,30.0,1,19.0,128.3,5940,85.5,1.98,4.2,1,2,2,98.4,97.8,0,0,0,0.0,0.0,0.0,0.0,0.0,0.0,1.0,0,0,0,0,0,0,0,0.0,0.0,69.389,23.6,57.7,1013.2
2026-09-14T22:08:10,310.6,1,Ronda 1,1,Limpieza Electrolítica (T1),239,240,0.0,OFF,85.0,83.8,85.0,1,37.0,105.1,4864,166.5,83.7,85.0,1,39.0,102.7,4754,175.5,25.0,25.0,1,20.0,126.9,5873,3.6,29.7,30.0,1,24.0,121.3,5617,108.0,2.02,4.21,1,2,2,98.4,97.8,0,0,0,0.0,0.0,0.0,0.0,0.0,0.0,1.0,0,0,0,0,0,0,0,0.0,0.0,69.515,23.4,58.1,1013.2
2026-09-14T22:08:11,311.6,1,Ronda 1,1,Limpieza Electrolítica (T1),239,240,0.0,OFF,85.0,83.6,85.0,1,40.0,101.5,4700,180.0,83.8,85.0,1,37.0,105.1,4864,166.5,24.9,25.0,1,21.0,125.5,5807,3.8,29.8,30.0,1,22.0,124.1,5743,99.0,1.97,4.2,1,2,2,98.4,97.8,0,0,0,0.0,0.0,0.0,0.0,0.0,0.0,1.0,0,0,0,0,0,0,0,0.0,0.0,69.64,23.3,58.1,1013.2
2026-09-14T22:08:12,312.6,1,Ronda 1,1,Limpieza Electrolítica (T1),239,240,0.0,OFF,85.0,83.9,85.0,1,36.0,106.3,4919,162.0,83.7,85.0,1,40.0,101.5,4700,180.0,25.0,25.0,1,20.0,126.9,5873,3.6,30.0,30.0,1,20.0,126.9,5873,90.0,2.02,4.22,1,2,2,98.4,97.8,0,0,0,0.0,0.0,0.0,0.0,0.0,0.0,1.0,0,0,0,0,0,0,0,0.0,0.0,69.761,23.6,57.7,1013.2
2026-09-14T22:08:13,313.6,1,Ronda 1,1,Limpieza Electrolítica (T1),239,240,0.0,OFF,85.0,83.7,85.0,1,40.0,101.5,4700,180.0,83.9,85.0,1,36.0,106.3,4919,162.0,25.0,25.0,1,20.0,126.9,5873,3.6,29.9,30.0,1,21.0,125.5,5807,94.5,1.97,4.2,1,2,2,98.4,97.8,0,0,0,0.0,0.0,0.0,0.0,0.0,0.0,1.0,0,0,0,0,0,0,0,0.0,0.0,69.884,23.6,58.3,1013.2
2026-09-14T22:08:14,314.6,1,Ronda 1,1,Limpieza Electrolítica (T1),239,240,0.0,OFF,85.0,84.0,85.0,1,35.0,107.5,4974,157.5,83.8,85.0,1,37.0,105.1,4864,166.5,25.1,25.0,1,18.0,129.8,6008,3.2,30.0,30.0,1,19.0,128.3,5940,85.5,2.03,4.18,1,2,2,98.4,97.8,0,0,0,0.0,0.0,0.0,0.0,0.0,0.0,1.0,0,0,0,0,0,0,0,0.0,0.0,69.998,23.4,57.5,1013.2
2026-09-14T22:08:15,315.6,1,Ronda 1,1,Limpieza Electrolítica (T1),239,240,0.0,OFF,85.0,83.7,85.0,1,39.0,102.7,4754,175.5,83.9,85.0,1,36.0,106.3,4919,162.0,25.0,25.0,1,19.0,128.3,5940,3.4,30.0,30.0,1,19.0,128.3,5940,85.5,1.99,4.21,1,2,2,98.4,97.8,0,0,0,0.0,0.0,0.0,0.0,0.0,0.0,1.0,0,0,0,0,0,0,0,0.0,0.0,70.117,23.3,57.6,1013.2
2026-09-14T22:08:16,316.6,1,Ronda 1,1,Limpieza Electrolítica (T1),239,240,0.0,OFF,85.0,83.9,85.0,1,36.0,106.3,4919,162.0,83.7,85.0,1,39.0,102.7,4754,175.5,25.1,25.0,1,18.0,129.8,6008,3.2,29.9,30.0,1,21.0,125.5,5807,94.5,1.99,4.21,1,2,2,98.4,97.8,0,0,0,0.0,0.0,0.0,0.0,0.0,0.0,1.0,0,0,0,0,0,0,0,0.0,0.0,70.238,23.4,58.3,1013.2
2026-09-14T22:08:17,317.6,1,Ronda 1,1,Limpieza Electrolítica (T1),239,240,0.0,OFF,85.0,83.7,85.0,1,38.0,103.9,4809,171.0,83.9,85.0,1,36.0,106.3,4919,162.0,24.9,25.0,1,21.0,125.5,5807,3.8,29.8,30.0,1,22.0,124.1,5743,99.0,1.97,4.2,1,2,2,98.4,97.8,0,0,0,0.0,0.0,0.0,0.0,0.0,0.0,1.0,0,0,0,0,0,0,0,0.0,0.0,70.359,23.7,57.7,1013.2
2026-09-14T22:08:18,318.6,1,Ronda 1,1,Limpieza Electrolítica (T1),239,240,0.0,OFF,85.0,83.8,85.0,1,37.0,105.1,4864,166.5,83.7,85.0,1,38.0,103.9,4809,171.0,24.9,25.0,1,21.0,125.5,5807,3.8,29.7,30.0,1,23.0,122.7,5679,103.5,1.98,4.17,1,2,2,98.4,97.8,0,0,0,0.0,0.0,0.0,0.0,0.0,0.0,1.0,0,0,0,0,0,0,0,0.0,0.0,70.483,23.5,58.5,1013.2
2026-09-14T22:08:19,319.6,1,Ronda 1,1,Limpieza Electrolítica (T1),239,240,0.0,OFF,85.0,83.9,85.0,1,36.0,106.3,4919,162.0,83.9,85.0,1,35.0,107.5,4974,157.5,25.1,25.0,1,18.0,129.8,6008,3.2,29.8,30.0,1,23.0,122.7,5679,103.5,2.02,4.23,1,2,2,98.4,97.8,0,0,0,0.0,0.0,0.0,0.0,0.0,0.0,1.0,0,0,0,0,0,0,0,0.0,0.0,70.601,23.5,57.6,1013.2
2026-09-14T22:08:20,320.6,1,Ronda 1,1,Limpieza Electrolítica (T1),239,240,0.0,OFF,85.0,83.9,85.0,1,36.0,106.3,4919,162.0,83.9,85.0,1,36.0,106.3,4919,162.0,24.9,25.0,1,21.0,125.5,5807,3.8,30.0,30.0,1,20.0,126.9,5873,90.0,1.96,4.21,1,2,2,98.4,97.8,0,0,0,0.0,0.0,0.0,0.0,0.0,0.0,1.0,0,0,0,0,0,0,0,0.0,0.0,70.717,23.5,58.1,1013.2
2026-09-14T22:08:21,321.6,1,Ronda 1,1,Limpieza Electrolítica (T1),239,240,0.0,OFF,85.0,83.9,85.0,1,35.0,107.5,4974,157.5,83.8,85.0,1,38.0,103.9,4809,171.0,25.0,25.0,1,19.0,128.3,5940,3.4,30.0,30.0,1,20.0,126.9,5873,90.0,2.02,4.19,1,2,2,98.4,97.8,0,0,0,0.0,0.0,0.0,0.0,0.0,0.0,1.0,0,0,0,0,0,0,0,0.0,0.0,70.834,23.4,57.9,1013.2
2026-09-14T22:08:22,322.6,1,Ronda 1,1,Limpieza Electrolítica (T1),239,240,0.0,OFF,85.0,84.0,85.0,1,35.0,107.5,4974,157.5,83.8,85.0,1,38.0,103.9,4809,171.0,25.0,25.0,1,20.0,126.9,5873,3.6,29.8,30.0,1,23.0,122.7,5679,103.5,1.96,4.21,1,2,2,98.4,97.8,0,0,0,0.0,0.0,0.0,0.0,0.0,0.0,1.0,0,0,0,0,0,0,0,0.0,0.0,70.955,23.7,58.1,1013.2
2026-09-14T22:08:23,323.6,1,Ronda 1,1,Limpieza Electrolítica (T1),239,240,0.0,OFF,85.0,84.1,85.0,1,33.0,109.9,5086,148.5,83.9,85.0,1,37.0,105.1,4864,166.5,25.0,25.0,1,20.0,126.9,5873,3.6,29.8,30.0,1,23.0,122.7,5679,103.5,2.0,4.23,1,2,2,98.4,97.8,0,0,0,0.0,0.0,0.0,0.0,0.0,0.0,1.0,0,0,0,0,0,0,0,0.0,0.0,71.073,23.5,57.9,1013.2
2026-09-14T22:08:24,324.6,1,Ronda 1,1,Limpieza Electrolítica (T1),239,240,0.0,OFF,85.0,84.1,85.0,1,33.0,109.9,5086,148.5,84.1,85.0,1,34.0,108.7,5030,153.0,25.0,25.0,1,19.0,128.3,5940,3.4,29.9,30.0,1,22.0,124.1,5743,99.0,2.01,4.21,1,2,2,98.4,97.8,0,0,0,0.0,0.0,0.0,0.0,0.0,0.0,1.0,0,0,0,0,0,0,0,0.0,0.0,71.185,23.4,58.4,1013.2
2026-09-14T22:08:25,325.6,1,Ronda 1,1,Limpieza Electrolítica (T1),239,240,0.0,OFF,85.0,84.0,85.0,1,34.0,108.7,5030,153.0,83.9,85.0,1,35.0,107.5,4974,157.5,25.1,25.0,1,18.0,129.8,6008,3.2,30.0,30.0,1,19.0,128.3,5940,85.5,2.01,4.19,1,2,2,98.4,97.8,0,0,0,0.0,0.0,0.0,0.0,0.0,0.0,1.0,0,0,0,0,0,0,0,0.0,0.0,71.296,23.6,58.2,1013.2
2026-09-14T22:08:26,326.6,1,Ronda 1,1,Limpieza Electrolítica (T1),239,240,0.0,OFF,85.0,83.9,85.0,1,36.0,106.3,4919,162.0,84.1,85.0,1,33.0,109.9,5086,148.5,25.1,25.0,1,18.0,129.8,6008,3.2,30.0,30.0,1,20.0,126.9,5873,90.0,2.04,4.19,1,2,2,98.4,97.8,0,0,0,0.0,0.0,0.0,0.0,0.0,0.0,1.0,0,0,0,0,0,0,0,0.0,0.0,71.408,23.5,58.4,1013.2
2026-09-14T22:08:27,327.6,1,Ronda 1,1,Limpieza Electrolítica (T1),239,240,0.0,OFF,85.0,84.0,85.0,1,35.0,107.5,4974,157.5,84.1,85.0,1,33.0,109.9,5086,148.5,24.9,25.0,1,20.0,126.9,5873,3.6,29.8,30.0,1,23.0,122.7,5679,103.5,1.96,4.2,1,2,2,98.4,97.8,0,0,0,0.0,0.0,0.0,0.0,0.0,0.0,1.0,0,0,0,0,0,0,0,0.0,0.0,71.523,23.6,57.6,1013.2
2026-09-14T22:08:28,328.6,1,Ronda 1,1,Limpieza Electrolítica (T1),239,240,0.0,OFF,85.0,84.0,85.0,1,34.0,108.7,5030,153.0,84.0,85.0,1,35.0,107.5,4974,157.5,24.9,25.0,1,21.0,125.5,5807,3.8,29.9,30.0,1,21.0,125.5,5807,94.5,2.03,4.18,1,2,2,98.4,97.8,0,0,0,0.0,0.0,0.0,0.0,0.0,0.0,1.0,0,0,0,0,0,0,0,0.0,0.0,71.636,23.4,58.0,1013.2
2026-09-14T22:08:29,329.6,1,Ronda 1,1,Limpieza Electrolítica (T1),239,240,0.0,OFF,85.0,84.2,85.0,1,32.0,111.1,5143,144.0,83.9,85.0,1,35.0,107.5,4974,157.5,25.0,25.0,1,20.0,126.9,5873,3.6,29.9,30.0,1,21.0,125.5,5807,94.5,1.98,4.19,1,2,2,98.4,97.8,0,0,0,0.0,0.0,0.0,0.0,0.0,0.0,1.0,0,0,0,0,0,0,0,0.0,0.0,71.748,23.6,58.0,1013.2
2026-09-14T22:08:30,330.6,1,Ronda 1,1,Limpieza Electrolítica (T1),239,240,0.0,OFF,85.0,84.1,85.0,1,32.0,111.1,5143,144.0,84.0,85.0,1,34.0,108.7,5030,153.0,25.1,25.0,1,18.0,129.8,6008,3.2,29.9,30.0,1,21.0,125.5,5807,94.5,1.99,4.18,1,2,2,98.4,97.8,0,0,0,0.0,0.0,0.0,0.0,0.0,0.0,1.0,0,0,0,0,0,0,0,0.0,0.0,71.857,23.5,58.2,1013.2
2026-09-14T22:08:31,331.6,1,Ronda 1,1,Limpieza Electrolítica (T1),239,240,0.0,OFF,85.0,83.9,85.0,1,36.0,106.3,4919,162.0,84.1,85.0,1,34.0,108.7,5030,153.0,25.1,25.0,1,18.0,129.8,6008,3.2,30.0,30.0,1,19.0,128.3,5940,85.5,1.97,4.18,1,2,2,98.4,97.8,0,0,0,0.0,0.0,0.0,0.0,0.0,0.0,1.0,0,0,0,0,0,0,0,0.0,0.0,71.97,23.5,57.6,1013.2
2026-09-14T22:08:32,332.6,1,Ronda 1,1,Limpieza Electrolítica (T1),239,240,0.0,OFF,85.0,84.1,85.0,1,33.0,109.9,5086,148.5,84.0,85.0,1,34.0,108.7,5030,153.0,24.9,25.0,1,22.0,124.1,5743,4.0,30.0,30.0,1,19.0,128.3,5940,85.5,2.01,4.2,1,2,2,98.4,97.8,0,0,0,0.0,0.0,0.0,0.0,0.0,0.0,1.0,0,0,0,0,0,0,0,0.0,0.0,72.078,23.4,57.6,1013.2
2026-09-14T22:08:33,333.6,1,Ronda 1,1,Limpieza Electrolítica (T1),239,240,0.0,OFF,85.0,84.0,85.0,1,35.0,107.5,4974,157.5,84.0,85.0,1,35.0,107.5,4974,157.5,25.0,25.0,1,20.0,126.9,5873,3.6,29.9,30.0,1,21.0,125.5,5807,94.5,1.97,4.21,1,2,2,98.4,97.8,0,0,0,0.0,0.0,0.0,0.0,0.0,0.0,1.0,0,0,0,0,0,0,0,0.0,0.0,72.193,23.5,57.7,1013.2
2026-09-14T22:08:34,334.6,1,Ronda 1,1,Limpieza Electrolítica (T1),239,240,0.0,OFF,85.0,84.0,85.0,1,35.0,107.5,4974,157.5,84.1,85.0,1,34.0,108.7,5030,153.0,24.9,25.0,1,20.0,126.9,5873,3.6,29.9,30.0,1,22.0,124.1,5743,99.0,1.99,4.19,1,2,2,98.4,97.8,0,0,0,0.0,0.0,0.0,0.0,0.0,0.0,1.0,0,0,0,0,0,0,0,0.0,0.0,72.308,23.6,57.7,1013.2
2026-09-14T22:08:35,335.6,1,Ronda 1,1,Limpieza Electrolítica (T1),239,240,0.0,OFF,85.0,84.1,85.0,1,34.0,108.7,5030,153.0,84.1,85.0,1,32.0,111.1,5143,144.0,24.9,25.0,1,21.0,125.5,5807,3.8,29.9,30.0,1,22.0,124.1,5743,99.0,1.99,4.2,1,2,2,98.4,97.8,0,0,0,0.0,0.0,0.0,0.0,0.0,0.0,1.0,0,0,0,0,0,0,0,0.0,0.0,72.419,23.5,58.1,1013.2
2026-09-14T22:08:36,336.6,1,Ronda 1,1,Limpieza Electrolítica (T1),239,240,0.0,OFF,85.0,84.0,85.0,1,35.0,107.5,4974,157.5,84.2,85.0,1,31.0,112.3,5200,139.5,25.0,25.0,1,19.0,128.3,5940,3.4,29.9,30.0,1,21.0,125.5,5807,94.5,2.0,4.22,1,2,2,98.4,97.8,0,0,0,0.0,0.0,0.0,0.0,0.0,0.0,1.0,0,0,0,0,0,0,0,0.0,0.0,72.529,23.6,58.5,1013.2
2026-09-14T22:08:37,337.6,1,Ronda 1,1,Limpieza Electrolítica (T1),239,240,0.0,OFF,85.0,84.1,85.0,1,33.0,109.9,5086,148.5,84.1,85.0,1,32.0,111.1,5143,144.0,24.9,25.0,1,22.0,124.1,5743,4.0,29.9,30.0,1,21.0,125.5,5807,94.5,2.01,4.2,1,2,2,98.4,97.8,0,0,0,0.0,0.0,0.0,0.0,0.0,0.0,1.0,0,0,0,0,0,0,0,0.0,0.0,72.638,23.7,58.0,1013.2
2026-09-14T22:08:38,338.6,1,Ronda 1,1,Limpieza Electrolítica (T1),239,240,0.0,OFF,85.0,84.0,85.0,1,34.0,108.7,5030,153.0,84.1,85.0,1,33.0,109.9,5086,148.5,25.1,25.0,1,18.0,129.8,6008,3.2,29.9,30.0,1,20.0,126.9,5873,90.0,2.01,4.21,1,2,2,98.4,97.8,0,0,0,0.0,0.0,0.0,0.0,0.0,0.0,1.0,0,0,0,0,0,0,0,0.0,0.0,72.747,23.5,57.8,1013.2
2026-09-14T22:08:39,339.6,1,Ronda 1,1,Limpieza Electrolítica (T1),239,240,0.0,OFF,85.0,84.2,85.0,1,31.0,112.3,5200,139.5,84.2,85.0,1,31.0,112.3,5200,139.5,25.0,25.0,1,20.0,126.9,5873,3.6,29.9,30.0,1,21.0,125.5,5807,94.5,2.03,4.18,1,2,2,98.4,97.8,0,0,0,0.0,0.0,0.0,0.0,0.0,0.0,1.0,0,0,0,0,0,0,0,0.0,0.0,72.852,23.7,58.0,1013.2
2026-09-14T22:08:40,340.6,1,Ronda 1,1,Limpieza Electrolítica (T1),239,240,0.0,OFF,85.0,84.0,85.0,1,34.0,108.7,5030,153.0,84.3,85.0,1,31.0,112.3,5200,139.5,24.8,25.0,1,22.0,124.1,5743,4.0,30.0,30.0,1,19.0,128.3,5940,85.5,1.99,4.21,1,2,2,98.4,97.8,0,0,0,0.0,0.0,0.0,0.0,0.0,0.0,1.0,0,0,0,0,0,0,0,0.0,0.0,72.958,23.5,58.0,1013.2
2026-09-14T22:08:41,341.6,1,Ronda 1,1,Limpieza Electrolítica (T1),239,240,0.0,OFF,85.0,84.3,85.0,1,30.0,113.6,5258,135.0,84.2,85.0,1,31.0,112.3,5200,139.5,24.9,25.0,1,21.0,125.5,5807,3.8,29.8,30.0,1,23.0,122.7,5679,103.5,2.0,4.18,1,2,2,98.4,97.8,0,0,0,0.0,0.0,0.0,0.0,0.0,0.0,1.0,0,0,0,0,0,0,0,0.0,0.0,73.064,23.5,57.6,1013.2
2026-09-14T22:08:42,342.6,1,Ronda 1,1,Limpieza Electrolítica (T1),239,240,0.0,OFF,85.0,84.2,85.0,1,32.0,111.1,5143,144.0,84.1,85.0,1,34.0,108.7,5030,153.0,24.8,25.0,1,22.0,124.1,5743,4.0,29.8,30.0,1,23.0,122.7,5679,103.5,1.98,4.17,1,2,2,98.4,97.8,0,0,0,0.0,0.0,0.0,0.0,0.0,0.0,1.0,0,0,0,0,0,0,0,0.0,0.0,73.177,23.6,57.6,1013.2
2026-09-14T22:08:43,343.6,1,Ronda 1,1,Limpieza Electrolítica (T1),239,240,0.0,OFF,85.0,84.2,85.0,1,32.0,111.1,5143,144.0,84.1,85.0,1,34.0,108.7,5030,153.0,24.9,25.0,1,22.0,124.1,5743,4.0,30.0,30.0,1,19.0,128.3,5940,85.5,2.01,4.19,1,2,2,98.4,97.8,0,0,0,0.0,0.0,0.0,0.0,0.0,0.0,1.0,0,0,0,0,0,0,0,0.0,0.0,73.284,23.4,57.8,1013.2
2026-09-14T22:08:44,344.6,1,Ronda 1,1,Limpieza Electrolítica (T1),239,240,0.0,OFF,85.0,84.0,85.0,1,34.0,108.7,5030,153.0,84.1,85.0,1,33.0,109.9,5086,148.5,25.1,25.0,1,19.0,128.3,5940,3.4,30.0,30.0,1,19.0,128.3,5940,85.5,2.01,4.22,1,2,2,98.4,97.8,0,0,0,0.0,0.0,0.0,0.0,0.0,0.0,1.0,0,0,0,0,0,0,0,0.0,0.0,73.393,23.6,58.1,1013.2
2026-09-14T22:08:45,345.6,1,Ronda 1,1,Limpieza Electrolítica (T1),239,240,0.0,OFF,85.0,84.2,85.0,1,32.0,111.1,5143,144.0,84.1,85.0,1,33.0,109.9,5086,148.5,24.9,25.0,1,21.0,125.5,5807,3.8,30.0,30.0,1,20.0,126.9,5873,90.0,1.98,4.22,1,2,2,98.4,97.8,0,0,0,0.0,0.0,0.0,0.0,0.0,0.0,1.0,0,0,0,0,0,0,0,0.0,0.0,73.5,23.6,58.0,1013.2
2026-09-14T22:08:46,346.6,1,Ronda 1,1,Limpieza Electrolítica (T1),239,240,0.0,OFF,85.0,84.1,85.0,1,32.0,111.1,5143,144.0,84.3,85.0,1,29.0,114.8,5316,130.5,25.1,25.0,1,17.0,131.3,6078,3.1,29.9,30.0,1,21.0,125.5,5807,94.5,1.99,4.2,1,2,2,98.4,97.8,0,0,0,0.0,0.0,0.0,0.0,0.0,0.0,1.0,0,0,0,0,0,0,0,0.0,0.0,73.603,23.3,58.3,1013.2
2026-09-14T22:08:47,347.6,1,Ronda 1,1,Limpieza Electrolítica (T1),239,240,0.0,OFF,85.0,84.3,85.0,1,30.0,113.6,5258,135.0,84.3,85.0,1,30.0,113.6,5258,135.0,24.9,25.0,1,20.0,126.9,5873,3.6,29.9,30.0,1,21.0,125.5,5807,94.5,2.0,4.17,1,2,2,98.4,97.8,0,0,0,0.0,0.0,0.0,0.0,0.0,0.0,1.0,0,0,0,0,0,0,0,0.0,0.0,73.706,23.4,58.1,1013.2
2026-09-14T22:08:48,348.6,1,Ronda 1,1,Limpieza Electrolítica (T1),239,240,0.0,OFF,85.0,84.3,85.0,1,30.0,113.6,5258,135.0,84.1,85.0,1,33.0,109.9,5086,148.5,25.1,25.0,1,19.0,128.3,5940,3.4,29.8,30.0,1,22.0,124.1,5743,99.0,2.03,4.21,1,2,2,98.4,97.8,0,0,0,0.0,0.0,0.0,0.0,0.0,0.0,1.0,0,0,0,0,0,0,0,0.0,0.0,73.813,23.7,58.1,1013.2
2026-09-14T22:08:49,349.6,1,Ronda 1,1,Limpieza Electrolítica (T1),239,240,0.0,OFF,85.0,84.3,85.0,1,29.0,114.8,5316,130.5,84.2,85.0,1,31.0,112.3,5200,139.5,25.0,25.0,1,19.0,128.3,5940,3.4,29.8,30.0,1,23.0,122.7,5679,103.5,2.02,4.22,1,2,2,98.4,97.8,0,0,0,0.0,0.0,0.0,0.0,0.0,0.0,1.0,0,0,0,0,0,0,0,0.0,0.0,73.918,23.6,58.1,1013.2
2026-09-14T22:08:50,350.6,1,Ronda 1,1,Limpieza Electrolítica (T1),239,240,0.0,OFF,85.0,84.4,85.0,1,29.0,114.8,5316,130.5,84.2,85.0,1,31.0,112.3,5200,139.5,25.1,25.0,1,19.0,128.3,5940,3.4,30.0,30.0,1,20.0,126.9,5873,90.0,2.03,4.22,1,2,2,98.4,97.8,0,0,0,0.0,0.0,0.0,0.0,0.0,0.0,1.0,0,0,0,0,0,0,0,0.0,0.0,74.019,23.5,57.7,1013.2
2026-09-14T22:08:51,351.6,1,Ronda 1,1,Limpieza Electrolítica (T1),239,240,0.0,OFF,85.0,84.3,85.0,1,30.0,113.6,5258,135.0,84.3,85.0,1,30.0,113.6,5258,135.0,24.9,25.0,1,21.0,125.5,5807,3.8,29.9,30.0,1,20.0,126.9,5873,90.0,1.97,4.19,1,2,2,98.4,97.8,0,0,0,0.0,0.0,0.0,0.0,0.0,0.0,1.0,0,0,0,0,0,0,0,0.0,0.0,74.12,23.4,57.9,1013.2
2026-09-14T22:08:52,352.6,1,Ronda 1,1,Limpieza Electrolítica (T1),239,240,0.0,OFF,85.0,84.1,85.0,1,33.0,109.9,5086,148.5,84.4,85.0,1,29.0,114.8,5316,130.5,25.0,25.0,1,19.0,128.3,5940,3.4,30.1,30.0,1,19.0,128.3,5940,85.5,2.0,4.19,1,2,2,98.4,97.8,0,0,0,0.0,0.0,0.0,0.0,0.0,0.0,1.0,0,0,0,0,0,0,0,0.0,0.0,74.222,23.7,57.7,1013.2
2026-09-14T22:08:53,353.6,1,Ronda 1,1,Limpieza Electrolítica (T1),239,240,0.0,OFF,85.0,84.3,85.0,1,29.0,114.8,5316,130.5,84.3,85.0,1,29.0,114.8,5316,130.5,24.9,25.0,1,21.0,125.5,5807,3.8,29.8,30.0,1,22.0,124.1,5743,99.0,1.99,4.2,1,2,2,98.4,97.8,0,0,0,0.0,0.0,0.0,0.0,0.0,0.0,1.0,0,0,0,0,0,0,0,0.0,0.0,74.323,23.3,58.3,1013.2
2026-09-14T22:08:54,354.6,1,Ronda 1,1,Limpieza Electrolítica (T1),239,240,0.0,OFF,85.0,84.4,85.0,1,28.0,116.1,5374,126.0,84.2,85.0,1,32.0,111.1,5143,144.0,24.9,25.0,1,21.0,125.5,5807,3.8,29.9,30.0,1,22.0,124.1,5743,99.0,2.03,4.19,1,2,2,98.4,97.8,0,0,0,0.0,0.0,0.0,0.0,0.0,0.0,1.0,0,0,0,0,0,0,0,0.0,0.0,74.427,23.4,58.5,1013.2
2026-09-14T22:08:55,355.6,1,Ronda 1,1,Limpieza Electrolítica (T1),239,240,0.0,OFF,85.0,84.4,85.0,1,29.0,114.8,5316,130.5,84.2,85.0,1,32.0,111.1,5143,144.0,24.9,25.0,1,21.0,125.5,5807,3.8,30.0,30.0,1,19.0,128.3,5940,85.5,2.04,4.2,1,2,2,98.4,97.8,0,0,0,0.0,0.0,0.0,0.0,0.0,0.0,1.0,0,0,0,0,0,0,0,0.0,0.0,74.528,23.5,58.5,1013.2
2026-09-14T22:08:56,356.6,1,Ronda 1,1,Limpieza Electrolítica (T1),239,240,0.0,OFF,85.0,84.2,85.0,1,31.0,112.3,5200,139.5,84.4,85.0,1,28.0,116.1,5374,126.0,25.1,25.0,1,19.0,128.3,5940,3.4,29.9,30.0,1,21.0,125.5,5807,94.5,2.0,4.21,1,2,2,98.4,97.8,0,0,0,0.0,0.0,0.0,0.0,0.0,0.0,1.0,0,0,0,0,0,0,0,0.0,0.0,74.629,23.5,58.4,1013.2
2026-09-14T22:08:57,357.7,1,Ronda 1,1,Limpieza Electrolítica (T1),239,240,0.0,OFF,85.0,84.3,85.0,1,31.0,112.3,5200,139.5,84.3,85.0,1,30.0,113.6,5258,135.0,25.1,25.0,1,18.0,129.8,6008,3.2,29.9,30.0,1,20.0,126.9,5873,90.0,1.98,4.2,1,2,2,98.4,97.8,0,0,0,0.0,0.0,0.0,0.0,0.0,0.0,1.0,0,0,0,0,0,0,0,0.0,0.0,74.731,23.5,57.9,1013.2
2026-09-14T22:08:59,358.7,1,Ronda 1,1,Limpieza Electrolítica (T1),239,240,0.0,OFF,85.0,84.5,85.0,1,28.0,116.1,5374,126.0,84.3,85.0,1,30.0,113.6,5258,135.0,25.1,25.0,1,18.0,129.8,6008,3.2,30.0,30.0,1,20.0,126.9,5873,90.0,1.97,4.17,1,2,2,98.4,97.8,0,0,0,0.0,0.0,0.0,0.0,0.0,0.0,1.0,0,0,0,0,0,0,0,0.0,0.0,74.829,23.3,57.9,1013.2
2026-09-14T22:09:00,359.7,1,Ronda 1,1,Limpieza Electrolítica (T1),239,240,0.0,OFF,85.0,84.2,85.0,1,32.0,111.1,5143,144.0,84.3,85.0,1,31.0,112.3,5200,139.5,24.9,25.0,1,21.0,125.5,5807,3.8,29.9,30.0,1,20.0,126.9,5873,90.0,2.02,4.21,1,2,2,98.4,97.8,0,0,0,0.0,0.0,0.0,0.0,0.0,0.0,1.0,0,0,0,0,0,0,0,0.0,0.0,74.934,23.5,57.9,1013.2
2026-09-14T22:09:01,360.7,1,Ronda 1,1,Limpieza Electrolítica (T1),239,240,0.0,OFF,85.0,84.4,85.0,1,28.0,116.1,5374,126.0,84.3,85.0,1,30.0,113.6,5258,135.0,25.0,25.0,1,19.0,128.3,5940,3.4,30.0,30.0,1,20.0,126.9,5873,90.0,2.02,4.18,1,2,2,98.4,97.8,0,0,0,0.0,0.0,0.0,0.0,0.0,0.0,1.0,0,0,0,0,0,0,0,0.0,0.0,75.033,23.5,58.0,1013.2
2026-09-14T22:09:02,361.7,1,Ronda 1,1,Limpieza Electrolítica (T1),239,240,0.0,OFF,85.0,84.3,85.0,1,30.0,113.6,5258,135.0,84.2,85.0,1,31.0,112.3,5200,139.5,25.1,25.0,1,18.0,129.8,6008,3.2,30.0,30.0,1,20.0,126.9,5873,90.0,2.03,4.19,1,2,2,98.4,97.8,0,0,0,0.0,0.0,0.0,0.0,0.0,0.0,1.0,0,0,0,0,0,0,0,0.0,0.0,75.135,23.5,58.2,1013.2
2026-09-14T22:09:03,362.7,1,Ronda 1,1,Limpieza Electrolítica (T1),239,240,0.0,OFF,85.0,84.3,85.0,1,30.0,113.6,5258,135.0,84.4,85.0,1,28.0,116.1,5374,126.0,25.0,25.0,1,19.0,128.3,5940,3.4,29.9,30.0,1,21.0,125.5,5807,94.5,2.02,4.2,1,2,2,98.4,97.8,0,0,0,0.0,0.0,0.0,0.0,0.0,0.0,1.0,0,0,0,0,0,0,0,0.0,0.0,75.235,23.5,57.8,1013.2
2026-09-14T22:09:04,363.7,1,Ronda 1,1,Limpieza Electrolítica (T1),239,240,0.0,OFF,85.0,84.3,85.0,1,31.0,112.3,5200,139.5,84.4,85.0,1,28.0,116.1,5374,126.0,24.9,25.0,1,21.0,125.5,5807,3.8,29.8,30.0,1,22.0,124.1,5743,99.0,1.99,4.18,1,2,2,98.4,97.8,0,0,0,0.0,0.0,0.0,0.0,0.0,0.0,1.0,0,0,0,0,0,0,0,0.0,0.0,75.337,23.6,57.9,1013.2
2026-09-14T22:09:05,364.7,1,Ronda 1,1,Limpieza Electrolítica (T1),239,240,0.0,OFF,85.0,84.5,85.0,1,27.0,117.4,5434,121.5,84.5,85.0,1,28.0,116.1,5374,126.0,25.1,25.0,1,18.0,129.8,6008,3.2,30.1,30.0,1,18.0,129.8,6008,81.0,1.97,4.21,1,2,2,98.4,97.8,0,0,0,0.0,0.0,0.0,0.0,0.0,0.0,1.0,0,0,0,0,0,0,0,0.0,0.0,75.429,23.4,57.9,1013.2
2026-09-14T22:09:06,365.7,1,Ronda 1,1,Limpieza Electrolítica (T1),239,240,0.0,OFF,85.0,84.3,85.0,1,31.0,112.3,5200,139.5,84.3,85.0,1,30.0,113.6,5258,135.0,25.1,25.0,1,18.0,129.8,6008,3.2,30.0,30.0,1,20.0,126.9,5873,90.0,1.98,4.21,1,2,2,98.4,97.8,0,0,0,0.0,0.0,0.0,0.0,0.0,0.0,1.0,0,0,0,0,0,0,0,0.0,0.0,75.531,23.3,58.4,1013.2
2026-09-14T22:09:07,366.7,1,Ronda 1,1,Limpieza Electrolítica (T1),239,240,0.0,OFF,85.0,84.4,85.0,1,28.0,116.1,5374,126.0,84.4,85.0,1,28.0,116.1,5374,126.0,25.0,25.0,1,19.0,128.3,5940,3.4,29.8,30.0,1,22.0,124.1,5743,99.0,1.97,4.17,1,2,2,98.4,97.8,0,0,0,0.0,0.0,0.0,0.0,0.0,0.0,1.0,0,0,0,0,0,0,0,0.0,0.0,75.63,23.6,58.5,1013.2
2026-09-14T22:09:08,367.7,1,Ronda 1,1,Limpieza Electrolítica (T1),239,240,0.0,OFF,85.0,84.5,85.0,1,27.0,117.4,5434,121.5,84.5,85.0,1,27.0,117.4,5434,121.5,25.0,25.0,1,19.0,128.3,5940,3.4,30.0,30.0,1,19.0,128.3,5940,85.5,1.97,4.18,1,2,2,98.4,97.8,0,0,0,0.0,0.0,0.0,0.0,0.0,0.0,1.0,0,0,0,0,0,0,0,0.0,0.0,75.722,23.6,58.2,1013.2
2026-09-14T22:09:09,368.7,1,Ronda 1,1,Limpieza Electrolítica (T1),239,240,0.0,OFF,85.0,84.3,85.0,1,30.0,113.6,5258,135.0,84.5,85.0,1,27.0,117.4,5434,121.5,24.8,25.0,1,22.0,124.1,5743,4.0,29.8,30.0,1,23.0,122.7,5679,103.5,2.0,4.23,1,2,2,98.4,97.8,0,0,0,0.0,0.0,0.0,0.0,0.0,0.0,1.0,0,0,0,0,0,0,0,0.0,0.0,75.823,23.4,58.3,1013.2
2026-09-14T22:09:10,369.7,1,Ronda 1,1,Limpieza Electrolítica (T1),239,240,0.0,OFF,85.0,84.3,85.0,1,30.0,113.6,5258,135.0,84.3,85.0,1,31.0,112.3,5200,139.5,25.0,25.0,1,20.0,126.9,5873,3.6,30.0,30.0,1,20.0,126.9,5873,90.0,1.97,4.2,1,2,2,98.4,97.8,0,0,0,0.0,0.0,0.0,0.0,0.0,0.0,1.0,0,0,0,0,0,0,0,0.0,0.0,75.926,23.6,57.7,1013.2
2026-09-14T22:09:11,370.7,1,Ronda 1,1,Limpieza Electrolítica (T1),239,240,0.0,OFF,85.0,84.5,85.0,1,27.0,117.4,5434,121.5,84.3,85.0,1,30.0,113.6,5258,135.0,25.0,25.0,1,20.0,126.9,5873,3.6,29.9,30.0,1,21.0,125.5,5807,94.5,2.02,4.21,1,2,2,98.4,97.8,0,0,0,0.0,0.0,0.0,0.0,0.0,0.0,1.0,0,0,0,0,0,0,0,0.0,0.0,76.024,23.5,58.0,1013.2
2026-09-14T22:09:12,371.7,1,Ronda 1,1,Limpieza Electrolítica (T1),239,240,0.0,OFF,85.0,84.3,85.0,1,30.0,113.6,5258,135.0,84.5,85.0,1,28.0,116.1,5374,126.0,25.0,25.0,1,20.0,126.9,5873,3.6,30.0,30.0,1,20.0,126.9,5873,90.0,1.97,4.19,1,2,2,98.4,97.8,0,0,0,0.0,0.0,0.0,0.0,0.0,0.0,1.0,0,0,0,0,0,0,0,0.0,0.0,76.123,23.7,57.8,1013.2
2026-09-14T22:09:13,372.7,1,Ronda 1,1,Limpieza Electrolítica (T1),239,240,0.0,OFF,85.0,84.3,85.0,1,30.0,113.6,5258,135.0,84.4,85.0,1,28.0,116.1,5374,126.0,25.1,25.0,1,19.0,128.3,5940,3.4,30.1,30.0,1,19.0,128.3,5940,85.5,2.03,4.17,1,2,2,98.4,97.8,0,0,0,0.0,0.0,0.0,0.0,0.0,0.0,1.0,0,0,0,0,0,0,0,0.0,0.0,76.22,23.6,57.6,1013.2
2026-09-14T22:09:14,373.7,1,Ronda 1,1,Limpieza Electrolítica (T1),239,240,0.0,OFF,85.0,84.5,85.0,1,27.0,117.4,5434,121.5,84.4,85.0,1,28.0,116.1,5374,126.0,25.0,25.0,1,20.0,126.9,5873,3.6,29.9,30.0,1,21.0,125.5,5807,94.5,2.01,4.23,1,2,2,98.4,97.8,0,0,0,0.0,0.0,0.0,0.0,0.0,0.0,1.0,0,0,0,0,0,0,0,0.0,0.0,76.316,23.3,58.1,1013.2
2026-09-14T22:09:15,374.7,1,Ronda 1,1,Limpieza Electrolítica (T1),239,240,0.0,OFF,85.0,84.6,85.0,1,26.0,118.7,5494,117.0,84.6,85.0,1,26.0,118.7,5494,117.0,25.0,25.0,1,20.0,126.9,5873,3.6,29.8,30.0,1,22.0,124.1,5743,99.0,2.01,4.18,1,2,2,98.4,97.8,0,0,0,0.0,0.0,0.0,0.0,0.0,0.0,1.0,0,0,0,0,0,0,0,0.0,0.0,76.409,23.5,58.3,1013.2
2026-09-14T22:09:16,375.7,1,Ronda 1,1,Limpieza Electrolítica (T1),239,240,0.0,OFF,85.0,84.5,85.0,1,26.0,118.7,5494,117.0,84.5,85.0,1,27.0,117.4,5434,121.5,25.0,25.0,1,20.0,126.9,5873,3.6,30.1,30.0,1,18.0,129.8,6008,81.0,2.0,4.22,1,2,2,98.4,97.8,0,0,0,0.0,0.0,0.0,0.0,0.0,0.0,1.0,0,0,0,0,0,0,0,0.0,0.0,76.499,23.5,58.2,1013.2
2026-09-14T22:09:17,376.7,1,Ronda 1,1,Limpieza Electrolítica (T1),239,240,0.0,OFF,85.0,84.4,85.0,1,28.0,116.1,5374,126.0,84.4,85.0,1,29.0,114.8,5316,130.5,24.9,25.0,1,21.0,125.5,5807,3.8,29.8,30.0,1,23.0,122.7,5679,103.5,2.03,4.18,1,2,2,98.4,97.8,0,0,0,0.0,0.0,0.0,0.0,0.0,0.0,1.0,0,0,0,0,0,0,0,0.0,0.0,76.6,23.7,57.9,1013.2
2026-09-14T22:09:18,377.7,1,Ronda 1,1,Limpieza Electrolítica (T1),239,240,0.0,OFF,85.0,84.4,85.0,1,29.0,114.8,5316,130.5,84.5,85.0,1,26.0,118.7,5494,117.0,25.1,25.0,1,19.0,128.3,5940,3.4,29.8,30.0,1,22.0,124.1,5743,99.0,2.02,4.21,1,2,2,98.4,97.8,0,0,0,0.0,0.0,0.0,0.0,0.0,0.0,1.0,0,0,0,0,0,0,0,0.0,0.0,76.698,23.6,57.6,1013.2
2026-09-14T22:09:19,378.7,1,Ronda 1,1,Limpieza Electrolítica (T1),239,240,0.0,OFF,85.0,84.6,85.0,1,26.0,118.7,5494,117.0,84.5,85.0,1,27.0,117.4,5434,121.5,25.0,25.0,1,20.0,126.9,5873,3.6,30.0,30.0,1,19.0,128.3,5940,85.5,1.98,4.2,1,2,2,98.4,97.8,0,0,0,0.0,0.0,0.0,0.0,0.0,0.0,1.0,0,0,0,0,0,0,0,0.0,0.0,76.789,23.4,58.5,1013.2
2026-09-14T22:09:20,379.7,1,Ronda 1,1,Limpieza Electrolítica (T1),239,240,0.0,OFF,85.0,84.3,85.0,1,29.0,114.8,5316,130.5,84.3,85.0,1,29.0,114.8,5316,130.5,24.9,25.0,1,21.0,125.5,5807,3.8,30.1,30.0,1,18.0,129.8,6008,81.0,1.99,4.2,1,2,2,98.4,97.8,0,0,0,0.0,0.0,0.0,0.0,0.0,0.0,1.0,0,0,0,0,0,0,0,0.0,0.0,76.885,23.4,58.1,1013.2
2026-09-14T22:09:21,380.7,1,Ronda 1,1,Limpieza Electrolítica (T1),239,240,0.0,OFF,85.0,84.3,85.0,1,29.0,114.8,5316,130.5,84.6,85.0,1,25.0,120.0,5555,112.5,24.9,25.0,1,22.0,124.1,5743,4.0,29.9,30.0,1,21.0,125.5,5807,94.5,2.03,4.22,1,2,2,98.4,97.8,0,0,0,0.0,0.0,0.0,0.0,0.0,0.0,1.0,0,0,0,0,0,0,0,0.0,0.0,76.98,23.6,58.4,1013.2
2026-09-14T22:09:22,381.7,1,Ronda 1,1,Limpieza Electrolítica (T1),239,240,0.0,OFF,85.0,84.6,85.0,1,26.0,118.7,5494,117.0,84.5,85.0,1,27.0,117.4,5434,121.5,25.0,25.0,1,19.0,128.3,5940,3.4,29.8,30.0,1,22.0,124.1,5743,99.0,1.99,4.19,1,2,2,98.4,97.8,0,0,0,0.0,0.0,0.0,0.0,0.0,0.0,1.0,0,0,0,0,0,0,0,0.0,0.0,77.074,23.4,57.6,1013.2
2026-09-14T22:09:23,382.7,1,Ronda 1,1,Limpieza Electrolítica (T1),239,240,0.0,OFF,85.0,84.6,85.0,1,25.0,120.0,5555,112.5,84.4,85.0,1,29.0,114.8,5316,130.5,24.9,25.0,1,20.0,126.9,5873,3.6,29.9,30.0,1,21.0,125.5,5807,94.5,1.99,4.2,1,2,2,98.4,97.8,0,0,0,0.0,0.0,0.0,0.0,0.0,0.0,1.0,0,0,0,0,0,0,0,0.0,0.0,77.169,23.6,58.2,1013.2
2026-09-14T22:09:24,383.7,1,Ronda 1,1,Limpieza Electrolítica (T1),239,240,0.0,OFF,85.0,84.4,85.0,1,29.0,114.8,5316,130.5,84.6,85.0,1,25.0,120.0,5555,112.5,24.9,25.0,1,21.0,125.5,5807,3.8,29.8,30.0,1,22.0,124.1,5743,99.0,2.0,4.21,1,2,2,98.4,97.8,0,0,0,0.0,0.0,0.0,0.0,0.0,0.0,1.0,0,0,0,0,0,0,0,0.0,0.0,77.265,23.5,57.6,1013.2
2026-09-14T22:09:25,384.7,1,Ronda 1,1,Limpieza Electrolítica (T1),239,240,0.0,OFF,85.0,84.6,85.0,1,26.0,118.7,5494,117.0,84.5,85.0,1,26.0,118.7,5494,117.0,25.1,25.0,1,18.0,129.8,6008,3.2,29.8,30.0,1,22.0,124.1,5743,99.0,2.02,4.18,1,2,2,98.4,97.8,0,0,0,0.0,0.0,0.0,0.0,0.0,0.0,1.0,0,0,0,0,0,0,0,0.0,0.0,77.359,23.3,58.3,1013.2
2026-09-14T22:09:26,385.7,1,Ronda 1,1,Limpieza Electrolítica (T1),239,240,0.0,OFF,85.0,84.6,85.0,1,25.0,120.0,5555,112.5,84.6,85.0,1,26.0,118.7,5494,117.0,24.9,25.0,1,21.0,125.5,5807,3.8,30.0,30.0,1,20.0,126.9,5873,90.0,1.97,4.19,1,2,2,98.4,97.8,0,0,0,0.0,0.0,0.0,0.0,0.0,0.0,1.0,0,0,0,0,0,0,0,0.0,0.0,77.449,23.3,58.0,1013.2
2026-09-14T22:09:27,386.7,1,Ronda 1,1,Limpieza Electrolítica (T1),239,240,0.0,OFF,85.0,84.5,85.0,1,27.0,117.4,5434,121.5,84.6,85.0,1,25.0,120.0,5555,112.5,25.1,25.0,1,17.0,131.3,6078,3.1,30.0,30.0,1,20.0,126.9,5873,90.0,2.04,4.23,1,2,2,98.4,97.8,0,0,0,0.0,0.0,0.0,0.0,0.0,0.0,1.0,0,0,0,0,0,0,0,0.0,0.0,77.54,23.7,57.8,1013.2
2026-09-14T22:09:28,387.7,1,Ronda 1,1,Limpieza Electrolítica (T1),239,240,0.0,OFF,85.0,84.5,85.0,1,27.0,117.4,5434,121.5,84.4,85.0,1,28.0,116.1,5374,126.0,25.0,25.0,1,19.0,128.3,5940,3.4,30.0,30.0,1,20.0,126.9,5873,90.0,2.02,4.19,1,2,2,98.4,97.8,0,0,0,0.0,0.0,0.0,0.0,0.0,0.0,1.0,0,0,0,0,0,0,0,0.0,0.0,77.634,23.4,58.1,1013.2
2026-09-14T22:09:29,388.7,1,Ronda 1,1,Limpieza Electrolítica (T1),239,240,0.0,OFF,85.0,84.5,85.0,1,27.0,117.4,5434,121.5,84.5,85.0,1,28.0,116.1,5374,126.0,25.1,25.0,1,19.0,128.3,5940,3.4,30.1,30.0,1,19.0,128.3,5940,85.5,1.99,4.17,1,2,2,98.4,97.8,0,0,0,0.0,0.0,0.0,0.0,0.0,0.0,1.0,0,0,0,0,0,0,0,0.0,0.0,77.728,23.4,57.5,1013.2
2026-09-14T22:09:30,389.7,1,Ronda 1,1,Limpieza Electrolítica (T1),239,240,0.0,OFF,85.0,84.5,85.0,1,27.0,117.4,5434,121.5,84.4,85.0,1,28.0,116.1,5374,126.0,25.0,25.0,1,20.0,126.9,5873,3.6,30.0,30.0,1,19.0,128.3,5940,85.5,2.04,4.17,1,2,2,98.4,97.8,0,0,0,0.0,0.0,0.0,0.0,0.0,0.0,1.0,0,0,0,0,0,0,0,0.0,0.0,77.821,23.5,57.9,1013.2
2026-09-14T22:09:31,390.7,1,Ronda 1,1,Limpieza Electrolítica (T1),239,240,0.0,OFF,85.0,84.5,85.0,1,27.0,117.4,5434,121.5,84.7,85.0,1,25.0,120.0,5555,112.5,25.1,25.0,1,18.0,129.8,6008,3.2,30.0,30.0,1,19.0,128.3,5940,85.5,2.0,4.17,1,2,2,98.4,97.8,0,0,0,0.0,0.0,0.0,0.0,0.0,0.0,1.0,0,0,0,0,0,0,0,0.0,0.0,77.911,23.6,57.8,1013.2
2026-09-14T22:09:32,391.7,1,Ronda 1,1,Limpieza Electrolítica (T1),239,240,0.0,OFF,85.0,84.6,85.0,1,26.0,118.7,5494,117.0,84.6,85.0,1,25.0,120.0,5555,112.5,25.1,25.0,1,19.0,128.3,5940,3.4,29.8,30.0,1,22.0,124.1,5743,99.0,1.98,4.2,1,2,2,98.4,97.8,0,0,0,0.0,0.0,0.0,0.0,0.0,0.0,1.0,0,0,0,0,0,0,0,0.0,0.0,78.003,23.6,58.2,1013.2
2026-09-14T22:09:33,392.7,1,Ronda 1,1,Limpieza Electrolítica (T1),239,240,0.0,OFF,85.0,84.7,85.0,1,24.0,121.3,5617,108.0,84.7,85.0,1,24.0,121.3,5617,108.0,25.1,25.0,1,18.0,129.8,6008,3.2,30.0,30.0,1,20.0,126.9,5873,90.0,2.01,4.23,1,2,2,98.4,97.8,0,0,0,0.0,0.0,0.0,0.0,0.0,0.0,1.0,0,0,0,0,0,0,0,0.0,0.0,78.089,23.6,57.5,1013.2
2026-09-14T22:09:34,393.7,1,Ronda 1,1,Limpieza Electrolítica (T1),239,240,0.0,OFF,85.0,84.6,85.0,1,25.0,120.0,5555,112.5,84.7,85.0,1,24.0,121.3,5617,108.0,25.0,25.0,1,19.0,128.3,5940,3.4,29.9,30.0,1,21.0,125.5,5807,94.5,2.04,4.2,1,2,2,98.4,97.8,0,0,0,0.0,0.0,0.0,0.0,0.0,0.0,1.0,0,0,0,0,0,0,0,0.0,0.0,78.178,23.4,58.0,1013.2
2026-09-14T22:09:35,394.7,1,Ronda 1,1,Limpieza Electrolítica (T1),239,240,0.0,OFF,85.0,84.6,85.0,1,25.0,120.0,5555,112.5,84.6,85.0,1,25.0,120.0,5555,112.5,25.0,25.0,1,19.0,128.3,5940,3.4,30.0,30.0,1,19.0,128.3,5940,85.5,2.03,4.21,1,2,2,98.4,97.8,0,0,0,0.0,0.0,0.0,0.0,0.0,0.0,1.0,0,0,0,0,0,0,0,0.0,0.0,78.265,23.4,58.0,1013.2
2026-09-14T22:09:36,395.7,1,Ronda 1,1,Limpieza Electrolítica (T1),239,240,0.0,OFF,85.0,84.4,85.0,1,28.0,116.1,5374,126.0,84.6,85.0,1,25.0,120.0,5555,112.5,25.0,25.0,1,20.0,126.9,5873,3.6,30.0,30.0,1,19.0,128.3,5940,85.5,2.02,4.18,1,2,2,98.4,97.8,0,0,0,0.0,0.0,0.0,0.0,0.0,0.0,1.0,0,0,0,0,0,0,0,0.0,0.0,78.356,23.6,58.4,1013.2
2026-09-14T22:09:37,396.7,1,Ronda 1,1,Limpieza Electrolítica (T1),239,240,0.0,OFF,85.0,84.5,85.0,1,27.0,117.4,5434,121.5,84.5,85.0,1,27.0,117.4,5434,121.5,25.1,25.0,1,18.0,129.8,6008,3.2,30.0,30.0,1,20.0,126.9,5873,90.0,2.01,4.21,1,2,2,98.4,97.8,0,0,0,0.0,0.0,0.0,0.0,0.0,0.0,1.0,0,0,0,0,0,0,0,0.0,0.0,78.449,23.7,57.8,1013.2
2026-09-14T22:09:38,397.7,1,Ronda 1,1,Limpieza Electrolítica (T1),239,240,0.0,OFF,85.0,84.6,85.0,1,26.0,118.7,5494,117.0,84.4,85.0,1,28.0,116.1,5374,126.0,25.1,25.0,1,18.0,129.8,6008,3.2,29.9,30.0,1,21.0,125.5,5807,94.5,1.99,4.23,1,2,2,98.4,97.8,0,0,0,0.0,0.0,0.0,0.0,0.0,0.0,1.0,0,0,0,0,0,0,0,0.0,0.0,78.544,23.5,58.0,1013.2
2026-09-14T22:09:39,398.7,1,Ronda 1,1,Limpieza Electrolítica (T1),239,240,0.0,OFF,85.0,84.5,85.0,1,27.0,117.4,5434,121.5,84.6,85.0,1,26.0,118.7,5494,117.0,25.1,25.0,1,17.0,131.3,6078,3.1,29.8,30.0,1,22.0,124.1,5743,99.0,2.03,4.17,1,2,2,98.4,97.8,0,0,0,0.0,0.0,0.0,0.0,0.0,0.0,1.0,0,0,0,0,0,0,0,0.0,0.0,78.639,23.6,58.4,1013.2
2026-09-14T22:09:40,399.7,1,Ronda 1,1,Limpieza Electrolítica (T1),239,240,0.0,OFF,85.0,84.5,85.0,1,26.0,118.7,5494,117.0,84.7,85.0,1,24.0,121.3,5617,108.0,25.0,25.0,1,20.0,126.9,5873,3.6,30.0,30.0,1,20.0,126.9,5873,90.0,2.02,4.2,1,2,2,98.4,97.8,0,0,0,0.0,0.0,0.0,0.0,0.0,0.0,1.0,0,0,0,0,0,0,0,0.0,0.0,78.727,23.6,57.9,1013.2
2026-09-14T22:09:41,400.7,1,Ronda 1,1,Limpieza Electrolítica (T1),239,240,0.0,OFF,85.0,84.6,85.0,1,26.0,118.7,5494,117.0,84.7,85.0,1,25.0,120.0,5555,112.5,25.0,25.0,1,20.0,126.9,5873,3.6,29.8,30.0,1,22.0,124.1,5743,99.0,1.98,4.17,1,2,2,98.4,97.8,0,0,0,0.0,0.0,0.0,0.0,0.0,0.0,1.0,0,0,0,0,0,0,0,0.0,0.0,78.82,23.4,57.8,1013.2
2026-09-14T22:09:42,401.7,1,Ronda 1,1,Limpieza Electrolítica (T1),239,240,0.0,OFF,85.0,84.7,85.0,1,24.0,121.3,5617,108.0,84.6,85.0,1,25.0,120.0,5555,112.5,24.9,25.0,1,20.0,126.9,5873,3.6,29.9,30.0,1,22.0,124.1,5743,99.0,2.0,4.22,1,2,2,98.4,97.8,0,0,0,0.0,0.0,0.0,0.0,0.0,0.0,1.0,0,0,0,0,0,0,0,0.0,0.0,78.909,23.5,57.5,1013.2
2026-09-14T22:09:43,402.7,1,Ronda 1,1,Limpieza Electrolítica (T1),239,240,0.0,OFF,85.0,84.5,85.0,1,27.0,117.4,5434,121.5,84.7,85.0,1,24.0,121.3,5617,108.0,25.0,25.0,1,20.0,126.9,5873,3.6,29.9,30.0,1,21.0,125.5,5807,94.5,1.99,4.21,1,2,2,98.4,97.8,0,0,0,0.0,0.0,0.0,0.0,0.0,0.0,1.0,0,0,0,0,0,0,0,0.0,0.0,79.0,23.5,57.9,1013.2
